gameId,playId,converted,possessionTeam,defensiveTeam,passResult,end_event,p_presnap,p_snap,p_end,time_to_end,min_rush_dist,delta,qb
2021090900,97,0,TB,DAL,I,pass_forward,0.5705,0.5201,0.4471,3.4,1.7851,-0.073,Tom Brady
2021090900,137,1,DAL,TB,C,pass_forward,0.1624,0.154,0.274,2.5,2.434,0.12,Dak Prescott
2021090900,187,0,DAL,TB,C,pass_forward,0.3387,0.3784,0.4748,2.2,4.2907,0.0965,Dak Prescott
2021090900,282,0,DAL,TB,I,pass_forward,0.3851,0.4638,0.4144,3.2,2.445,-0.0494,Dak Prescott
2021090900,349,0,DAL,TB,I,pass_forward,0.1668,0.0978,0.0982,2.6,1.3086,0.0003,Dak Prescott
2021090900,410,1,TB,DAL,C,pass_forward,0.4703,0.5509,0.4987,1.6,3.5072,-0.0523,Tom Brady
2021090900,434,0,TB,DAL,I,pass_forward,0.395,0.37,0.3581,1.7,4.2042,-0.0119,Tom Brady
2021090900,456,1,TB,DAL,C,pass_forward,0.4,0.2983,0.3612,2.5,1.9911,0.0628,Tom Brady
2021090900,480,1,TB,DAL,C,pass_forward,0.3378,0.2834,0.3674,3.4,2.5316,0.084,Tom Brady
2021090900,509,1,TB,DAL,C,pass_forward,0.3466,0.2401,0.5016,2.7,2.0637,0.2615,Tom Brady
2021090900,559,1,TB,DAL,C,pass_forward,0.4154,0.4149,0.4763,2.4,3.507,0.0614,Tom Brady
2021090900,583,1,TB,DAL,C,pass_forward,0.3854,0.4132,0.4469,2.0,4.0125,0.0337,Tom Brady
2021090900,687,1,DAL,TB,C,pass_forward,0.5289,0.6047,0.4807,2.2,1.7911,-0.124,Dak Prescott
2021090900,735,1,DAL,TB,C,pass_forward,0.5474,0.6914,0.738,3.9,2.7921,0.0466,Dak Prescott
2021090900,764,0,DAL,TB,C,pass_forward,0.373,0.3299,0.2106,2.5,2.4324,-0.1193,Dak Prescott
2021090900,788,1,DAL,TB,C,autoevent_passforward,0.5372,0.5634,0.5598,1.3,3.7472,-0.0035,Dak Prescott
2021090900,869,1,TB,DAL,C,pass_forward,0.475,0.4738,0.6401,2.6,2.3418,0.1663,Tom Brady
2021090900,925,0,TB,DAL,I,autoevent_passforward,0.5382,0.5172,0.2627,2.8,0.6836,-0.2545,Tom Brady
2021090900,947,0,TB,DAL,I,pass_forward,0.494,0.5026,0.5693,3.8,2.679,0.0667,Tom Brady
2021090900,1078,0,DAL,TB,C,pass_forward,0.2668,0.1873,0.3602,2.8,3.038,0.173,Dak Prescott
2021090900,1203,0,TB,DAL,C,pass_forward,0.4084,0.297,0.3904,2.4,3.4512,0.0933,Tom Brady
2021090900,1227,1,TB,DAL,C,pass_forward,0.6806,0.611,0.6334,1.6,3.67,0.0224,Tom Brady
2021090900,1267,1,TB,DAL,C,pass_forward,0.3719,0.4003,0.4933,3.1,2.6681,0.093,Tom Brady
2021090900,1312,1,TB,DAL,C,pass_forward,0.5567,0.7655,0.4871,2.9,2.6782,-0.2784,Tom Brady
2021090900,1368,1,DAL,TB,C,pass_forward,0.32,0.3963,0.4723,2.4,2.3182,0.076,Dak Prescott
2021090900,1425,0,DAL,TB,C,pass_forward,0.3115,0.3724,0.2189,5.6,2.5121,-0.1534,Dak Prescott
2021090900,1563,0,DAL,TB,C,pass_forward,0.3836,0.4663,0.4798,2.6,2.3478,0.0135,Dak Prescott
2021090900,1587,0,DAL,TB,I,pass_forward,0.4754,0.5513,0.4458,2.5,2.3915,-0.1055,Dak Prescott
2021090900,1687,0,DAL,TB,I,pass_forward,0.3025,0.3466,0.2743,3.2,1.8387,-0.0722,Dak Prescott
2021090900,1726,1,DAL,TB,C,pass_forward,0.2962,0.4371,0.486,2.2,2.2722,0.0489,Dak Prescott
2021090900,1776,1,DAL,TB,C,pass_forward,0.4897,0.4813,0.3702,2.8,2.3654,-0.1111,Dak Prescott
2021090900,1918,0,DAL,TB,I,pass_forward,0.4847,0.4905,0.5826,2.2,3.9405,0.0921,Dak Prescott
2021090900,1940,0,DAL,TB,I,pass_forward,0.4549,0.4338,0.5007,2.6,3.5604,0.0669,Dak Prescott
2021090900,2008,1,TB,DAL,C,pass_forward,0.3713,0.2581,0.2849,1.8,5.2164,0.0268,Tom Brady
2021090900,2032,1,TB,DAL,C,pass_forward,0.3316,0.2728,0.5154,3.5,1.6435,0.2426,Tom Brady
2021090900,2088,1,DAL,TB,C,pass_forward,0.336,0.2436,0.2505,2.0,1.9945,0.0069,Dak Prescott
2021090900,2169,0,DAL,TB,C,pass_forward,0.2575,0.2497,0.2487,2.1,2.4017,-0.001,Dak Prescott
2021090900,2211,0,DAL,TB,I,pass_forward,0.5781,0.5687,0.5695,3.2,1.8204,0.0008,Dak Prescott
2021090900,2233,1,DAL,TB,C,pass_forward,0.5625,0.5518,0.4009,2.6,1.4771,-0.1509,Dak Prescott
2021090900,2257,0,DAL,TB,I,pass_forward,0.2511,0.1934,0.1799,2.6,1.6945,-0.0135,Dak Prescott
2021090900,2279,0,DAL,TB,S,qb_sack,0.2534,0.2661,0.0644,5.3,0.6357,-0.2017,Dak Prescott
2021090900,2330,0,DAL,TB,R,run,0.1143,0.0214,0.0142,6.0,1.0435,-0.0073,Dak Prescott
2021090900,2397,0,TB,DAL,I,pass_forward,0.281,0.233,0.3202,4.1,3.438,0.0872,Tom Brady
2021090900,2419,0,TB,DAL,I,pass_forward,0.296,0.2591,0.2237,2.0,2.284,-0.0354,Tom Brady
2021090900,2441,0,TB,DAL,IN,pass_forward,0.289,0.3217,0.4373,4.8,2.8096,0.1156,Tom Brady
2021090900,2530,0,DAL,TB,C,pass_forward,0.3506,0.308,0.3328,2.4,4.6596,0.0248,Dak Prescott
2021090900,2554,1,DAL,TB,C,pass_forward,0.4783,0.4317,0.3542,2.2,1.6867,-0.0775,Dak Prescott
2021090900,2632,1,DAL,TB,C,pass_forward,0.5567,0.623,0.5418,2.9,1.6801,-0.0812,Dak Prescott
2021090900,2656,0,DAL,TB,I,pass_forward,0.315,0.2416,0.334,1.8,3.6601,0.0925,Dak Prescott
2021090900,2735,1,DAL,TB,C,pass_forward,0.5344,0.5909,0.475,2.0,1.6716,-0.1159,Dak Prescott
2021090900,2780,0,DAL,TB,C,pass_forward,0.3153,0.3647,0.3272,3.5,2.4708,-0.0375,Dak Prescott
2021090900,2871,0,TB,DAL,I,pass_forward,0.323,0.2784,0.3368,2.7,2.4107,0.0584,Tom Brady
2021090900,2893,0,TB,DAL,I,pass_forward,0.3323,0.2834,0.2635,1.8,3.2334,-0.0199,Tom Brady
2021090900,2915,0,TB,DAL,I,pass_forward,0.3102,0.3422,0.4242,3.1,1.4509,0.082,Tom Brady
2021090900,3014,0,DAL,TB,IN,pass_forward,0.3827,0.3758,0.39,3.5,2.0363,0.0142,Dak Prescott
2021090900,3062,1,TB,DAL,C,pass_forward,0.3297,0.3213,0.3487,2.6,2.1568,0.0274,Tom Brady
2021090900,3110,0,TB,DAL,C,pass_forward,0.3445,0.3413,0.3891,2.2,3.4941,0.0478,Tom Brady
2021090900,3134,1,TB,DAL,C,pass_forward,0.4552,0.4563,0.3372,2.0,2.5403,-0.1191,Tom Brady
2021090900,3216,0,DAL,TB,C,pass_forward,0.2339,0.3507,0.392,2.2,3.3825,0.0412,Dak Prescott
2021090900,3261,1,DAL,TB,C,pass_forward,0.286,0.2986,0.2721,1.9,3.1523,-0.0265,Dak Prescott
2021090900,3306,0,DAL,TB,C,pass_forward,0.3184,0.3734,0.2641,1.9,2.11,-0.1093,Dak Prescott
2021090900,3330,1,DAL,TB,C,pass_forward,0.7103,0.7565,0.7856,3.7,2.1,0.0291,Dak Prescott
2021090900,3364,0,DAL,TB,R,pass_forward,0.29,0.3388,0.1461,2.5,1.1113,-0.1928,Dak Prescott
2021090900,3406,1,DAL,TB,C,pass_forward,0.5163,0.5384,0.4218,2.7,2.2636,-0.1166,Dak Prescott
2021090900,3462,1,TB,DAL,C,pass_forward,0.3378,0.3063,0.2934,1.5,4.9844,-0.0129,Tom Brady
2021090900,3588,1,TB,DAL,C,pass_forward,0.6527,0.5667,0.6563,2.0,5.2475,0.0896,Tom Brady
2021090900,3633,0,TB,DAL,I,pass_forward,0.3455,0.302,0.5027,2.9,3.4591,0.2008,Tom Brady
2021090900,3655,0,TB,DAL,I,pass_forward,0.3345,0.3625,0.3558,2.5,1.8404,-0.0067,Tom Brady
2021090900,3724,0,DAL,TB,I,pass_forward,0.2651,0.2146,0.1478,3.0,1.1944,-0.0668,Dak Prescott
2021090900,3746,0,DAL,TB,I,pass_forward,0.2515,0.3405,0.3007,3.1,1.5564,-0.0398,Dak Prescott
2021090900,3793,0,TB,DAL,C,pass_forward,0.364,0.2866,0.313,3.3,2.2832,0.0265,Tom Brady
2021090900,3862,1,TB,DAL,C,pass_forward,0.6447,0.6112,0.6857,3.6,1.8433,0.0745,Tom Brady
2021090900,3909,0,TB,DAL,C,pass_forward,0.1852,0.1038,0.0909,2.2,3.9261,-0.013,Tom Brady
2021090900,3933,1,TB,DAL,C,pass_forward,0.43,0.4715,0.5212,2.2,2.401,0.0497,Tom Brady
2021090900,3962,0,TB,DAL,C,pass_forward,0.3243,0.4141,0.2145,3.4,2.6401,-0.1995,Tom Brady
2021090900,4094,0,DAL,TB,C,pass_forward,0.4717,0.4177,0.3984,2.1,3.5891,-0.0193,Dak Prescott
2021090900,4141,1,DAL,TB,C,pass_forward,0.6585,0.66,0.7486,2.2,4.8389,0.0886,Dak Prescott
2021090900,4189,0,DAL,TB,I,pass_forward,0.3084,0.2772,0.1953,3.2,1.12,-0.0819,Dak Prescott
2021090900,4246,0,DAL,TB,C,pass_forward,0.0799,0.0428,0.0684,2.5,2.77,0.0257,Dak Prescott
2021090900,4287,1,DAL,TB,C,pass_forward,0.229,0.2924,0.1722,2.5,1.0816,-0.1201,Dak Prescott
2021090900,4428,0,DAL,TB,C,pass_forward,0.1271,0.061,0.1318,2.6,2.1476,0.0708,Dak Prescott
2021090900,4538,0,TB,DAL,I,pass_forward,0.6038,0.5239,0.2301,3.0,1.1879,-0.2938,Tom Brady
2021090900,4560,1,TB,DAL,C,pass_forward,0.5771,0.5138,0.4627,2.6,1.6851,-0.0511,Tom Brady
2021090900,4624,0,TB,DAL,C,pass_forward,0.1424,0.1078,0.1145,2.9,1.5282,0.0067,Tom Brady
2021090900,4653,1,TB,DAL,C,pass_forward,0.4384,0.3682,0.4812,2.3,3.4386,0.113,Tom Brady
2021090900,4677,0,TB,DAL,I,pass_forward,0.3557,0.2893,0.3661,2.8,2.8826,0.0768,Tom Brady
2021090900,4699,1,TB,DAL,C,pass_forward,0.3583,0.3124,0.3491,2.7,4.1581,0.0367,Tom Brady
2021090900,4728,0,TB,DAL,I,pass_forward,0.1583,0.1781,0.1495,2.0,1.811,-0.0286,Tom Brady
2021090900,4750,0,TB,DAL,I,pass_forward,0.1615,0.2192,0.2039,2.4,3.4351,-0.0153,Tom Brady
2021090900,4772,0,TB,DAL,I,pass_forward,0.1627,0.1628,0.1502,1.8,3.1693,-0.0126,Tom Brady
2021091200,56,1,ATL,PHI,C,pass_forward,0.2742,0.4428,0.4662,2.7,2.2528,0.0235,Matt Ryan
2021091200,122,0,ATL,PHI,C,pass_forward,0.4799,0.4611,0.3508,3.0,2.5255,-0.1103,Matt Ryan
2021091200,146,1,ATL,PHI,C,pass_forward,0.4095,0.4161,0.4861,1.9,3.1568,0.07,Matt Ryan
2021091200,176,0,ATL,PHI,I,pass_forward,0.2797,0.2819,0.2877,3.0,2.612,0.0058,Matt Ryan
2021091200,231,1,ATL,PHI,C,pass_forward,0.4419,0.4109,0.2756,2.1,1.7707,-0.1353,Matt Ryan
2021091200,303,1,ATL,PHI,C,pass_forward,0.3872,0.4464,0.4376,2.8,2.2235,-0.0088,Matt Ryan
2021091200,348,0,ATL,PHI,I,pass_forward,0.6047,0.4378,0.3783,3.2,1.9284,-0.0595,Matt Ryan
2021091200,370,0,ATL,PHI,I,pass_forward,0.6257,0.3889,0.3286,2.1,2.2706,-0.0603,Matt Ryan
2021091200,605,1,PHI,ATL,C,pass_forward,0.5517,0.6013,0.5167,2.2,2.048,-0.0845,Jalen Hurts
2021091200,705,0,ATL,PHI,C,pass_forward,0.339,0.2829,0.1401,2.3,1.7253,-0.1428,Matt Ryan
2021091200,750,0,ATL,PHI,C,pass_forward,0.3206,0.36,0.4713,2.7,2.3801,0.1113,Matt Ryan
2021091200,821,0,ATL,PHI,I,pass_forward,0.3133,0.339,0.3046,1.9,3.3669,-0.0344,Matt Ryan
2021091200,843,0,ATL,PHI,R,run,0.3107,0.3208,0.4193,5.2,1.0346,0.0985,Matt Ryan
2021091200,864,1,ATL,PHI,C,pass_forward,0.8102,0.6878,0.4576,2.4,2.4595,-0.2302,Matt Ryan
2021091200,1023,0,ATL,PHI,I,pass_forward,0.2017,0.1161,0.097,1.8,2.4425,-0.0191,Matt Ryan
2021091200,1085,0,ATL,PHI,I,pass_forward,0.2418,0.2429,0.1151,3.6,0.9901,-0.1278,Matt Ryan
2021091200,1153,1,PHI,ATL,C,pass_forward,0.3062,0.3627,0.3772,4.2,2.4303,0.0145,Jalen Hurts
2021091200,1182,1,PHI,ATL,C,pass_forward,0.3086,0.3126,0.4639,3.7,3.0127,0.1513,Jalen Hurts
2021091200,1206,0,PHI,ATL,I,pass_forward,0.3185,0.317,0.3256,2.9,3.5285,0.0086,Jalen Hurts
2021091200,1249,0,PHI,ATL,I,pass_forward,0.5414,0.6675,0.6156,2.0,2.5751,-0.052,Jalen Hurts
2021091200,1271,0,PHI,ATL,I,autoevent_passforward,0.6639,0.5647,0.4627,4.8,1.8917,-0.102,Jalen Hurts
2021091200,1326,0,ATL,PHI,C,pass_forward,0.0955,0.0385,0.0417,3.8,0.9394,0.0032,Matt Ryan
2021091200,1459,0,ATL,PHI,I,pass_forward,0.5883,0.4544,0.0354,3.7,0.5371,-0.419,Matt Ryan
2021091200,1494,0,ATL,PHI,C,pass_forward,0.0922,0.0279,0.024,2.2,2.9923,-0.0039,Matt Ryan
2021091200,1558,1,PHI,ATL,C,pass_forward,0.5467,0.5882,0.7216,2.2,4.3303,0.1334,Jalen Hurts
2021091200,1582,0,PHI,ATL,C,pass_forward,0.4114,0.1967,0.2529,2.1,4.3189,0.0563,Jalen Hurts
2021091200,1606,1,PHI,ATL,C,pass_forward,0.5546,0.4437,0.4637,4.0,3.0794,0.0199,Jalen Hurts
2021091200,1630,0,PHI,ATL,C,pass_forward,0.4277,0.2379,0.367,2.6,2.8915,0.1291,Jalen Hurts
2021091200,1732,0,PHI,ATL,C,pass_forward,0.062,0.2824,0.2866,2.6,5.2856,0.0042,Jalen Hurts
2021091200,1792,0,PHI,ATL,I,pass_forward,0.0826,0.0333,0.0394,4.9,3.642,0.0061,Jalen Hurts
2021091200,1991,0,PHI,ATL,C,pass_forward,0.2977,0.3039,0.4249,2.7,3.8601,0.121,Jalen Hurts
2021091200,2020,0,PHI,ATL,I,pass_forward,0.7127,0.787,0.8296,2.0,4.2737,0.0426,Jalen Hurts
2021091200,2063,0,PHI,ATL,R,run,0.3042,0.3025,0.4104,4.1,0.9729,0.1079,Jalen Hurts
2021091200,2121,0,PHI,ATL,C,pass_forward,0.2406,0.2059,0.2561,2.9,2.5726,0.0502,Jalen Hurts
2021091200,2145,1,PHI,ATL,R,run,0.5374,0.6,0.46,4.7,0.7269,-0.14,Jalen Hurts
2021091200,2214,1,PHI,ATL,R,run,0.5513,0.486,0.3678,3.4,1.5179,-0.1182,Jalen Hurts
2021091200,2275,0,PHI,ATL,C,pass_forward,0.1192,0.2156,0.2312,3.6,1.6325,0.0156,Jalen Hurts
2021091200,2321,1,PHI,ATL,C,pass_forward,0.3121,0.3332,0.3579,2.8,2.75,0.0247,Jalen Hurts
2021091200,2399,1,PHI,ATL,C,pass_forward,0.0951,0.3184,0.1562,4.6,1.4428,-0.1622,Jalen Hurts
2021091200,2631,0,PHI,ATL,S,qb_sack,0.4683,0.5303,0.0466,5.7,0.3,-0.4837,Jalen Hurts
2021091200,2675,0,ATL,PHI,C,pass_forward,0.3665,0.3083,0.2274,2.0,2.202,-0.0809,Matt Ryan
2021091200,2720,0,ATL,PHI,I,pass_forward,0.2973,0.5745,0.6987,4.3,1.2011,0.1242,Matt Ryan
2021091200,2767,0,PHI,ATL,C,pass_forward,0.3177,0.3268,0.4487,2.5,4.3688,0.1219,Jalen Hurts
2021091200,2906,0,PHI,ATL,C,pass_forward,0.4639,0.443,0.584,2.9,2.7389,0.1409,Jalen Hurts
2021091200,2935,0,PHI,ATL,I,pass_forward,0.5885,0.6017,0.6014,2.3,3.1648,-0.0003,Jalen Hurts
2021091200,3045,0,ATL,PHI,C,pass_forward,0.0873,0.051,0.033,2.2,1.9704,-0.018,Matt Ryan
2021091200,3145,0,ATL,PHI,C,pass_forward,0.125,0.313,0.447,2.7,3.132,0.134,Matt Ryan
2021091200,3416,1,ATL,PHI,C,pass_forward,0.3415,0.2655,0.3313,2.0,3.2696,0.0659,Matt Ryan
2021091200,3480,0,ATL,PHI,I,pass_forward,0.2459,0.2012,0.1839,2.6,1.4945,-0.0174,Matt Ryan
2021091200,3502,0,ATL,PHI,I,pass_forward,0.242,0.1956,0.268,2.8,1.9676,0.0725,Matt Ryan
2021091200,3599,1,PHI,ATL,C,pass_forward,0.2614,0.5415,0.485,3.8,2.3599,-0.0565,Jalen Hurts
2021091200,3659,0,PHI,ATL,C,pass_forward,0.305,0.3424,0.3148,2.2,4.1408,-0.0276,Jalen Hurts
2021091200,3728,0,ATL,PHI,C,pass_forward,0.2312,0.3225,0.2497,2.5,3.2538,-0.0728,Matt Ryan
2021091200,3752,1,ATL,PHI,C,pass_forward,0.6349,0.5624,0.6186,2.7,2.0508,0.0562,Matt Ryan
2021091200,3776,0,ATL,PHI,I,pass_forward,0.3774,0.3351,0.3769,3.2,2.4776,0.0418,Matt Ryan
2021091200,3798,0,ATL,PHI,I,pass_forward,0.3309,0.2309,0.3319,2.9,2.7803,0.101,Matt Ryan
2021091200,3820,0,ATL,PHI,C,pass_forward,0.3485,0.2176,0.3491,3.2,0.6351,0.1315,Matt Ryan
2021091200,3928,0,PHI,ATL,C,pass_forward,0.3096,0.3556,0.4942,2.4,3.5915,0.1386,Jalen Hurts
2021091200,3988,0,ATL,PHI,C,pass_forward,0.3537,0.3067,0.3074,2.0,3.4154,0.0007,Matt Ryan
2021091200,4017,1,ATL,PHI,C,pass_forward,0.6076,0.488,0.6388,2.4,2.8338,0.1508,Matt Ryan
2021091200,4041,0,ATL,PHI,I,pass_forward,0.3059,0.2507,0.0454,3.2,0.1992,-0.2053,Matt Ryan
2021091200,4112,0,ATL,PHI,S,qb_sack,0.3739,0.2735,0.022,4.0,0.0583,-0.2515,Matt Ryan
2021091200,4274,0,ATL,PHI,C,pass_forward,0.3111,0.2964,0.2794,2.5,1.8102,-0.0169,Matt Ryan
2021091200,4298,0,ATL,PHI,S,qb_sack,0.6737,0.5028,0.6081,3.4,0.6539,0.1053,Matt Ryan
2021091200,4317,0,ATL,PHI,I,pass_forward,0.2412,0.129,0.0952,2.3,1.2965,-0.0338,Matt Ryan
2021091200,4346,0,ATL,PHI,S,qb_sack,0.253,0.1599,0.0877,3.7,0.451,-0.0722,Matt Ryan
2021091201,63,0,BUF,PIT,C,pass_forward,0.3253,0.3334,0.3463,2.2,3.4176,0.013,Josh Allen
2021091201,111,0,BUF,PIT,I,pass_forward,0.5416,0.5242,0.4018,3.2,1.9881,-0.1223,Josh Allen
2021091201,262,0,PIT,BUF,I,pass_forward,0.5629,0.6107,0.6025,2.2,2.456,-0.0082,Ben Roethlisberger
2021091201,406,0,BUF,PIT,C,pass_forward,0.1684,0.1817,0.2755,2.7,3.5284,0.0937,Josh Allen
2021091201,430,1,BUF,PIT,C,pass_forward,0.2466,0.2379,0.2523,3.9,1.8959,0.0144,Josh Allen
2021091201,454,0,BUF,PIT,I,pass_forward,0.2822,0.311,0.2427,2.7,3.0085,-0.0683,Josh Allen
2021091201,476,1,BUF,PIT,C,pass_forward,0.298,0.2732,0.4003,3.2,1.6162,0.1271,Josh Allen
2021091201,561,0,BUF,PIT,I,pass_forward,0.1855,0.1919,0.3219,3.7,2.9711,0.1299,Josh Allen
2021091201,589,0,BUF,PIT,I,pass_forward,0.1904,0.2585,0.3905,4.8,1.4389,0.1321,Josh Allen
2021091201,639,0,PIT,BUF,C,pass_forward,0.3243,0.275,0.2095,2.0,3.6091,-0.0654,Ben Roethlisberger
2021091201,691,0,PIT,BUF,S,qb_strip_sack,0.5338,0.5522,0.0784,3.3,0.8127,-0.4738,Ben Roethlisberger
2021091201,762,0,BUF,PIT,I,pass_forward,0.3049,0.3332,0.3004,3.6,2.0496,-0.0328,Josh Allen
2021091201,856,0,PIT,BUF,C,pass_forward,0.3296,0.5357,0.6059,3.4,1.8469,0.0702,Ben Roethlisberger
2021091201,901,1,PIT,BUF,C,pass_forward,0.57,0.5496,0.6507,2.3,2.6028,0.1011,Ben Roethlisberger
2021091201,997,0,PIT,BUF,I,pass_forward,0.5607,0.4775,0.284,2.5,1.3226,-0.1935,Ben Roethlisberger
2021091201,1058,1,BUF,PIT,C,pass_forward,0.2691,0.2854,0.2098,2.2,1.1772,-0.0755,Josh Allen
2021091201,1087,0,BUF,PIT,C,pass_forward,0.3217,0.3054,0.3407,2.1,4.0267,0.0353,Josh Allen
2021091201,1148,0,BUF,PIT,C,pass_forward,0.3121,0.3219,0.3776,1.8,4.0956,0.0556,Josh Allen
2021091201,1172,0,BUF,PIT,I,pass_forward,0.5411,0.6194,0.6418,4.0,2.8767,0.0224,Josh Allen
2021091201,1234,0,PIT,BUF,I,pass_forward,0.2242,0.1716,0.1157,3.2,3.8457,-0.056,Ben Roethlisberger
2021091201,1300,0,PIT,BUF,I,pass_forward,0.2314,0.1297,0.0858,2.3,1.9818,-0.0439,Ben Roethlisberger
2021091201,1367,0,BUF,PIT,I,pass_forward,0.1844,0.1691,0.0922,3.2,0.9823,-0.0769,Josh Allen
2021091201,1393,0,BUF,PIT,S,qb_strip_sack,0.2238,0.2421,0.0737,3.8,0.8246,-0.1685,Josh Allen
2021091201,1422,1,PIT,BUF,C,pass_forward,0.3738,0.283,0.3271,2.7,3.188,0.0441,Ben Roethlisberger
2021091201,1446,0,PIT,BUF,S,qb_sack,0.402,0.5534,0.0155,4.0,0.04,-0.5379,Ben Roethlisberger
2021091201,1486,0,PIT,BUF,I,pass_forward,0.1147,0.0393,0.0463,2.5,3.1356,0.007,Ben Roethlisberger
2021091201,1548,1,BUF,PIT,C,pass_forward,0.3393,0.4305,0.2455,2.6,1.4451,-0.1849,Josh Allen
2021091201,1605,0,BUF,PIT,C,pass_forward,0.0672,0.0425,0.0288,2.2,3.7698,-0.0138,Josh Allen
2021091201,1629,0,BUF,PIT,C,pass_forward,0.2841,0.2742,0.3253,2.2,4.9716,0.0511,Josh Allen
2021091201,1653,1,BUF,PIT,C,pass_forward,0.5311,0.5112,0.4852,2.6,2.156,-0.026,Josh Allen
2021091201,1746,1,BUF,PIT,C,pass_forward,0.5355,0.5916,0.5069,2.9,2.5652,-0.0847,Josh Allen
2021091201,1808,0,BUF,PIT,C,pass_forward,0.2267,0.2377,0.3276,2.3,4.2854,0.0899,Josh Allen
2021091201,1870,0,BUF,PIT,I,pass_forward,0.263,0.3718,0.3358,4.3,2.8349,-0.036,Josh Allen
2021091201,1951,1,BUF,PIT,C,pass_forward,0.3328,0.4156,0.4238,2.6,2.0379,0.0081,Josh Allen
2021091201,2209,1,PIT,BUF,C,pass_forward,0.508,0.6394,0.5049,3.7,1.4297,-0.1345,Ben Roethlisberger
2021091201,2302,0,PIT,BUF,I,pass_forward,0.489,0.452,0.4015,2.8,2.0219,-0.0505,Ben Roethlisberger
2021091201,2362,0,BUF,PIT,C,pass_forward,0.3592,0.2881,0.3097,2.3,3.6783,0.0217,Josh Allen
2021091201,2392,0,BUF,PIT,I,pass_forward,0.4995,0.6364,0.6164,2.4,2.6672,-0.02,Josh Allen
2021091201,2414,1,BUF,PIT,C,pass_forward,0.4695,0.5722,0.63,2.0,4.1716,0.0578,Josh Allen
2021091201,2438,0,BUF,PIT,C,pass_forward,0.3057,0.3249,0.3467,1.9,4.0691,0.0218,Josh Allen
2021091201,2483,0,BUF,PIT,I,pass_forward,0.3389,0.2808,0.4519,3.1,2.2454,0.1711,Josh Allen
2021091201,2547,0,BUF,PIT,I,pass_forward,0.3112,0.2928,0.2576,2.3,1.948,-0.0352,Josh Allen
2021091201,2590,0,BUF,PIT,I,pass_forward,0.3424,0.4737,0.2938,3.6,1.0871,-0.1799,Josh Allen
2021091201,2612,0,BUF,PIT,I,pass_forward,0.36,0.4417,0.4891,3.2,2.3303,0.0475,Josh Allen
2021091201,2634,0,PIT,BUF,I,pass_forward,0.3107,0.2319,0.1827,1.5,3.2811,-0.0492,Ben Roethlisberger
2021091201,2709,0,PIT,BUF,I,pass_forward,0.3119,0.4633,0.3773,2.6,4.0191,-0.086,Ben Roethlisberger
2021091201,2731,1,PIT,BUF,C,pass_forward,0.3119,0.2859,0.4402,3.1,2.843,0.1544,Ben Roethlisberger
2021091201,2828,0,PIT,BUF,I,pass_forward,0.4609,0.2675,0.2554,4.3,2.6108,-0.012,Ben Roethlisberger
2021091201,2850,0,PIT,BUF,C,pass_forward,0.4461,0.2889,0.3061,3.0,2.1332,0.0173,Ben Roethlisberger
2021091201,2912,1,BUF,PIT,C,pass_forward,0.372,0.2431,0.2728,2.2,2.4533,0.0297,Josh Allen
2021091201,2936,0,BUF,PIT,I,pass_forward,0.3791,0.3127,0.31,2.6,1.7827,-0.0027,Josh Allen
2021091201,2983,1,BUF,PIT,R,run,0.4847,0.3735,0.4807,2.4,4.3508,0.1073,Josh Allen
2021091201,3004,0,BUF,PIT,I,pass_forward,0.335,0.2568,0.3726,4.4,1.9041,0.1159,Josh Allen
2021091201,3049,0,BUF,PIT,C,pass_forward,0.334,0.262,0.3028,2.2,3.4211,0.0408,Josh Allen
2021091201,3219,1,PIT,BUF,C,pass_forward,0.4328,0.4298,0.4157,2.1,2.9945,-0.0142,Ben Roethlisberger
2021091201,3312,0,BUF,PIT,I,pass_forward,0.5721,0.4411,0.6107,2.1,3.0707,0.1697,Josh Allen
2021091201,3346,0,BUF,PIT,S,qb_sack,0.5159,0.4901,0.0779,4.9,0.6161,-0.4122,Josh Allen
2021091201,3431,0,BUF,PIT,C,pass_forward,0.2814,0.3072,0.3583,2.5,3.1173,0.0511,Josh Allen
2021091201,3584,0,BUF,PIT,C,pass_forward,0.2069,0.3939,0.4336,1.9,4.1595,0.0397,Josh Allen
2021091201,3709,1,PIT,BUF,C,pass_forward,0.5557,0.43,0.5665,2.5,3.4052,0.1365,Ben Roethlisberger
2021091201,3756,0,PIT,BUF,R,run,0.1659,0.1543,0.1773,4.3,2.5879,0.023,Ben Roethlisberger
2021091201,3799,1,PIT,BUF,C,pass_forward,0.4252,0.3549,0.4003,2.6,4.375,0.0454,Ben Roethlisberger
2021091201,3878,0,PIT,BUF,I,pass_forward,0.2415,0.217,0.2037,2.4,2.0253,-0.0134,Ben Roethlisberger
2021091201,3967,0,BUF,PIT,I,pass_forward,0.285,0.2747,0.3662,2.4,1.7049,0.0915,Josh Allen
2021091201,3989,0,BUF,PIT,I,pass_forward,0.285,0.283,0.0826,3.0,0.7824,-0.2003,Josh Allen
2021091201,4011,0,BUF,PIT,I,pass_forward,0.2738,0.2854,0.2879,3.8,1.4572,0.0025,Josh Allen
2021091201,4033,1,BUF,PIT,C,pass_forward,0.2738,0.3021,0.3824,3.7,1.8655,0.0804,Josh Allen
2021091201,4074,1,BUF,PIT,C,pass_forward,0.2765,0.3068,0.3655,3.3,3.3377,0.0587,Josh Allen
2021091201,4103,0,BUF,PIT,S,qb_sack,0.2537,0.3103,0.1756,4.2,0.5057,-0.1347,Josh Allen
2021091201,4156,0,BUF,PIT,C,pass_forward,0.0644,0.0503,0.0503,2.4,2.4007,-0.0001,Josh Allen
2021091201,4180,1,BUF,PIT,C,pass_forward,0.2215,0.2968,0.427,2.9,2.2615,0.1303,Josh Allen
2021091201,4209,0,BUF,PIT,C,pass_forward,0.2222,0.2605,0.2677,3.2,1.4649,0.0072,Josh Allen
2021091202,88,0,NYJ,CAR,C,pass_forward,0.4048,0.347,0.372,1.7,4.1025,0.025,Zach Wilson
2021091202,210,0,NYJ,CAR,S,qb_sack,0.1453,0.1496,0.0381,2.8,0.0707,-0.1115,Zach Wilson
2021091202,394,0,CAR,NYJ,I,pass_forward,0.4518,0.4181,0.4027,2.2,2.1865,-0.0153,Sam Darnold
2021091202,467,0,NYJ,CAR,I,pass_forward,0.2981,0.3064,0.1877,5.5,1.3346,-0.1187,Zach Wilson
2021091202,489,0,NYJ,CAR,I,pass_forward,0.3775,0.4229,0.4493,3.2,2.1202,0.0264,Zach Wilson
2021091202,602,1,CAR,NYJ,C,pass_forward,0.3538,0.311,0.2591,1.9,2.6087,-0.0519,Sam Darnold
2021091202,664,0,CAR,NYJ,C,pass_forward,0.1265,0.1581,0.1045,2.2,2.2901,-0.0537,Sam Darnold
2021091202,688,0,CAR,NYJ,C,pass_forward,0.4627,0.4946,0.4241,1.8,4.0169,-0.0705,Sam Darnold
2021091202,815,0,NYJ,CAR,I,pass_forward,0.3282,0.3241,0.0343,2.9,0.5727,-0.2898,Zach Wilson
2021091202,837,0,NYJ,CAR,I,pass_forward,0.3282,0.3195,0.262,3.7,1.3647,-0.0574,Zach Wilson
2021091202,935,0,CAR,NYJ,I,pass_forward,0.4047,0.4516,0.4513,2.3,2.4395,-0.0002,Sam Darnold
2021091202,957,1,CAR,NYJ,C,pass_forward,0.4075,0.5223,0.5097,2.4,2.8245,-0.0125,Sam Darnold
2021091202,1021,1,CAR,NYJ,C,pass_forward,0.3046,0.2859,0.1962,2.7,1.1951,-0.0897,Sam Darnold
2021091202,1074,1,CAR,NYJ,C,pass_forward,0.5145,0.4554,0.4181,2.4,1.86,-0.0373,Sam Darnold
2021091202,1113,0,CAR,NYJ,I,pass_forward,0.2897,0.2215,0.1934,2.2,2.5303,-0.028,Sam Darnold
2021091202,1241,1,NYJ,CAR,C,pass_forward,0.4818,0.3849,0.47,2.7,2.366,0.0851,Zach Wilson
2021091202,1297,0,NYJ,CAR,I,pass_forward,0.3924,0.307,0.0525,2.9,0.7826,-0.2545,Zach Wilson
2021091202,1319,0,NYJ,CAR,IN,pass_forward,0.3072,0.2647,0.2826,2.6,2.0206,0.0179,Zach Wilson
2021091202,1350,1,CAR,NYJ,C,pass_forward,0.4185,0.2897,0.4019,3.3,1.59,0.1121,Sam Darnold
2021091202,1419,0,CAR,NYJ,I,pass_forward,0.3714,0.4366,0.163,5.8,2.0655,-0.2736,Sam Darnold
2021091202,1441,0,CAR,NYJ,I,pass_forward,0.4289,0.3515,0.3486,2.1,3.1136,-0.0029,Sam Darnold
2021091202,1497,0,NYJ,CAR,I,pass_forward,0.3117,0.3436,0.1496,5.1,1.3724,-0.194,Zach Wilson
2021091202,1519,1,NYJ,CAR,C,pass_forward,0.3253,0.2909,0.1935,2.1,1.6617,-0.0974,Zach Wilson
2021091202,1543,1,NYJ,CAR,C,pass_forward,0.3276,0.2703,0.3433,2.2,2.6198,0.0731,Zach Wilson
2021091202,1596,0,NYJ,CAR,C,pass_forward,0.218,0.1911,0.2002,2.1,1.6426,0.0091,Zach Wilson
2021091202,1620,0,NYJ,CAR,I,pass_forward,0.7369,0.7054,0.139,2.9,0.7739,-0.5663,Zach Wilson
2021091202,1696,1,CAR,NYJ,C,pass_forward,0.3679,0.3732,0.5411,3.7,2.0397,0.1679,Sam Darnold
2021091202,1752,0,NYJ,CAR,I,pass_forward,0.3062,0.2654,0.4865,2.6,3.6171,0.2212,Zach Wilson
2021091202,1774,0,NYJ,CAR,C,pass_forward,0.3062,0.3268,0.2437,1.8,3.4029,-0.0832,Zach Wilson
2021091202,1798,0,NYJ,CAR,S,qb_sack,0.5703,0.5253,0.0247,4.2,0.6562,-0.5006,Zach Wilson
2021091202,1885,1,CAR,NYJ,C,pass_forward,0.2751,0.3421,0.3416,2.7,1.5264,-0.0005,Sam Darnold
2021091202,1909,0,CAR,NYJ,C,pass_forward,0.2557,0.2331,0.2651,4.9,2.6907,0.0319,Sam Darnold
2021091202,1943,0,CAR,NYJ,C,pass_forward,0.459,0.4152,0.437,2.6,2.0809,0.0218,Sam Darnold
2021091202,1967,1,CAR,NYJ,C,pass_forward,0.6967,0.687,0.8067,1.6,4.2259,0.1198,Sam Darnold
2021091202,1991,1,CAR,NYJ,C,pass_forward,0.2315,0.2953,0.242,2.7,1.7819,-0.0534,Sam Darnold
2021091202,2153,0,CAR,NYJ,I,pass_forward,0.4976,0.3562,0.3747,2.2,2.152,0.0185,Sam Darnold
2021091202,2196,0,CAR,NYJ,S,qb_sack,0.6242,0.6259,0.0278,3.4,0.1487,-0.5981,Sam Darnold
2021091202,2261,0,NYJ,CAR,I,pass_forward,0.247,0.4177,0.223,2.1,2.6109,-0.1948,Zach Wilson
2021091202,2345,0,NYJ,CAR,I,pass_forward,0.2664,0.1702,0.1126,2.1,3.1845,-0.0577,Zach Wilson
2021091202,2367,0,NYJ,CAR,I,pass_forward,0.2017,0.1253,0.1537,2.8,2.5542,0.0284,Zach Wilson
2021091202,2428,1,CAR,NYJ,C,pass_forward,0.5259,0.4903,0.383,2.9,2.3242,-0.1074,Sam Darnold
2021091202,2457,0,CAR,NYJ,C,pass_forward,0.2901,0.3866,0.3283,2.8,1.8927,-0.0583,Sam Darnold
2021091202,2481,0,CAR,NYJ,I,pass_forward,0.2957,0.3522,0.4461,2.5,2.5733,0.094,Sam Darnold
2021091202,2503,0,CAR,NYJ,I,pass_forward,0.303,0.4133,0.3059,2.2,1.7996,-0.1073,Sam Darnold
2021091202,2543,0,NYJ,CAR,S,qb_sack,0.2453,0.3741,0.0181,9.6,0.2631,-0.3561,Zach Wilson
2021091202,2586,0,NYJ,CAR,C,pass_forward,0.0765,0.0538,0.0784,4.4,1.7837,0.0247,Zach Wilson
2021091202,2662,0,CAR,NYJ,I,pass_forward,0.438,0.4424,0.477,2.4,2.1435,0.0346,Sam Darnold
2021091202,2684,0,CAR,NYJ,I,pass_forward,0.4185,0.4303,0.4268,2.5,2.2154,-0.0036,Sam Darnold
2021091202,2797,1,NYJ,CAR,C,pass_forward,0.31,0.3687,0.287,3.3,2.1484,-0.0817,Zach Wilson
2021091202,2821,0,NYJ,CAR,C,pass_forward,0.2689,0.307,0.3173,2.0,2.9225,0.0102,Zach Wilson
2021091202,2883,1,NYJ,CAR,C,pass_forward,0.6597,0.5834,0.6982,3.9,2.2258,0.1148,Zach Wilson
2021091202,2949,1,NYJ,CAR,C,pass_forward,0.2841,0.2387,0.2402,6.9,2.0501,0.0015,Zach Wilson
2021091202,3075,1,CAR,NYJ,C,pass_forward,0.412,0.5288,0.5301,2.3,2.5567,0.0013,Sam Darnold
2021091202,3376,0,NYJ,CAR,I,pass_forward,0.3034,0.3386,0.2433,2.0,2.7241,-0.0953,Zach Wilson
2021091202,3398,0,NYJ,CAR,I,pass_forward,0.2999,0.2988,0.2067,6.2,2.1216,-0.0921,Zach Wilson
2021091202,3420,0,NYJ,CAR,S,qb_sack,0.2894,0.4218,0.0818,3.5,0.1421,-0.34,Zach Wilson
2021091202,3490,0,CAR,NYJ,I,pass_forward,0.5089,0.3215,0.1411,6.3,1.0875,-0.1804,Sam Darnold
2021091202,3512,0,CAR,NYJ,C,pass_forward,0.4261,0.2603,0.3254,2.9,2.3877,0.065,Sam Darnold
2021091202,3536,0,CAR,NYJ,C,pass_forward,0.4727,0.4106,0.4214,2.4,2.9607,0.0108,Sam Darnold
2021091202,3675,1,NYJ,CAR,C,pass_forward,0.2084,0.2204,0.1817,2.9,2.9826,-0.0387,Zach Wilson
2021091202,3699,0,NYJ,CAR,C,pass_forward,0.284,0.2207,0.1812,1.9,3.6177,-0.0395,Zach Wilson
2021091202,3723,0,NYJ,CAR,I,pass_forward,0.4439,0.3516,0.34,1.7,3.5673,-0.0116,Zach Wilson
2021091202,3745,0,NYJ,CAR,I,pass_forward,0.4485,0.3897,0.3435,3.7,2.4052,-0.0463,Zach Wilson
2021091202,3767,1,NYJ,CAR,C,pass_forward,0.438,0.4597,0.4307,2.6,3.2867,-0.029,Zach Wilson
2021091202,3791,1,NYJ,CAR,C,pass_forward,0.3025,0.2968,0.2686,3.3,1.4972,-0.0282,Zach Wilson
2021091202,3820,0,NYJ,CAR,S,qb_sack,0.1764,0.2525,0.0244,3.4,0.5371,-0.228,Zach Wilson
2021091202,3843,0,NYJ,CAR,C,pass_forward,0.0501,0.0678,0.1012,2.8,2.1788,0.0334,Zach Wilson
2021091202,3889,1,NYJ,CAR,C,pass_forward,0.3368,0.3478,0.3617,2.2,3.2075,0.014,Zach Wilson
2021091203,125,0,MIN,CIN,C,pass_forward,0.1628,0.1861,0.1731,2.1,2.4318,-0.013,Kirk Cousins
2021091203,149,1,MIN,CIN,C,pass_forward,0.4394,0.448,0.4605,2.6,1.772,0.0125,Kirk Cousins
2021091203,258,0,MIN,CIN,I,pass_forward,0.0334,0.0246,0.0193,2.7,3.7207,-0.0053,Kirk Cousins
2021091203,280,0,MIN,CIN,C,pass_forward,0.0266,0.0178,0.0153,2.0,2.6173,-0.0025,Kirk Cousins
2021091203,405,0,CIN,MIN,I,pass_forward,0.2819,0.2331,0.201,1.7,2.4328,-0.0321,Joe Burrow
2021091203,533,0,MIN,CIN,I,pass_forward,0.3989,0.433,0.4473,1.7,2.6417,0.0143,Kirk Cousins
2021091203,601,0,CIN,MIN,S,qb_sack,0.5056,0.5334,0.0686,4.1,0.1208,-0.4648,Joe Burrow
2021091203,620,0,CIN,MIN,C,pass_forward,0.0438,0.1012,0.1396,2.5,1.7322,0.0384,Joe Burrow
2021091203,672,0,MIN,CIN,C,pass_forward,0.403,0.521,0.2734,2.1,1.9315,-0.2476,Kirk Cousins
2021091203,722,0,MIN,CIN,S,qb_sack,0.4122,0.4536,0.0761,4.3,0.0424,-0.3775,Kirk Cousins
2021091203,765,0,MIN,CIN,S,qb_sack,0.0299,0.0359,0.0197,5.2,0.0,-0.0163,Kirk Cousins
2021091203,845,0,CIN,MIN,I,pass_forward,0.5068,0.4748,0.5133,2.1,2.9264,0.0385,Joe Burrow
2021091203,924,0,MIN,CIN,I,pass_forward,0.4067,0.631,0.4593,2.0,2.4207,-0.1717,Kirk Cousins
2021091203,1041,0,MIN,CIN,C,pass_forward,0.4717,0.3709,0.3795,2.8,2.2091,0.0086,Kirk Cousins
2021091203,1086,1,MIN,CIN,C,pass_forward,0.3823,0.3168,0.2625,3.3,2.6596,-0.0543,Kirk Cousins
2021091203,1258,1,MIN,CIN,C,pass_forward,0.0688,0.0225,0.016,2.1,3.3024,-0.0066,Kirk Cousins
2021091203,1414,1,CIN,MIN,C,pass_forward,0.3248,0.3055,0.2843,3.5,1.0161,-0.0213,Joe Burrow
2021091203,1485,1,CIN,MIN,C,pass_forward,0.3615,0.3237,0.3888,2.5,2.8313,0.0651,Joe Burrow
2021091203,1521,0,CIN,MIN,S,qb_sack,0.4006,0.4293,0.0266,5.4,0.2663,-0.4027,Joe Burrow
2021091203,1561,1,CIN,MIN,C,pass_forward,0.5321,0.3823,0.3676,2.2,1.9506,-0.0147,Joe Burrow
2021091203,1667,1,CIN,MIN,C,pass_forward,0.6381,0.5899,0.6681,3.3,2.0021,0.0781,Joe Burrow
2021091203,1723,0,MIN,CIN,I,pass_forward,0.2795,0.3707,0.2048,2.2,4.0783,-0.1658,Kirk Cousins
2021091203,1780,0,MIN,CIN,C,pass_forward,0.0564,0.0462,0.0458,2.9,3.05,-0.0004,Kirk Cousins
2021091203,1809,0,MIN,CIN,C,pass_forward,0.1035,0.1441,0.2076,3.2,2.1884,0.0635,Kirk Cousins
2021091203,1885,1,CIN,MIN,C,pass_forward,0.3224,0.2678,0.2849,2.2,3.2191,0.0171,Joe Burrow
2021091203,1909,0,CIN,MIN,C,pass_forward,0.3292,0.3064,0.3787,2.4,2.8393,0.0723,Joe Burrow
2021091203,1938,1,CIN,MIN,C,pass_forward,0.4307,0.3257,0.3718,2.8,3.153,0.0461,Joe Burrow
2021091203,1967,1,CIN,MIN,C,pass_forward,0.3292,0.3073,0.4469,2.7,2.8708,0.1396,Joe Burrow
2021091203,2063,1,MIN,CIN,C,pass_forward,0.1917,0.0657,0.1685,3.3,2.4559,0.1028,Kirk Cousins
2021091203,2186,0,MIN,CIN,I,pass_forward,0.1136,0.0349,0.0562,2.9,1.5224,0.0214,Kirk Cousins
2021091203,2219,0,MIN,CIN,C,pass_forward,0.0735,0.0414,0.0869,5.7,1.7779,0.0455,Kirk Cousins
2021091203,2376,1,CIN,MIN,C,pass_forward,0.6662,0.6306,0.7703,1.7,4.2053,0.1397,Joe Burrow
2021091203,2400,1,CIN,MIN,C,pass_forward,0.295,0.3469,0.4992,3.2,3.3871,0.1523,Joe Burrow
2021091203,2450,0,CIN,MIN,I,pass_forward,0.4553,0.5199,0.5482,3.3,2.4716,0.0283,Joe Burrow
2021091203,2472,0,CIN,MIN,C,pass_forward,0.4267,0.4447,0.4647,2.8,2.4373,0.02,Joe Burrow
2021091203,2538,1,CIN,MIN,C,pass_forward,0.4605,0.5151,0.32,3.0,1.4132,-0.1951,Joe Burrow
2021091203,2685,1,MIN,CIN,C,pass_forward,0.5831,0.6209,0.4358,4.2,1.6042,-0.1852,Kirk Cousins
2021091203,2751,0,MIN,CIN,I,pass_forward,0.045,0.024,0.0219,2.2,2.9915,-0.0021,Kirk Cousins
2021091203,2773,0,MIN,CIN,C,pass_forward,0.0313,0.0236,0.0223,1.9,4.0976,-0.0013,Kirk Cousins
2021091203,2822,0,CIN,MIN,S,qb_sack,0.3255,0.4607,0.0235,4.4,0.2816,-0.4372,Joe Burrow
2021091203,2862,0,CIN,MIN,C,pass_forward,0.1689,0.1436,0.155,2.1,3.4798,0.0114,Joe Burrow
2021091203,2909,0,MIN,CIN,I,pass_forward,0.3528,0.344,0.186,3.4,1.2093,-0.158,Kirk Cousins
2021091203,2952,0,MIN,CIN,I,pass_forward,0.5528,0.5968,0.5608,2.5,3.8359,-0.036,Kirk Cousins
2021091203,2974,1,MIN,CIN,C,pass_forward,0.6784,0.6711,0.5483,1.9,3.0678,-0.1228,Kirk Cousins
2021091203,3239,0,MIN,CIN,I,pass_forward,0.4569,0.5648,0.3509,2.7,1.6293,-0.2139,Kirk Cousins
2021091203,3320,1,MIN,CIN,C,pass_forward,0.4763,0.5145,0.456,3.1,2.4147,-0.0585,Kirk Cousins
2021091203,3366,0,MIN,CIN,I,pass_forward,0.4218,0.3934,0.3868,3.4,2.3281,-0.0065,Kirk Cousins
2021091203,3405,1,MIN,CIN,C,pass_forward,0.3659,0.4014,0.3032,2.9,1.7147,-0.0982,Kirk Cousins
2021091203,3429,0,MIN,CIN,C,pass_forward,0.3017,0.4843,0.4046,2.3,2.6155,-0.0797,Kirk Cousins
2021091203,3453,1,MIN,CIN,C,pass_forward,0.6457,0.6702,0.7058,2.9,2.42,0.0357,Kirk Cousins
2021091203,3623,0,CIN,MIN,I,pass_forward,0.4587,0.5118,0.3622,3.6,2.4536,-0.1496,Joe Burrow
2021091203,3645,0,CIN,MIN,S,qb_sack,0.444,0.5094,0.062,4.1,0.1217,-0.4473,Joe Burrow
2021091203,3740,0,MIN,CIN,C,pass_forward,0.1178,0.0217,0.0227,2.5,3.7733,0.001,Kirk Cousins
2021091203,3764,0,MIN,CIN,S,qb_sack,0.3365,0.3314,0.0528,4.3,0.2802,-0.2786,Kirk Cousins
2021091203,3977,0,MIN,CIN,C,pass_forward,0.1926,0.3044,0.4114,2.3,3.3425,0.107,Kirk Cousins
2021091203,4001,1,MIN,CIN,C,pass_forward,0.6415,0.5758,0.5542,2.7,1.765,-0.0216,Kirk Cousins
2021091203,4025,0,MIN,CIN,I,pass_forward,0.3424,0.2473,0.055,2.5,0.7018,-0.1923,Kirk Cousins
2021091203,4047,0,MIN,CIN,C,pass_forward,0.3257,0.3466,0.3018,2.1,2.3568,-0.0448,Kirk Cousins
2021091203,4076,0,MIN,CIN,C,pass_forward,0.2819,0.5318,0.4876,3.1,1.1303,-0.0442,Kirk Cousins
2021091203,4100,1,MIN,CIN,C,pass_forward,0.6394,0.6191,0.6708,1.9,4.0031,0.0518,Kirk Cousins
2021091203,4124,1,MIN,CIN,C,pass_forward,0.3335,0.2183,0.4479,2.9,2.6456,0.2296,Kirk Cousins
2021091203,4284,0,CIN,MIN,C,pass_forward,0.4472,0.3411,0.476,2.9,2.5785,0.1349,Joe Burrow
2021091203,4329,0,CIN,MIN,S,qb_sack,0.5682,0.5852,0.0481,4.6,0.2236,-0.5372,Joe Burrow
2021091203,4393,0,MIN,CIN,I,pass_forward,0.2717,0.3134,0.1422,2.6,1.1163,-0.1712,Kirk Cousins
2021091203,4415,0,MIN,CIN,C,pass_forward,0.2493,0.3097,0.2272,2.4,3.3977,-0.0825,Kirk Cousins
2021091203,4528,0,CIN,MIN,I,pass_forward,0.6025,0.5148,0.482,2.5,2.8559,-0.0328,Joe Burrow
2021091203,4629,0,MIN,CIN,C,pass_forward,0.4207,0.2569,0.1735,4.2,1.6773,-0.0834,Kirk Cousins
2021091203,4682,1,MIN,CIN,C,pass_forward,0.642,0.6211,0.6113,2.6,3.444,-0.0098,Kirk Cousins
2021091203,4849,1,CIN,MIN,C,pass_forward,0.829,0.6988,0.7119,3.3,2.2251,0.0131,Joe Burrow
2021091204,90,1,DET,SF,C,pass_forward,0.3151,0.3523,0.1525,2.8,2.2138,-0.1997,Jared Goff
2021091204,135,0,DET,SF,I,pass_forward,0.3392,0.3745,0.1703,2.5,1.0347,-0.2042,Jared Goff
2021091204,157,0,DET,SF,C,pass_forward,0.3415,0.371,0.4111,3.0,2.6509,0.0401,Jared Goff
2021091204,282,0,DET,SF,I,pass_forward,0.2929,0.2714,0.3754,2.8,2.7628,0.104,Jared Goff
2021091204,328,0,DET,SF,I,pass_forward,0.0972,0.0899,0.1012,3.0,1.531,0.0113,Jared Goff
2021091204,417,1,SF,DET,C,pass_forward,0.8099,0.8364,0.9327,2.4,2.3024,0.0962,Jimmy Garoppolo
2021091204,487,1,SF,DET,C,pass_forward,0.4188,0.4282,0.5011,2.2,4.0002,0.0729,Jimmy Garoppolo
2021091204,516,1,SF,DET,C,pass_forward,0.2991,0.4005,0.5717,2.7,3.6564,0.1712,Trey Lance
2021091204,596,0,DET,SF,I,pass_forward,0.3283,0.407,0.3429,2.0,3.0579,-0.0642,Jared Goff
2021091204,693,0,DET,SF,S,qb_sack,0.3965,0.2977,0.0315,4.5,0.3298,-0.2661,Jared Goff
2021091204,712,0,DET,SF,C,pass_forward,0.1899,0.0885,0.1562,3.4,2.0138,0.0677,Jared Goff
2021091204,736,1,DET,SF,C,pass_forward,0.3487,0.4447,0.3526,2.3,1.9387,-0.0922,Jared Goff
2021091204,807,0,DET,SF,C,pass_forward,0.4399,0.5683,0.6182,1.6,2.68,0.0499,Jared Goff
2021091204,831,1,DET,SF,C,pass_forward,0.3174,0.5045,0.5614,1.6,4.3971,0.0569,Jared Goff
2021091204,895,0,DET,SF,C,pass_forward,0.2781,0.2862,0.3053,2.8,1.8247,0.0191,Jared Goff
2021091204,919,1,DET,SF,C,pass_forward,0.3166,0.3477,0.3608,2.3,2.9401,0.0131,Jared Goff
2021091204,1026,1,SF,DET,C,pass_forward,0.4569,0.4665,0.5502,3.1,2.5663,0.0836,Jimmy Garoppolo
2021091204,1054,0,SF,DET,C,pass_forward,0.3249,0.2907,0.3184,1.8,3.9601,0.0278,Jimmy Garoppolo
2021091204,1163,0,DET,SF,C,pass_forward,0.3748,0.4107,0.5083,3.3,2.7149,0.0976,Jared Goff
2021091204,1187,1,DET,SF,C,pass_forward,0.4487,0.4653,0.5201,2.3,2.8932,0.0548,Jared Goff
2021091204,1300,0,DET,SF,C,pass_forward,0.1472,0.2265,0.1781,2.8,1.8204,-0.0484,Jared Goff
2021091204,1365,0,SF,DET,C,pass_forward,0.3293,0.3132,0.3062,4.0,1.609,-0.007,Jimmy Garoppolo
2021091204,1443,1,SF,DET,C,pass_forward,0.285,0.2881,0.3616,3.3,4.0591,0.0735,Jimmy Garoppolo
2021091204,1488,1,SF,DET,C,pass_forward,0.4662,0.416,0.3013,3.6,2.4788,-0.1147,Jimmy Garoppolo
2021091204,1579,1,DET,SF,C,pass_forward,0.3816,0.2937,0.3228,3.0,2.4062,0.0291,Jared Goff
2021091204,1641,0,DET,SF,C,pass_forward,0.4631,0.4843,0.5256,4.6,2.4951,0.0413,Jared Goff
2021091204,1670,0,DET,SF,IN,pass_forward,0.4228,0.3669,0.169,2.9,1.0496,-0.1979,Jared Goff
2021091204,1775,0,DET,SF,S,qb_sack,0.236,0.1417,0.0188,4.0,0.1166,-0.1229,Jared Goff
2021091204,1811,0,DET,SF,C,pass_forward,0.1346,0.1616,0.1386,2.6,3.1285,-0.023,Jared Goff
2021091204,1916,0,SF,DET,I,pass_forward,0.2212,0.3346,0.3193,1.8,4.323,-0.0152,Jimmy Garoppolo
2021091204,1938,1,SF,DET,C,pass_forward,0.2772,0.3027,0.3152,3.2,3.0579,0.0125,Jimmy Garoppolo
2021091204,1979,0,SF,DET,R,run,0.1115,0.1211,0.1647,3.3,0.3848,0.0437,Jimmy Garoppolo
2021091204,2034,0,SF,DET,I,pass_forward,0.1958,0.2553,0.3059,2.8,2.6182,0.0506,Jimmy Garoppolo
2021091204,2148,1,SF,DET,C,pass_forward,0.421,0.402,0.3265,3.7,2.6402,-0.0755,Jimmy Garoppolo
2021091204,2196,1,SF,DET,C,pass_forward,0.326,0.3594,0.6228,2.1,4.3635,0.2634,Jimmy Garoppolo
2021091204,2263,0,SF,DET,I,pass_forward,0.1749,0.1839,0.2449,4.2,0.442,0.061,Jimmy Garoppolo
2021091204,2345,0,DET,SF,I,pass_forward,0.2402,0.3038,0.2433,2.0,2.8509,-0.0605,Jared Goff
2021091204,2421,0,DET,SF,I,pass_forward,0.3254,0.3189,0.3213,2.7,1.4252,0.0024,Jared Goff
2021091204,2447,0,DET,SF,I,pass_forward,0.2991,0.3656,0.3129,2.3,2.1173,-0.0527,Jared Goff
2021091204,2596,1,SF,DET,C,pass_forward,0.3438,0.2947,0.1306,2.6,1.1827,-0.1641,Jimmy Garoppolo
2021091204,2652,0,DET,SF,R,run,0.3165,0.4142,0.1911,4.8,2.7084,-0.2231,Jared Goff
2021091204,2699,0,DET,SF,I,pass_forward,0.6708,0.7023,0.7592,1.8,2.1863,0.0569,Jared Goff
2021091204,2742,1,DET,SF,C,pass_forward,0.2971,0.2983,0.4126,3.3,2.4788,0.1143,Jared Goff
2021091204,2766,0,DET,SF,C,pass_forward,0.2892,0.2636,0.3459,4.3,1.7517,0.0823,Jared Goff
2021091204,2876,1,SF,DET,C,pass_forward,0.4222,0.4385,0.5718,2.4,2.7175,0.1333,Jimmy Garoppolo
2021091204,3017,0,DET,SF,C,pass_forward,0.3471,0.2425,0.289,3.3,4.4027,0.0465,Jared Goff
2021091204,3060,0,DET,SF,I,pass_forward,0.4101,0.443,0.4542,2.4,2.9082,0.0112,Jared Goff
2021091204,3100,0,DET,SF,S,qb_sack,0.3956,0.5127,0.2118,5.7,1.1868,-0.3009,Jared Goff
2021091204,3171,0,SF,DET,I,pass_forward,0.365,0.3367,0.2811,3.3,2.4513,-0.0556,Jimmy Garoppolo
2021091204,3195,1,SF,DET,C,pass_forward,0.2697,0.3979,0.2202,1.9,1.5431,-0.1777,Jimmy Garoppolo
2021091204,3255,0,SF,DET,S,qb_sack,0.3544,0.4278,0.1045,4.0,0.0539,-0.3233,Jimmy Garoppolo
2021091204,3351,1,DET,SF,C,pass_forward,0.3011,0.32,0.4697,2.8,2.972,0.1497,Jared Goff
2021091204,3375,0,DET,SF,C,pass_forward,0.2486,0.3033,0.3019,2.3,5.1679,-0.0014,Jared Goff
2021091204,3479,0,DET,SF,I,pass_forward,0.2446,0.2701,0.3841,2.9,3.0047,0.1141,Jared Goff
2021091204,3504,0,DET,SF,C,pass_forward,0.2426,0.3171,0.2897,2.1,2.5103,-0.0275,Jared Goff
2021091204,3533,0,DET,SF,I,pass_forward,0.3855,0.3928,0.4567,3.0,2.902,0.0639,Jared Goff
2021091204,3597,0,SF,DET,I,pass_forward,0.5273,0.5605,0.6646,1.6,3.5507,0.1041,Jimmy Garoppolo
2021091204,3638,0,DET,SF,C,pass_forward,0.329,0.2721,0.216,2.6,1.4771,-0.0562,Jared Goff
2021091204,3662,1,DET,SF,C,pass_forward,0.527,0.3931,0.4548,2.4,2.416,0.0617,Jared Goff
2021091204,3691,0,DET,SF,C,pass_forward,0.3035,0.3159,0.4252,2.4,2.5407,0.1093,Jared Goff
2021091204,3719,0,DET,SF,I,pass_forward,0.5386,0.4464,0.4403,2.9,1.6834,-0.0061,Jared Goff
2021091204,3774,0,DET,SF,I,pass_forward,0.2521,0.2887,0.3818,2.9,2.7077,0.0931,Jared Goff
2021091204,3808,0,DET,SF,C,pass_forward,0.2525,0.3134,0.3956,2.7,3.1225,0.0822,Jared Goff
2021091204,3832,1,DET,SF,C,pass_forward,0.6088,0.5699,0.4103,2.7,1.5493,-0.1596,Jared Goff
2021091204,3856,0,DET,SF,C,pass_forward,0.2456,0.2849,0.2324,3.1,1.7511,-0.0526,Jared Goff
2021091204,3880,1,DET,SF,C,pass_forward,0.505,0.4609,0.6038,2.5,2.9397,0.1429,Jared Goff
2021091204,3908,0,DET,SF,C,pass_forward,0.2793,0.2862,0.4508,4.6,4.58,0.1646,Jared Goff
2021091204,4082,1,DET,SF,C,pass_forward,0.2201,0.2608,0.364,2.5,2.3177,0.1033,Jared Goff
2021091204,4106,1,DET,SF,C,pass_forward,0.2076,0.2077,0.3233,2.6,2.8966,0.1156,Jared Goff
2021091204,4135,1,DET,SF,R,run,0.2475,0.2708,0.3829,3.2,3.8191,0.112,Jared Goff
2021091204,4164,0,DET,SF,C,pass_forward,0.2554,0.2968,0.2935,1.9,4.1044,-0.0033,Jared Goff
2021091204,4199,1,DET,SF,C,pass_forward,0.51,0.4392,0.3805,2.2,2.8709,-0.0587,Jared Goff
2021091204,4401,0,SF,DET,C,pass_forward,0.2107,0.2287,0.2762,3.2,1.9763,0.0475,Jimmy Garoppolo
2021091204,4441,0,DET,SF,I,pass_forward,0.3459,0.2598,0.3637,2.3,3.6082,0.1039,Jared Goff
2021091204,4463,1,DET,SF,C,pass_forward,0.3464,0.2823,0.4608,3.2,4.5756,0.1784,Jared Goff
2021091204,4492,0,DET,SF,I,pass_forward,0.344,0.2866,0.3182,2.5,3.7558,0.0316,Jared Goff
2021091204,4514,1,DET,SF,C,pass_forward,0.3441,0.2643,0.2261,3.6,1.3947,-0.0383,Jared Goff
2021091204,4555,0,DET,SF,I,pass_forward,0.1703,0.1834,0.2241,3.5,1.6138,0.0407,Jared Goff
2021091204,4581,0,DET,SF,R,run,0.1301,0.1128,0.1227,4.6,1.9322,0.0099,Jared Goff
2021091204,4607,0,DET,SF,I,pass_forward,0.1914,0.1581,0.2182,2.2,2.8993,0.0601,Jared Goff
2021091204,4629,0,DET,SF,I,pass_forward,0.1486,0.4436,0.2025,3.5,1.8165,-0.2411,Jared Goff
2021091205,78,0,HOU,JAX,I,pass_forward,0.5507,0.6148,0.6088,2.0,3.7121,-0.006,Tyrod Taylor
2021091205,100,0,HOU,JAX,I,pass_forward,0.5195,0.6161,0.5932,2.3,3.3004,-0.0228,Tyrod Taylor
2021091205,249,0,JAX,HOU,C,pass_forward,0.2353,0.0992,0.0861,2.2,2.2304,-0.0131,Trevor Lawrence
2021091205,337,0,HOU,JAX,I,pass_forward,0.3846,0.2912,0.1429,4.4,2.0568,-0.1482,Tyrod Taylor
2021091205,404,0,HOU,JAX,S,run,0.2581,0.3814,0.1301,6.1,1.4513,-0.2512,Tyrod Taylor
2021091205,423,0,HOU,JAX,C,pass_forward,0.1715,0.1324,0.1324,2.1,3.8294,0.0,Tyrod Taylor
2021091205,447,1,HOU,JAX,C,pass_forward,0.593,0.5358,0.5885,2.5,3.8595,0.0527,Tyrod Taylor
2021091205,513,1,HOU,JAX,C,pass_forward,0.3279,0.3905,0.2991,3.0,1.6883,-0.0915,Tyrod Taylor
2021091205,643,1,JAX,HOU,C,pass_forward,0.3,0.2963,0.496,3.1,3.8793,0.1997,Trevor Lawrence
2021091205,699,0,JAX,HOU,C,pass_forward,0.0768,0.0641,0.0677,2.2,1.8257,0.0036,Trevor Lawrence
2021091205,745,0,JAX,HOU,I,pass_forward,0.4082,0.4667,0.5089,2.0,2.4325,0.0422,Trevor Lawrence
2021091205,787,1,HOU,JAX,C,pass_forward,0.2793,0.3784,0.515,2.5,2.4423,0.1366,Tyrod Taylor
2021091205,811,1,HOU,JAX,C,pass_forward,0.3031,0.2876,0.2282,4.9,1.7641,-0.0594,Tyrod Taylor
2021091205,856,0,HOU,JAX,I,pass_forward,0.4773,0.5237,0.5214,2.2,4.3246,-0.0023,Tyrod Taylor
2021091205,878,1,HOU,JAX,C,pass_forward,0.4587,0.5263,0.4832,2.5,3.3486,-0.0431,Tyrod Taylor
2021091205,1050,0,JAX,HOU,I,pass_forward,0.1218,0.0634,0.0782,2.8,2.1472,0.0148,Trevor Lawrence
2021091205,1091,1,JAX,HOU,C,pass_forward,0.1524,0.0832,0.1646,3.1,1.6936,0.0814,Trevor Lawrence
2021091205,1157,0,JAX,HOU,I,pass_forward,0.2719,0.3242,0.3981,2.9,2.5269,0.0739,Trevor Lawrence
2021091205,1278,1,JAX,HOU,C,pass_forward,0.3897,0.5188,0.4555,2.4,2.6586,-0.0633,Trevor Lawrence
2021091205,1359,1,HOU,JAX,C,pass_forward,0.5708,0.4525,0.3436,3.4,3.2468,-0.1089,Tyrod Taylor
2021091205,1404,0,HOU,JAX,I,pass_forward,0.5918,0.5758,0.4238,4.9,1.1811,-0.152,Tyrod Taylor
2021091205,1426,1,HOU,JAX,C,pass_forward,0.6032,0.6386,0.6577,2.5,2.5555,0.0191,Tyrod Taylor
2021091205,1494,0,HOU,JAX,C,pass_forward,0.1508,0.0945,0.0863,2.3,1.8243,-0.0083,Tyrod Taylor
2021091205,1518,0,HOU,JAX,I,pass_forward,0.4207,0.5784,0.49,2.0,2.3686,-0.0884,Tyrod Taylor
2021091205,1711,0,JAX,HOU,C,pass_forward,0.105,0.0469,0.0339,2.3,2.6632,-0.0129,Trevor Lawrence
2021091205,1739,0,JAX,HOU,IN,pass_forward,0.2279,0.1471,0.2541,5.5,1.2903,0.1069,Trevor Lawrence
2021091205,1808,0,HOU,JAX,I,pass_forward,0.7447,0.6764,0.5131,5.8,0.461,-0.1632,Tyrod Taylor
2021091205,1924,0,JAX,HOU,IN,pass_forward,0.2413,0.2442,0.3905,3.2,1.9622,0.1463,Trevor Lawrence
2021091205,2075,0,HOU,JAX,I,pass_forward,0.1437,0.2044,0.1845,1.8,3.4715,-0.0199,Tyrod Taylor
2021091205,2097,0,HOU,JAX,R,run,0.2259,0.1705,0.2187,4.5,2.1276,0.0482,Tyrod Taylor
2021091205,2183,0,JAX,HOU,I,pass_forward,0.3144,0.3368,0.3885,2.4,2.2429,0.0517,Trevor Lawrence
2021091205,2223,0,JAX,HOU,I,pass_forward,0.2992,0.3443,0.4016,2.4,3.1425,0.0573,Trevor Lawrence
2021091205,2245,0,JAX,HOU,I,pass_forward,0.3906,0.2614,0.2768,1.9,3.4624,0.0153,Trevor Lawrence
2021091205,2297,0,HOU,JAX,C,pass_forward,0.3415,0.3104,0.4591,3.9,1.1068,0.1487,Tyrod Taylor
2021091205,2325,0,HOU,JAX,C,pass_forward,0.6142,0.5997,0.2911,2.8,1.3002,-0.3086,Tyrod Taylor
2021091205,2388,1,HOU,JAX,C,pass_forward,0.6697,0.7692,0.5191,6.9,0.6381,-0.2502,Tyrod Taylor
2021091205,2429,1,HOU,JAX,C,pass_forward,0.1463,0.1768,0.1666,2.7,2.0359,-0.0102,Tyrod Taylor
2021091205,2581,0,JAX,HOU,I,pass_forward,0.3869,0.3777,0.4023,2.7,1.7787,0.0246,Trevor Lawrence
2021091205,2681,1,HOU,JAX,C,pass_forward,0.3995,0.4979,0.493,2.3,3.119,-0.0048,Tyrod Taylor
2021091205,2795,0,JAX,HOU,I,pass_forward,0.3408,0.3158,0.4221,4.0,1.881,0.1063,Trevor Lawrence
2021091205,2838,0,JAX,HOU,C,pass_forward,0.4324,0.4072,0.0656,3.5,0.3688,-0.3416,Trevor Lawrence
2021091205,2966,0,HOU,JAX,C,pass_forward,0.3417,0.3596,0.35,2.4,2.3462,-0.0096,Tyrod Taylor
2021091205,3053,1,HOU,JAX,C,pass_forward,0.7555,0.6966,0.0986,2.1,0.7976,-0.598,Tyrod Taylor
2021091205,3127,0,JAX,HOU,C,pass_forward,0.3202,0.3802,0.0312,2.5,0.5413,-0.3489,Trevor Lawrence
2021091205,3151,0,JAX,HOU,C,pass_forward,0.1846,0.1225,0.1002,2.4,3.7899,-0.0223,Trevor Lawrence
2021091205,3175,1,JAX,HOU,C,pass_forward,0.3385,0.3763,0.3854,2.0,2.5346,0.0091,Trevor Lawrence
2021091205,3210,1,JAX,HOU,C,pass_forward,0.3138,0.3947,0.539,3.6,2.2572,0.1443,Trevor Lawrence
2021091205,3310,0,HOU,JAX,I,pass_forward,0.4925,0.5729,0.6609,3.7,0.9705,0.088,Tyrod Taylor
2021091205,3361,0,JAX,HOU,I,pass_forward,0.2992,0.3357,0.4075,3.5,2.0806,0.0718,Trevor Lawrence
2021091205,3383,0,JAX,HOU,C,pass_forward,0.2182,0.3814,0.4029,2.3,1.76,0.0215,Trevor Lawrence
2021091205,3426,0,JAX,HOU,I,pass_forward,0.3494,0.5608,0.4944,2.8,2.0565,-0.0664,Trevor Lawrence
2021091205,3548,1,HOU,JAX,R,run,0.3676,0.437,0.5294,4.1,3.126,0.0923,Tyrod Taylor
2021091205,3631,0,HOU,JAX,I,pass_forward,0.315,0.3282,0.2725,1.9,2.8373,-0.0557,Tyrod Taylor
2021091205,3687,0,JAX,HOU,C,pass_forward,0.2262,0.3994,0.4315,2.6,2.4165,0.0321,Trevor Lawrence
2021091205,3711,1,JAX,HOU,C,pass_forward,0.6208,0.6306,0.6863,3.0,2.983,0.0557,Trevor Lawrence
2021091205,3735,0,JAX,HOU,I,pass_forward,0.2457,0.3374,0.4536,3.2,1.9912,0.1161,Trevor Lawrence
2021091205,3761,0,JAX,HOU,I,pass_forward,0.2303,0.3161,0.4207,3.2,1.6716,0.1047,Trevor Lawrence
2021091205,3783,0,JAX,HOU,I,pass_forward,0.2493,0.3209,0.3688,3.6,3.1026,0.048,Trevor Lawrence
2021091205,3805,1,JAX,HOU,C,pass_forward,0.2626,0.3349,0.1374,2.7,0.993,-0.1975,Trevor Lawrence
2021091205,3886,0,JAX,HOU,IN,pass_forward,0.6797,0.6903,0.785,3.1,2.2176,0.0947,Trevor Lawrence
2021091205,4100,0,JAX,HOU,I,pass_forward,0.2497,0.3152,0.2454,3.5,0.9823,-0.0698,Trevor Lawrence
2021091205,4122,0,JAX,HOU,S,qb_sack,0.2564,0.37,0.0731,4.6,0.9405,-0.2969,Trevor Lawrence
2021091205,4141,0,JAX,HOU,C,pass_forward,0.098,0.0328,0.0678,4.1,1.5593,0.035,Trevor Lawrence
2021091205,4420,1,JAX,HOU,C,pass_forward,0.3199,0.3801,0.4731,2.7,3.2339,0.093,Trevor Lawrence
2021091205,4489,1,JAX,HOU,C,pass_forward,0.2708,0.3234,0.4173,3.2,2.6303,0.0939,Trevor Lawrence
2021091205,4513,0,JAX,HOU,I,pass_forward,0.2476,0.3034,0.293,1.8,2.8811,-0.0104,Trevor Lawrence
2021091205,4535,0,JAX,HOU,C,pass_forward,0.2521,0.3268,0.288,2.5,2.485,-0.0388,Trevor Lawrence
2021091205,4580,1,JAX,HOU,C,pass_forward,0.2784,0.2972,0.3788,2.5,2.4148,0.0815,Trevor Lawrence
2021091205,4604,0,JAX,HOU,I,pass_forward,0.1297,0.1521,0.2258,2.4,1.7603,0.0738,Trevor Lawrence
2021091205,4649,1,JAX,HOU,C,pass_forward,0.062,0.1904,0.2456,2.9,3.3715,0.0551,Trevor Lawrence
2021091205,4673,0,JAX,HOU,I,pass_forward,0.4122,0.6299,0.4266,3.6,2.5899,-0.2034,Trevor Lawrence
2021091205,4695,1,JAX,HOU,C,pass_forward,0.3428,0.5771,0.6506,2.0,4.2421,0.0735,Trevor Lawrence
2021091206,76,0,IND,SEA,I,pass_forward,0.3292,0.3704,0.3371,2.0,3.6072,-0.0332,Carson Wentz
2021091206,128,1,IND,SEA,C,pass_forward,0.5293,0.6156,0.2403,3.5,1.1705,-0.3752,Carson Wentz
2021091206,152,0,IND,SEA,C,pass_forward,0.2681,0.3776,0.5364,3.1,2.2514,0.1588,Carson Wentz
2021091206,245,1,IND,SEA,C,pass_forward,0.3597,0.2989,0.3241,2.5,2.666,0.0253,Carson Wentz
2021091206,269,0,IND,SEA,R,run,0.3915,0.3268,0.1288,5.7,1.9421,-0.198,Carson Wentz
2021091206,439,0,SEA,IND,R,run,0.3223,0.3515,0.2859,5.5,2.2125,-0.0657,Russell Wilson
2021091206,506,1,SEA,IND,R,run,0.3975,0.4767,0.4948,3.4,1.5474,0.0182,Russell Wilson
2021091206,620,0,SEA,IND,I,pass_forward,0.4159,0.4366,0.3871,3.1,1.9007,-0.0495,Russell Wilson
2021091206,649,1,SEA,IND,C,pass_forward,0.4277,0.4167,0.152,2.6,0.9862,-0.2647,Russell Wilson
2021091206,742,0,IND,SEA,S,qb_sack,0.3823,0.4078,0.022,3.6,0.4455,-0.3858,Carson Wentz
2021091206,855,1,SEA,IND,C,pass_forward,0.5123,0.5115,0.5765,1.9,3.1806,0.065,Russell Wilson
2021091206,903,1,SEA,IND,C,pass_forward,0.5168,0.5394,0.5789,3.4,2.3036,0.0395,Russell Wilson
2021091206,948,1,SEA,IND,C,pass_forward,0.3503,0.4211,0.3461,3.2,1.7763,-0.0751,Russell Wilson
2021091206,1040,1,IND,SEA,C,pass_forward,0.3317,0.3426,0.4278,3.2,2.1215,0.0852,Carson Wentz
2021091206,1064,0,IND,SEA,C,pass_forward,0.351,0.3343,0.369,2.2,3.3496,0.0347,Carson Wentz
2021091206,1130,1,IND,SEA,C,pass_forward,0.393,0.3607,0.4003,3.6,1.6234,0.0396,Carson Wentz
2021091206,1171,1,IND,SEA,C,pass_forward,0.2919,0.3351,0.2363,2.0,1.6239,-0.0988,Carson Wentz
2021091206,1195,1,IND,SEA,C,pass_forward,0.1821,0.1914,0.1816,2.3,1.7002,-0.0097,Carson Wentz
2021091206,1246,1,SEA,IND,C,pass_forward,0.3538,0.3612,0.2948,2.6,1.4714,-0.0664,Russell Wilson
2021091206,1320,0,SEA,IND,I,pass_forward,0.6727,0.6068,0.4993,2.4,1.7395,-0.1075,Russell Wilson
2021091206,1371,0,IND,SEA,C,pass_forward,0.3496,0.3474,0.3724,4.1,2.116,0.025,Carson Wentz
2021091206,1483,0,IND,SEA,I,pass_forward,0.4981,0.4432,0.4188,2.1,2.7709,-0.0244,Carson Wentz
2021091206,1583,0,SEA,IND,C,pass_forward,0.4604,0.4477,0.4892,2.1,2.3248,0.0415,Russell Wilson
2021091206,1668,0,SEA,IND,S,qb_sack,0.139,0.0982,0.0281,4.2,0.3523,-0.0701,Russell Wilson
2021091206,1687,1,SEA,IND,C,pass_forward,0.056,0.0953,0.1819,4.0,2.669,0.0866,Russell Wilson
2021091206,1745,0,IND,SEA,I,pass_forward,0.3793,0.2755,0.2171,2.7,1.2763,-0.0584,Carson Wentz
2021091206,1824,0,IND,SEA,C,pass_forward,0.4102,0.2786,0.3999,3.2,3.7781,0.1212,Carson Wentz
2021091206,1865,0,IND,SEA,I,pass_forward,0.6453,0.6104,0.5713,3.6,5.3464,-0.0391,Carson Wentz
2021091206,1921,0,SEA,IND,C,pass_forward,0.3418,0.3198,0.4059,3.2,2.2711,0.0861,Russell Wilson
2021091206,1945,1,SEA,IND,C,pass_forward,0.377,0.3685,0.4307,2.7,2.9287,0.0621,Russell Wilson
2021091206,2011,0,SEA,IND,I,pass_forward,0.4092,0.4464,0.3265,3.2,1.5852,-0.1198,Russell Wilson
2021091206,2058,0,IND,SEA,I,pass_forward,0.3723,0.3053,0.3474,3.7,3.1177,0.0421,Carson Wentz
2021091206,2111,0,IND,SEA,I,pass_forward,0.5112,0.5732,0.1866,7.5,0.4617,-0.3866,Carson Wentz
2021091206,2210,0,SEA,IND,S,run,0.299,0.298,0.1424,4.6,2.2241,-0.1555,Russell Wilson
2021091206,2229,0,SEA,IND,C,pass_forward,0.2114,0.2128,0.2474,2.4,1.799,0.0347,Russell Wilson
2021091206,2253,0,SEA,IND,S,qb_sack,0.4071,0.4905,0.0247,2.6,0.4717,-0.4659,Russell Wilson
2021091206,2301,0,IND,SEA,I,pass_forward,0.3481,0.3932,0.034,4.4,0.2693,-0.3592,Carson Wentz
2021091206,2347,0,IND,SEA,S,qb_sack,0.3722,0.3613,0.0368,3.7,0.5382,-0.3245,Carson Wentz
2021091206,2419,0,SEA,IND,C,pass_forward,0.3273,0.29,0.3905,2.3,2.3912,0.1004,Russell Wilson
2021091206,2609,1,SEA,IND,C,pass_forward,0.3797,0.4255,0.4705,3.1,2.2847,0.0449,Russell Wilson
2021091206,2676,0,SEA,IND,I,pass_forward,0.603,0.5738,0.0768,2.4,0.7864,-0.497,Russell Wilson
2021091206,2760,1,IND,SEA,C,pass_forward,0.2731,0.2203,0.284,3.4,2.0486,0.0637,Carson Wentz
2021091206,2868,0,IND,SEA,I,pass_forward,0.3428,0.2978,0.4011,2.4,2.5187,0.1033,Carson Wentz
2021091206,2914,1,IND,SEA,C,pass_forward,0.6589,0.5923,0.6507,1.7,3.0116,0.0584,Carson Wentz
2021091206,2964,1,IND,SEA,C,pass_forward,0.4529,0.4913,0.5003,2.3,2.9533,0.009,Carson Wentz
2021091206,2988,0,IND,SEA,I,pass_forward,0.2944,0.2933,0.376,2.2,3.4634,0.0828,Carson Wentz
2021091206,3032,0,IND,SEA,C,pass_forward,0.3009,0.2517,0.2786,1.8,3.5375,0.0268,Carson Wentz
2021091206,3060,0,IND,SEA,S,qb_sack,0.5059,0.5756,0.0306,3.5,0.4428,-0.5451,Carson Wentz
2021091206,3079,1,SEA,IND,C,pass_forward,0.3477,0.3991,0.4786,3.6,2.1079,0.0795,Russell Wilson
2021091206,3132,1,SEA,IND,C,pass_forward,0.581,0.6223,0.5941,2.5,3.2725,-0.0281,Russell Wilson
2021091206,3236,1,SEA,IND,C,pass_forward,0.3396,0.4708,0.4933,2.7,1.6957,0.0224,Russell Wilson
2021091206,3287,1,IND,SEA,C,pass_forward,0.2853,0.2424,0.3717,3.0,1.7066,0.1293,Carson Wentz
2021091206,3311,0,IND,SEA,R,run,0.2613,0.3113,0.2948,3.5,1.5474,-0.0165,Carson Wentz
2021091206,3353,0,IND,SEA,I,pass_forward,0.3176,0.2905,0.1985,4.8,2.2615,-0.092,Carson Wentz
2021091206,3382,0,IND,SEA,C,pass_forward,0.3177,0.3086,0.1208,3.0,0.8927,-0.1878,Carson Wentz
2021091206,3439,0,IND,SEA,C,pass_forward,0.2647,0.2285,0.2612,3.1,2.228,0.0328,Carson Wentz
2021091206,3463,1,IND,SEA,C,pass_forward,0.3974,0.3375,0.3339,3.6,0.969,-0.0036,Carson Wentz
2021091206,3561,1,IND,SEA,C,pass_forward,0.1331,0.122,0.1877,2.6,2.4871,0.0656,Carson Wentz
2021091206,3761,0,IND,SEA,R,run,0.3696,0.4254,0.4949,4.3,1.0826,0.0696,Carson Wentz
2021091206,3803,1,IND,SEA,C,pass_forward,0.3691,0.3082,0.2766,2.6,1.6621,-0.0316,Carson Wentz
2021091206,3833,0,IND,SEA,I,pass_forward,0.3365,0.3012,0.2199,2.5,1.3562,-0.0813,Carson Wentz
2021091207,76,0,TEN,ARI,C,pass_forward,0.1359,0.1903,0.1904,2.6,3.3072,0.0001,Ryan Tannehill
2021091207,100,0,TEN,ARI,I,pass_forward,0.3014,0.2442,0.3867,2.7,2.175,0.1426,Ryan Tannehill
2021091207,152,1,ARI,TEN,C,pass_forward,0.3815,0.3445,0.4875,3.3,3.7977,0.143,Kyler Murray
2021091207,218,0,ARI,TEN,C,pass_forward,0.048,0.0738,0.0477,4.3,2.9349,-0.0261,Kyler Murray
2021091207,253,1,ARI,TEN,C,pass_forward,0.0817,0.0335,0.0412,2.6,4.6511,0.0077,Kyler Murray
2021091207,386,0,ARI,TEN,C,pass_forward,0.0578,0.0729,0.0382,2.4,3.1336,-0.0347,Kyler Murray
2021091207,410,0,ARI,TEN,I,pass_forward,0.0969,0.1349,0.1164,2.1,2.9084,-0.0185,Kyler Murray
2021091207,494,0,TEN,ARI,S,qb_strip_sack,0.2636,0.1768,0.0764,2.2,1.2126,-0.1004,Ryan Tannehill
2021091207,621,0,ARI,TEN,I,pass_forward,0.3969,0.2292,0.0892,5.7,1.6386,-0.14,Kyler Murray
2021091207,660,1,ARI,TEN,C,pass_forward,0.4163,0.4439,0.1121,4.9,1.1136,-0.3317,Kyler Murray
2021091207,839,0,ARI,TEN,C,pass_forward,0.4789,0.453,0.5698,2.3,2.5906,0.1169,Kyler Murray
2021091207,863,0,ARI,TEN,I,pass_forward,0.5348,0.5697,0.6124,1.9,3.5668,0.0427,Kyler Murray
2021091207,930,0,TEN,ARI,C,pass_forward,0.0993,0.0726,0.0925,2.6,2.6032,0.0199,Ryan Tannehill
2021091207,954,0,TEN,ARI,C,pass_forward,0.146,0.2717,0.4949,3.7,3.3825,0.2232,Ryan Tannehill
2021091207,1053,0,TEN,ARI,S,qb_sack,0.316,0.4997,0.0274,3.3,0.2927,-0.4723,Ryan Tannehill
2021091207,1090,0,ARI,TEN,S,qb_sack,0.3014,0.2605,0.2088,6.1,3.4627,-0.0517,Kyler Murray
2021091207,1128,0,ARI,TEN,C,pass_forward,0.2074,0.1302,0.2282,3.5,3.5375,0.098,Kyler Murray
2021091207,1344,1,ARI,TEN,C,pass_forward,0.3867,0.4711,0.5163,1.3,4.371,0.0452,Kyler Murray
2021091207,1431,1,TEN,ARI,C,pass_forward,0.2779,0.2797,0.2638,1.3,3.3395,-0.0159,Ryan Tannehill
2021091207,1476,1,TEN,ARI,C,pass_forward,0.398,0.4626,0.4445,2.3,2.3702,-0.018,Ryan Tannehill
2021091207,1540,0,TEN,ARI,I,pass_forward,0.1823,0.1745,0.2486,2.6,2.459,0.0741,Ryan Tannehill
2021091207,1562,0,TEN,ARI,I,pass_forward,0.2348,0.2709,0.352,2.5,2.3104,0.0811,Ryan Tannehill
2021091207,1584,1,TEN,ARI,C,pass_forward,0.1936,0.284,0.2539,1.8,2.7356,-0.0301,Ryan Tannehill
2021091207,1650,1,TEN,ARI,R,run,0.4379,0.5117,0.6815,2.2,2.1101,0.1697,Ryan Tannehill
2021091207,1703,0,ARI,TEN,I,pass_forward,0.3357,0.277,0.4509,4.7,2.16,0.174,Kyler Murray
2021091207,1725,0,ARI,TEN,I,pass_forward,0.3272,0.3047,0.4003,2.7,4.1711,0.0956,Kyler Murray
2021091207,1747,1,ARI,TEN,C,pass_forward,0.29,0.2967,0.1968,9.8,1.7308,-0.0999,Kyler Murray
2021091207,1792,1,ARI,TEN,R,run,0.4861,0.4921,0.5811,2.9,2.1761,0.089,Kyler Murray
2021091207,1834,0,ARI,TEN,C,pass_forward,0.3278,0.2719,0.2559,1.7,3.9768,-0.0161,Kyler Murray
2021091207,1858,1,ARI,TEN,C,pass_forward,0.4216,0.4424,0.2753,2.8,1.458,-0.1672,Kyler Murray
2021091207,2050,0,TEN,ARI,C,pass_forward,0.2989,0.283,0.3126,2.7,1.5495,0.0296,Ryan Tannehill
2021091207,2074,1,TEN,ARI,R,run,0.7114,0.7812,0.7732,3.8,1.8974,-0.0081,Ryan Tannehill
2021091207,2095,0,TEN,ARI,C,pass_forward,0.2426,0.2688,0.4599,3.4,0.8864,0.1911,Ryan Tannehill
2021091207,2119,1,TEN,ARI,C,pass_forward,0.7887,0.8184,0.8076,2.8,1.7703,-0.0108,Ryan Tannehill
2021091207,2148,0,TEN,ARI,C,pass_forward,0.3717,0.3096,0.3174,1.9,2.5466,0.0078,Ryan Tannehill
2021091207,2222,0,TEN,ARI,I,pass_forward,0.6003,0.7011,0.7348,2.5,2.1112,0.0337,Ryan Tannehill
2021091207,2244,0,TEN,ARI,I,pass_forward,0.5802,0.6339,0.6106,3.1,1.9922,-0.0233,Ryan Tannehill
2021091207,2345,0,ARI,TEN,I,pass_forward,0.2932,0.2472,0.2875,4.6,4.6135,0.0403,Kyler Murray
2021091207,2503,0,ARI,TEN,IN,pass_forward,0.3713,0.5539,0.3746,5.7,2.5306,-0.1794,Kyler Murray
2021091207,2529,1,TEN,ARI,C,pass_forward,0.2239,0.2001,0.2797,2.4,1.9876,0.0796,Ryan Tannehill
2021091207,2553,1,TEN,ARI,C,pass_forward,0.1075,0.302,0.33,2.4,1.2107,0.028,Ryan Tannehill
2021091207,2654,1,ARI,TEN,C,pass_forward,0.4366,0.4974,0.3183,2.2,1.9029,-0.1791,Kyler Murray
2021091207,2716,0,ARI,TEN,I,pass_forward,0.4665,0.5863,0.4419,3.4,1.9029,-0.1444,Kyler Murray
2021091207,2766,1,ARI,TEN,C,pass_forward,0.5344,0.6219,0.4167,2.4,2.8551,-0.2052,Kyler Murray
2021091207,2856,0,TEN,ARI,C,pass_forward,0.0984,0.202,0.2536,2.7,2.9235,0.0516,Ryan Tannehill
2021091207,2901,0,TEN,ARI,IN,pass_forward,0.3405,0.5159,0.143,3.6,1.0028,-0.3729,Ryan Tannehill
2021091207,2927,0,ARI,TEN,I,pass_forward,0.2757,0.3074,0.3823,4.9,5.1936,0.0749,Kyler Murray
2021091207,2949,0,ARI,TEN,I,pass_forward,0.2769,0.2664,0.265,2.5,2.2597,-0.0014,Kyler Murray
2021091207,2982,0,ARI,TEN,S,qb_sack,0.3119,0.2871,0.0246,3.2,0.3734,-0.2625,Kyler Murray
2021091207,3148,0,TEN,ARI,S,qb_strip_sack,0.228,0.3464,0.0508,3.1,0.636,-0.2956,Ryan Tannehill
2021091207,3245,1,ARI,TEN,C,pass_forward,0.5085,0.5919,0.6537,2.4,4.3077,0.0618,Kyler Murray
2021091207,3310,0,TEN,ARI,I,pass_forward,0.2324,0.2822,0.24,2.7,2.0164,-0.0421,Ryan Tannehill
2021091207,3353,1,TEN,ARI,C,pass_forward,0.3681,0.4905,0.4878,3.1,2.2389,-0.0027,Ryan Tannehill
2021091207,3398,0,TEN,ARI,I,pass_forward,0.5166,0.6027,0.6322,2.8,2.1284,0.0295,Ryan Tannehill
2021091207,3420,1,TEN,ARI,C,pass_forward,0.4591,0.478,0.4849,1.9,3.0099,0.0069,Ryan Tannehill
2021091207,3444,0,TEN,ARI,I,pass_forward,0.2247,0.1579,0.1774,1.6,3.2984,0.0195,Ryan Tannehill
2021091207,3466,0,TEN,ARI,I,pass_forward,0.2229,0.19,0.1476,1.9,3.184,-0.0423,Ryan Tannehill
2021091207,3488,0,TEN,ARI,I,pass_forward,0.2239,0.2213,0.3021,2.9,2.4221,0.0808,Ryan Tannehill
2021091207,3527,0,TEN,ARI,S,qb_sack,0.2322,0.2834,0.0271,4.6,0.4534,-0.2563,Ryan Tannehill
2021091207,3728,1,TEN,ARI,C,pass_forward,0.2736,0.2539,0.347,2.8,2.4698,0.0931,Ryan Tannehill
2021091207,3776,1,TEN,ARI,C,pass_forward,0.5512,0.5184,0.4907,2.3,3.7309,-0.0277,Ryan Tannehill
2021091207,3804,0,TEN,ARI,C,pass_forward,0.2654,0.2837,0.307,2.4,2.7181,0.0234,Ryan Tannehill
2021091207,3828,0,TEN,ARI,S,qb_sack,0.5822,0.5878,0.0316,3.8,0.04,-0.5561,Ryan Tannehill
2021091207,3847,0,TEN,ARI,C,pass_forward,0.1952,0.1803,0.1744,3.5,0.9311,-0.0059,Ryan Tannehill
2021091207,3871,0,TEN,ARI,I,pass_forward,0.4957,0.4846,0.3646,2.6,1.5432,-0.12,Ryan Tannehill
2021091208,56,1,LAC,WAS,C,pass_forward,0.261,0.2709,0.4802,2.5,4.8304,0.2094,Justin Herbert
2021091208,85,0,LAC,WAS,C,pass_forward,0.2453,0.2734,0.2706,2.1,2.2299,-0.0028,Justin Herbert
2021091208,175,1,LAC,WAS,C,pass_forward,0.1893,0.1702,0.128,2.7,2.2692,-0.0422,Justin Herbert
2021091208,225,0,LAC,WAS,C,pass_forward,0.4087,0.4663,0.2079,6.8,1.8917,-0.2583,Justin Herbert
2021091208,272,1,LAC,WAS,C,pass_forward,0.3329,0.4194,0.44,2.2,3.1936,0.0205,Justin Herbert
2021091208,377,0,WAS,LAC,C,pass_forward,0.3888,0.4599,0.4347,2.8,1.9692,-0.0252,Ryan Fitzpatrick
2021091208,401,0,WAS,LAC,I,pass_forward,0.5749,0.5624,0.325,4.1,0.9618,-0.2375,Ryan Fitzpatrick
2021091208,450,0,LAC,WAS,I,pass_forward,0.4187,0.3904,0.421,3.3,1.9794,0.0306,Justin Herbert
2021091208,493,0,LAC,WAS,C,pass_forward,0.4066,0.4984,0.3705,2.6,2.9972,-0.1279,Justin Herbert
2021091208,620,0,WAS,LAC,C,pass_forward,0.1766,0.1667,0.1135,1.9,2.0036,-0.0532,Ryan Fitzpatrick
2021091208,649,0,WAS,LAC,R,run,0.4171,0.4344,0.3496,4.1,1.252,-0.0847,Ryan Fitzpatrick
2021091208,742,0,LAC,WAS,I,pass_forward,0.3552,0.2364,0.2262,2.8,1.1636,-0.0103,Justin Herbert
2021091208,764,0,LAC,WAS,C,pass_forward,0.3535,0.3259,0.2682,2.4,2.1825,-0.0577,Justin Herbert
2021091208,788,0,LAC,WAS,I,pass_forward,0.4594,0.4501,0.4378,2.5,3.5603,-0.0123,Justin Herbert
2021091208,974,0,WAS,LAC,I,pass_forward,0.2335,0.2471,0.2173,2.0,2.2005,-0.0298,Ryan Fitzpatrick
2021091208,996,0,WAS,LAC,S,pass_forward,0.2548,0.2483,0.0961,2.9,0.8647,-0.1522,Ryan Fitzpatrick
2021091208,1095,1,LAC,WAS,C,pass_forward,0.3362,0.3495,0.3369,2.3,2.4475,-0.0126,Justin Herbert
2021091208,1145,1,LAC,WAS,C,pass_forward,0.6653,0.5432,0.4603,3.2,2.0553,-0.0828,Justin Herbert
2021091208,1190,0,LAC,WAS,C,pass_forward,0.1874,0.2271,0.1659,1.6,1.4705,-0.0611,Justin Herbert
2021091208,1214,1,LAC,WAS,C,pass_forward,0.5662,0.5871,0.2409,2.4,1.3719,-0.3462,Justin Herbert
2021091208,1238,0,LAC,WAS,I,pass_forward,0.3055,0.3186,0.2435,1.7,2.1811,-0.0752,Justin Herbert
2021091208,1304,0,LAC,WAS,I,pass_forward,0.5404,0.571,0.6455,2.3,3.3444,0.0745,Justin Herbert
2021091208,1367,0,WAS,LAC,I,pass_forward,0.2884,0.2341,0.0491,2.7,0.6017,-0.185,Ryan Fitzpatrick
2021091208,1431,0,WAS,LAC,I,pass_forward,0.2985,0.3924,0.5546,3.2,2.3564,0.1622,Taylor Heinicke
2021091208,1453,0,WAS,LAC,I,pass_forward,0.2928,0.2956,0.2872,2.1,1.7183,-0.0083,Taylor Heinicke
2021091208,1521,0,LAC,WAS,C,pass_forward,0.4936,0.5767,0.4432,1.7,2.0026,-0.1334,Justin Herbert
2021091208,1599,0,LAC,WAS,C,pass_forward,0.4921,0.3893,0.4331,1.8,3.4621,0.0438,Justin Herbert
2021091208,1644,0,LAC,WAS,I,pass_forward,0.4413,0.3448,0.1763,3.9,1.7395,-0.1684,Justin Herbert
2021091208,1710,0,LAC,WAS,C,pass_forward,0.0796,0.063,0.0411,2.2,3.8511,-0.0219,Justin Herbert
2021091208,1739,1,LAC,WAS,C,pass_forward,0.5848,0.6448,0.6577,2.2,2.0866,0.0129,Justin Herbert
2021091208,1784,1,LAC,WAS,C,pass_forward,0.3435,0.4532,0.5654,3.1,2.1483,0.1122,Justin Herbert
2021091208,1988,0,LAC,WAS,I,pass_forward,0.3689,0.464,0.3482,4.1,2.2971,-0.1157,Justin Herbert
2021091208,2010,0,LAC,WAS,S,autoevent_passforward,0.3862,0.499,0.5093,2.6,1.8405,0.0102,Justin Herbert
2021091208,2046,0,LAC,WAS,I,pass_forward,0.3877,0.3904,0.2935,2.2,1.7322,-0.0969,Justin Herbert
2021091208,2156,1,WAS,LAC,C,pass_forward,0.3648,0.279,0.4325,3.8,2.4918,0.1535,Taylor Heinicke
2021091208,2185,0,WAS,LAC,C,pass_forward,0.2686,0.3596,0.3734,2.3,3.2553,0.0138,Taylor Heinicke
2021091208,2219,1,WAS,LAC,R,run,0.5405,0.7289,0.51,4.8,3.8833,-0.2188,Taylor Heinicke
2021091208,2322,0,WAS,LAC,R,run,0.2606,0.4018,0.1392,4.6,2.3031,-0.2626,Taylor Heinicke
2021091208,2348,1,WAS,LAC,C,pass_forward,0.4042,0.4221,0.372,2.9,1.7376,-0.0501,Taylor Heinicke
2021091208,2428,0,WAS,LAC,C,pass_forward,0.3044,0.2665,0.2247,2.0,3.3818,-0.0418,Taylor Heinicke
2021091208,2482,1,WAS,LAC,C,pass_forward,0.3769,0.4343,0.3563,3.0,2.566,-0.078,Taylor Heinicke
2021091208,2522,1,WAS,LAC,C,pass_forward,0.2641,0.2547,0.2835,3.3,3.1058,0.0288,Taylor Heinicke
2021091208,2617,0,LAC,WAS,C,pass_forward,0.3522,0.2544,0.3023,2.5,3.6812,0.0479,Justin Herbert
2021091208,2641,1,LAC,WAS,C,pass_forward,0.572,0.5576,0.6586,1.7,2.6098,0.1009,Justin Herbert
2021091208,2670,0,LAC,WAS,I,pass_forward,0.2676,0.2803,0.4075,3.1,3.0144,0.1272,Justin Herbert
2021091208,2692,0,LAC,WAS,I,pass_forward,0.2703,0.418,0.5805,2.6,2.0192,0.1625,Justin Herbert
2021091208,2714,1,LAC,WAS,C,pass_forward,0.2946,0.3431,0.2908,2.8,2.2912,-0.0523,Justin Herbert
2021091208,2761,0,LAC,WAS,I,pass_forward,0.3266,0.3091,0.3316,2.5,2.1458,0.0225,Justin Herbert
2021091208,2804,1,LAC,WAS,C,pass_forward,0.4246,0.415,0.4091,2.4,1.9176,-0.0059,Justin Herbert
2021091208,2849,0,LAC,WAS,S,qb_strip_sack,0.4496,0.3659,0.1077,2.7,1.1861,-0.2582,Justin Herbert
2021091208,3042,1,WAS,LAC,C,pass_forward,0.5364,0.5542,0.2953,3.6,1.3447,-0.2589,Taylor Heinicke
2021091208,3166,0,WAS,LAC,C,pass_forward,0.1006,0.0652,0.1822,4.2,2.0304,0.117,Taylor Heinicke
2021091208,3331,0,WAS,LAC,C,pass_forward,0.3198,0.3422,0.3313,1.9,2.5866,-0.0109,Taylor Heinicke
2021091208,3375,1,LAC,WAS,C,pass_forward,0.4004,0.387,0.4343,2.9,2.3461,0.0473,Justin Herbert
2021091208,3420,0,LAC,WAS,I,pass_forward,0.4514,0.4871,0.4734,2.4,2.8656,-0.0138,Justin Herbert
2021091208,3442,1,LAC,WAS,C,pass_forward,0.4296,0.4742,0.5713,3.2,4.0045,0.0972,Justin Herbert
2021091208,3484,0,LAC,WAS,IN,pass_forward,0.2702,0.3804,0.4376,3.2,2.0935,0.0572,Justin Herbert
2021091208,3575,0,LAC,WAS,I,pass_forward,0.3122,0.5779,0.3048,4.3,2.0623,-0.2731,Justin Herbert
2021091208,3597,1,LAC,WAS,C,pass_forward,0.5618,0.5379,0.3762,1.6,4.5,-0.1618,Justin Herbert
2021091208,3850,0,WAS,LAC,C,pass_forward,0.0988,0.0722,0.0622,2.2,4.5626,-0.01,Taylor Heinicke
2021091208,3874,0,WAS,LAC,R,run,0.1283,0.1198,0.2059,3.9,3.0728,0.0861,Taylor Heinicke
2021091208,4055,1,LAC,WAS,C,pass_forward,0.118,0.1078,0.0727,2.8,2.7923,-0.0352,Justin Herbert
2021091208,4101,0,LAC,WAS,C,pass_forward,0.3012,0.338,0.3903,2.1,4.4754,0.0523,Justin Herbert
2021091208,4125,1,LAC,WAS,C,pass_forward,0.546,0.5334,0.5801,3.5,3.942,0.0467,Justin Herbert
2021091208,4191,1,LAC,WAS,C,pass_forward,0.4991,0.5994,0.6495,2.7,4.7872,0.0501,Justin Herbert
2021091208,4312,1,LAC,WAS,C,pass_forward,0.5061,0.5465,0.5393,2.3,2.6541,-0.0072,Justin Herbert
2021091209,76,1,CLE,KC,C,pass_forward,0.3023,0.5175,0.4407,1.9,4.2641,-0.0767,Baker Mayfield
2021091209,126,1,CLE,KC,C,pass_forward,0.5242,0.653,0.4688,2.5,2.136,-0.1842,Baker Mayfield
2021091209,155,0,CLE,KC,I,pass_forward,0.2733,0.3736,0.3022,3.5,2.023,-0.0715,Baker Mayfield
2021091209,177,0,CLE,KC,R,run,0.2949,0.2938,0.3311,4.1,1.9535,0.0373,Baker Mayfield
2021091209,198,1,CLE,KC,C,pass_forward,0.566,0.5637,0.5093,3.3,3.1266,-0.0544,Baker Mayfield
2021091209,243,0,CLE,KC,I,pass_forward,0.2042,0.23,0.1022,6.8,2.268,-0.1278,Baker Mayfield
2021091209,265,0,CLE,KC,C,pass_forward,0.2226,0.2908,0.4265,3.7,3.1803,0.1357,Baker Mayfield
2021091209,289,1,CLE,KC,C,pass_forward,0.5505,0.5995,0.6189,1.8,2.5968,0.0194,Baker Mayfield
2021091209,490,1,KC,CLE,C,pass_forward,0.6025,0.4857,0.4953,2.5,2.1578,0.0096,Patrick Mahomes
2021091209,514,1,KC,CLE,C,pass_forward,0.3106,0.3093,0.3612,2.7,2.189,0.0519,Patrick Mahomes
2021091209,559,1,KC,CLE,C,pass_forward,0.2965,0.3543,0.3947,2.8,2.449,0.0405,Patrick Mahomes
2021091209,620,0,KC,CLE,I,pass_forward,0.4283,0.4014,0.5023,2.5,2.491,0.1009,Patrick Mahomes
2021091209,710,0,KC,CLE,C,pass_forward,0.2261,0.2457,0.2429,4.5,1.5108,-0.0028,Patrick Mahomes
2021091209,768,1,CLE,KC,C,pass_forward,0.4296,0.3503,0.424,3.2,2.2635,0.0737,Baker Mayfield
2021091209,797,1,CLE,KC,C,pass_forward,0.5501,0.2228,0.1588,2.7,2.3266,-0.064,Baker Mayfield
2021091209,866,0,CLE,KC,C,pass_forward,0.3984,0.3211,0.2889,1.7,3.0813,-0.0321,Baker Mayfield
2021091209,995,0,KC,CLE,C,pass_forward,0.2882,0.2942,0.3176,1.7,4.3442,0.0233,Patrick Mahomes
2021091209,1142,1,KC,CLE,C,pass_forward,0.4591,0.5462,0.5339,2.3,2.7434,-0.0122,Patrick Mahomes
2021091209,1166,0,KC,CLE,I,pass_forward,0.2813,0.3134,0.1171,6.1,2.422,-0.1962,Patrick Mahomes
2021091209,1188,0,KC,CLE,C,pass_forward,0.2758,0.2082,0.2179,2.2,2.3345,0.0097,Patrick Mahomes
2021091209,1212,1,KC,CLE,C,pass_forward,0.6023,0.6453,0.4339,2.6,1.6208,-0.2115,Patrick Mahomes
2021091209,1247,1,KC,CLE,C,pass_forward,0.2986,0.3544,0.3738,2.8,2.1285,0.0195,Patrick Mahomes
2021091209,1295,1,KC,CLE,R,run,0.2961,0.3986,0.1443,7.0,1.6199,-0.2543,Patrick Mahomes
2021091209,1387,0,CLE,KC,C,pass_forward,0.1786,0.1337,0.1464,2.9,3.3497,0.0127,Baker Mayfield
2021091209,1484,0,CLE,KC,C,pass_forward,0.4316,0.2836,0.3571,3.4,2.0316,0.0735,Baker Mayfield
2021091209,1508,1,CLE,KC,R,autoevent_passforward,0.7548,0.6114,0.567,1.6,7.9422,-0.0443,Jarvis Landry
2021091209,1601,0,KC,CLE,C,pass_forward,0.3234,0.3071,0.2749,1.9,3.8687,-0.0322,Patrick Mahomes
2021091209,1631,1,KC,CLE,C,pass_forward,0.7427,0.7383,0.565,5.1,1.7265,-0.1733,Patrick Mahomes
2021091209,1672,0,KC,CLE,I,pass_forward,0.2958,0.3225,0.1126,4.6,1.0539,-0.2099,Patrick Mahomes
2021091209,1694,0,KC,CLE,I,pass_forward,0.2774,0.2892,0.2471,2.5,1.274,-0.0422,Patrick Mahomes
2021091209,1716,0,KC,CLE,I,pass_forward,0.2633,0.3027,0.353,3.0,2.8207,0.0503,Patrick Mahomes
2021091209,1853,1,CLE,KC,C,pass_forward,0.3321,0.2741,0.3473,3.6,1.7737,0.0732,Baker Mayfield
2021091209,1894,0,CLE,KC,I,pass_forward,0.2833,0.3363,0.1329,5.0,1.83,-0.2034,Baker Mayfield
2021091209,1916,0,CLE,KC,I,pass_forward,0.2498,0.3391,0.3053,3.9,2.2402,-0.0338,Baker Mayfield
2021091209,1971,0,CLE,KC,S,qb_sack,0.0506,0.0756,0.0786,5.0,0.1456,0.003,Baker Mayfield
2021091209,2124,1,KC,CLE,C,pass_forward,0.4668,0.5301,0.6097,1.6,4.2459,0.0796,Patrick Mahomes
2021091209,2226,1,KC,CLE,C,pass_forward,0.2409,0.2809,0.2356,1.6,4.906,-0.0452,Patrick Mahomes
2021091209,2250,0,KC,CLE,I,pass_forward,0.2792,0.3613,0.2706,3.1,1.1007,-0.0907,Patrick Mahomes
2021091209,2293,1,KC,CLE,R,run,0.4242,0.452,0.566,3.9,0.9513,0.114,Patrick Mahomes
2021091209,2340,1,KC,CLE,C,pass_forward,0.6364,0.6932,0.6849,3.1,2.4137,-0.0082,Patrick Mahomes
2021091209,2364,0,KC,CLE,R,run,0.257,0.2107,0.2782,3.2,1.8505,0.0674,Patrick Mahomes
2021091209,2425,1,KC,CLE,C,pass_forward,0.3544,0.3528,0.389,2.2,2.1828,0.0362,Patrick Mahomes
2021091209,2587,0,KC,CLE,C,pass_forward,0.3317,0.3629,0.4069,2.2,3.8833,0.0439,Patrick Mahomes
2021091209,2685,1,KC,CLE,C,pass_forward,0.6199,0.5531,0.4561,1.8,3.976,-0.0971,Patrick Mahomes
2021091209,2735,0,KC,CLE,S,qb_sack,0.5119,0.5154,0.0407,4.5,0.2884,-0.4747,Patrick Mahomes
2021091209,2777,0,KC,CLE,I,pass_forward,0.144,0.1455,0.1409,4.5,1.5381,-0.0045,Patrick Mahomes
2021091209,2833,1,CLE,KC,C,pass_forward,0.3911,0.4145,0.5741,2.4,2.5186,0.1596,Baker Mayfield
2021091209,2942,1,CLE,KC,C,pass_forward,0.619,0.6539,0.6586,3.0,2.5044,0.0047,Baker Mayfield
2021091209,3093,1,KC,CLE,C,pass_forward,0.3104,0.247,0.1733,4.8,1.3506,-0.0737,Patrick Mahomes
2021091209,3149,0,CLE,KC,S,qb_sack,0.3185,0.2849,0.0261,3.6,0.3929,-0.2588,Baker Mayfield
2021091209,3168,0,CLE,KC,C,pass_forward,0.165,0.1006,0.0897,2.7,2.2853,-0.0108,Baker Mayfield
2021091209,3192,0,CLE,KC,I,pass_forward,0.2235,0.235,0.1561,5.7,3.6787,-0.0789,Baker Mayfield
2021091209,3286,1,KC,CLE,C,pass_forward,0.4604,0.3379,0.3928,1.5,3.8733,0.0549,Patrick Mahomes
2021091209,3390,0,CLE,KC,C,pass_forward,0.213,0.08,0.0687,2.5,2.5178,-0.0113,Baker Mayfield
2021091209,3435,0,CLE,KC,I,pass_forward,0.4634,0.4604,0.5872,3.0,3.0114,0.1269,Baker Mayfield
2021091209,3510,0,KC,CLE,C,pass_forward,0.5931,0.4246,0.389,1.7,4.6276,-0.0356,Patrick Mahomes
2021091209,3534,1,KC,CLE,C,pass_forward,0.6484,0.6765,0.6315,2.8,3.4759,-0.0449,Patrick Mahomes
2021091209,3617,0,KC,CLE,I,pass_forward,0.3307,0.3583,0.2426,1.9,2.5604,-0.1158,Patrick Mahomes
2021091209,3639,0,KC,CLE,S,qb_sack,0.3307,0.318,0.0201,3.5,0.204,-0.2979,Patrick Mahomes
2021091209,3704,0,CLE,KC,C,pass_forward,0.4291,0.4009,0.3771,1.9,4.1906,-0.0238,Baker Mayfield
2021091209,3745,1,CLE,KC,C,pass_forward,0.5933,0.623,0.6638,1.7,2.9732,0.0408,Baker Mayfield
2021091209,3793,0,CLE,KC,IN,pass_forward,0.3083,0.409,0.3247,4.7,1.2193,-0.0842,Baker Mayfield
2021091210,146,0,NE,MIA,S,qb_strip_sack,0.1977,0.2431,0.0476,3.5,0.5661,-0.1955,Mac Jones
2021091210,200,0,NE,MIA,C,pass_forward,0.0505,0.2348,0.0414,3.7,0.495,-0.1935,Mac Jones
2021091210,352,1,MIA,NE,C,pass_forward,0.4406,0.433,0.4282,3.2,1.6484,-0.0047,Tua Tagovailoa
2021091210,525,0,NE,MIA,C,pass_forward,0.3208,0.4107,0.3639,1.6,1.9481,-0.0468,Mac Jones
2021091210,574,1,NE,MIA,C,pass_forward,0.5132,0.6479,0.7419,1.5,2.4549,0.0939,Mac Jones
2021091210,603,0,NE,MIA,C,pass_forward,0.313,0.3824,0.3194,3.1,1.5251,-0.063,Mac Jones
2021091210,726,0,MIA,NE,S,qb_sack,0.1781,0.2786,0.027,5.6,0.1581,-0.2516,Tua Tagovailoa
2021091210,865,0,NE,MIA,C,pass_forward,0.2008,0.2547,0.2426,1.8,3.7776,-0.012,Mac Jones
2021091210,929,1,NE,MIA,C,pass_forward,0.6088,0.6133,0.6881,3.6,2.3172,0.0748,Mac Jones
2021091210,953,0,NE,MIA,I,pass_forward,0.2032,0.2552,0.1648,1.5,3.6459,-0.0904,Mac Jones
2021091210,996,1,NE,MIA,C,pass_forward,0.4223,0.4563,0.4503,2.1,2.9235,-0.0061,Mac Jones
2021091210,1020,0,NE,MIA,I,pass_forward,0.2327,0.1672,0.128,3.9,2.1702,-0.0392,Mac Jones
2021091210,1081,0,NE,MIA,C,pass_forward,0.0859,0.0736,0.0958,2.9,3.5922,0.0222,Mac Jones
2021091210,1201,1,MIA,NE,C,pass_forward,0.3539,0.2953,0.2527,1.8,3.379,-0.0426,Tua Tagovailoa
2021091210,1225,0,MIA,NE,I,pass_forward,0.4357,0.3526,0.2605,4.0,2.4013,-0.092,Tua Tagovailoa
2021091210,1284,0,MIA,NE,I,pass_forward,0.3351,0.3258,0.4519,3.1,2.3805,0.1261,Tua Tagovailoa
2021091210,1323,1,NE,MIA,C,pass_forward,0.424,0.5049,0.6383,2.3,2.5663,0.1335,Mac Jones
2021091210,1368,0,NE,MIA,I,pass_forward,0.2999,0.4677,0.2834,2.4,1.2659,-0.1842,Mac Jones
2021091210,1390,0,NE,MIA,I,pass_forward,0.4281,0.4303,0.5048,2.5,2.7722,0.0745,Mac Jones
2021091210,1442,0,MIA,NE,C,pass_forward,0.3767,0.322,0.2923,2.0,4.4408,-0.0297,Tua Tagovailoa
2021091210,1492,0,MIA,NE,I,pass_forward,0.42,0.4425,0.2618,4.7,1.4799,-0.1807,Tua Tagovailoa
2021091210,1584,1,NE,MIA,C,pass_forward,0.3194,0.3207,0.5032,2.9,3.6135,0.1825,Mac Jones
2021091210,1608,0,NE,MIA,I,pass_forward,0.3139,0.2571,0.2691,2.4,3.8687,0.012,Mac Jones
2021091210,1630,0,NE,MIA,C,pass_forward,0.2047,0.2872,0.4152,3.0,2.57,0.1279,Mac Jones
2021091210,1712,1,NE,MIA,C,pass_forward,0.2075,0.2791,0.2552,2.8,1.6621,-0.024,Mac Jones
2021091210,1772,1,MIA,NE,C,pass_forward,0.3114,0.2552,0.2838,2.3,4.3738,0.0286,Tua Tagovailoa
2021091210,1858,0,MIA,NE,C,pass_forward,0.4968,0.4844,0.5038,2.8,3.2622,0.0194,Tua Tagovailoa
2021091210,1947,0,MIA,NE,C,pass_forward,0.156,0.1172,0.0911,2.3,2.7336,-0.0262,Tua Tagovailoa
2021091210,1989,0,MIA,NE,I,pass_forward,0.3921,0.5362,0.5283,2.7,3.5639,-0.0079,Tua Tagovailoa
2021091210,2011,0,MIA,NE,S,qb_sack,0.38,0.558,0.1654,4.1,0.3289,-0.3926,Tua Tagovailoa
2021091210,2119,0,MIA,NE,I,pass_forward,0.3073,0.2905,0.2817,3.6,1.6985,-0.0087,Tua Tagovailoa
2021091210,2141,1,MIA,NE,C,pass_forward,0.388,0.3911,0.4544,3.3,1.4368,0.0632,Tua Tagovailoa
2021091210,2191,1,MIA,NE,C,pass_forward,0.2687,0.3455,0.2356,1.7,2.5899,-0.1099,Tua Tagovailoa
2021091210,2287,1,MIA,NE,C,pass_forward,0.3684,0.498,0.3797,2.4,1.7305,-0.1183,Tua Tagovailoa
2021091210,2461,0,NE,MIA,I,pass_forward,0.1058,0.1059,0.2459,3.7,2.54,0.14,Mac Jones
2021091210,2483,1,NE,MIA,C,pass_forward,0.1558,0.3236,0.2066,2.7,1.6644,-0.1171,Mac Jones
2021091210,2611,0,NE,MIA,I,pass_forward,0.1687,0.2145,0.1394,4.1,1.7116,-0.075,Mac Jones
2021091210,2633,1,NE,MIA,C,pass_forward,0.2123,0.2427,0.2677,2.5,2.2664,0.025,Mac Jones
2021091210,2662,0,NE,MIA,C,autoevent_passforward,0.3002,0.2666,0.3637,3.6,2.0008,0.0972,Mac Jones
2021091210,2728,0,NE,MIA,C,pass_forward,0.169,0.0899,0.0729,2.5,1.9629,-0.017,Mac Jones
2021091210,2752,0,NE,MIA,I,pass_forward,0.3327,0.3353,0.2707,3.1,1.3943,-0.0646,Mac Jones
2021091210,2830,0,MIA,NE,I,pass_forward,0.1529,0.1371,0.2511,2.5,3.776,0.114,Tua Tagovailoa
2021091210,2912,1,NE,MIA,C,pass_forward,0.3618,0.406,0.5447,3.7,1.1385,0.1387,Mac Jones
2021091210,2973,1,NE,MIA,C,pass_forward,0.345,0.3332,0.3098,3.0,2.2258,-0.0235,Mac Jones
2021091210,3016,0,NE,MIA,C,pass_forward,0.31,0.3453,0.2488,1.6,4.9016,-0.0965,Mac Jones
2021091210,3045,0,NE,MIA,C,pass_forward,0.4377,0.4949,0.4131,2.0,3.5999,-0.0818,Mac Jones
2021091210,3069,1,NE,MIA,C,pass_forward,0.433,0.4364,0.4992,1.6,2.8844,0.0628,Mac Jones
2021091210,3093,1,NE,MIA,C,pass_forward,0.3113,0.3593,0.2617,4.3,2.962,-0.0976,Mac Jones
2021091210,3127,0,NE,MIA,C,pass_forward,0.3602,0.4869,0.3559,1.3,3.4601,-0.131,Mac Jones
2021091210,3173,1,NE,MIA,C,pass_forward,0.4149,0.4183,0.4741,2.1,2.3369,0.0558,Mac Jones
2021091210,3239,0,NE,MIA,I,pass_forward,0.3712,0.5264,0.5734,1.8,2.2583,0.0471,Mac Jones
2021091210,3345,0,MIA,NE,C,pass_forward,0.459,0.4715,0.5088,1.9,4.4342,0.0373,Tua Tagovailoa
2021091210,3415,0,MIA,NE,IN,pass_forward,0.4444,0.4033,0.2077,5.7,1.5771,-0.1956,Tua Tagovailoa
2021091210,3473,0,NE,MIA,C,pass_forward,0.3811,0.3969,0.4075,2.3,2.642,0.0106,Mac Jones
2021091210,3497,1,NE,MIA,C,pass_forward,0.4425,0.4499,0.2636,2.6,1.5631,-0.1863,Mac Jones
2021091210,3610,1,NE,MIA,C,pass_forward,0.5782,0.5269,0.5899,1.5,4.6861,0.0629,Mac Jones
2021091211,76,1,NO,GB,C,pass_forward,0.2948,0.3941,0.5462,2.9,1.664,0.1522,Jameis Winston
2021091211,100,1,NO,GB,R,run,0.2642,0.3165,0.2502,4.0,4.1021,-0.0664,Jameis Winston
2021091211,142,1,NO,GB,R,run,0.4449,0.4711,0.4665,3.9,1.2081,-0.0045,Jameis Winston
2021091211,184,0,NO,GB,I,pass_forward,0.4152,0.4245,0.1144,3.6,0.4982,-0.31,Jameis Winston
2021091211,206,0,NO,GB,I,pass_forward,0.4244,0.4442,0.3804,2.3,2.1015,-0.0638,Jameis Winston
2021091211,283,0,GB,NO,C,pass_forward,0.2468,0.1521,0.2037,2.0,3.7707,0.0516,Aaron Rodgers
2021091211,307,0,GB,NO,C,pass_forward,0.3569,0.381,0.4013,3.6,2.5206,0.0202,Aaron Rodgers
2021091211,393,0,GB,NO,I,pass_forward,0.362,0.3965,0.2782,3.2,2.6624,-0.1184,Aaron Rodgers
2021091211,421,0,GB,NO,I,pass_forward,0.3722,0.3498,0.0397,7.1,0.8349,-0.3101,Aaron Rodgers
2021091211,528,0,NO,GB,C,pass_forward,0.3144,0.2572,0.2393,1.6,3.5297,-0.018,Jameis Winston
2021091211,573,1,NO,GB,C,pass_forward,0.3705,0.3251,0.4614,3.1,2.4102,0.1363,Jameis Winston
2021091211,597,0,NO,GB,I,pass_forward,0.3536,0.3983,0.4204,6.6,2.4505,0.0221,Jameis Winston
2021091211,640,1,NO,GB,R,run,0.3153,0.3572,0.1308,4.4,1.8689,-0.2264,Jameis Winston
2021091211,709,1,NO,GB,C,pass_forward,0.5887,0.6054,0.6216,2.5,2.3314,0.0162,Jameis Winston
2021091211,902,0,GB,NO,S,qb_sack,0.2862,0.2959,0.0138,4.0,0.2561,-0.2822,Aaron Rodgers
2021091211,921,0,GB,NO,C,pass_forward,0.1166,0.0218,0.0519,2.4,2.707,0.0301,Aaron Rodgers
2021091211,945,0,GB,NO,I,pass_forward,0.2356,0.1267,0.1528,3.1,3.0537,0.0262,Aaron Rodgers
2021091211,1274,0,NO,GB,C,pass_forward,0.1807,0.1861,0.2531,1.6,2.5005,0.067,Jameis Winston
2021091211,1391,1,NO,GB,C,pass_forward,0.5849,0.7028,0.0578,3.2,0.522,-0.645,Jameis Winston
2021091211,1443,1,GB,NO,C,pass_forward,0.335,0.3575,0.315,2.8,2.2205,-0.0425,Aaron Rodgers
2021091211,1493,0,GB,NO,C,pass_forward,0.3895,0.2991,0.2927,1.9,3.4244,-0.0064,Aaron Rodgers
2021091211,1550,1,GB,NO,C,pass_forward,0.3213,0.3102,0.235,2.9,1.4389,-0.0752,Aaron Rodgers
2021091211,1608,0,GB,NO,I,pass_forward,0.1481,0.187,0.2047,2.0,4.6011,0.0177,Aaron Rodgers
2021091211,1752,1,GB,NO,C,pass_forward,0.4623,0.4477,0.4362,1.1,4.3417,-0.0116,Aaron Rodgers
2021091211,1785,1,GB,NO,C,pass_forward,0.3676,0.4206,0.3996,3.3,2.3142,-0.0211,Aaron Rodgers
2021091211,1809,0,GB,NO,I,pass_forward,0.2982,0.3057,0.3996,3.2,2.9697,0.0939,Aaron Rodgers
2021091211,1855,0,GB,NO,I,pass_forward,0.6096,0.5546,0.4784,3.2,2.128,-0.0761,Aaron Rodgers
2021091211,1979,0,GB,NO,IN,pass_forward,0.4422,0.3197,0.0706,3.0,0.6265,-0.2491,Aaron Rodgers
2021091211,2005,0,NO,GB,C,pass_forward,0.3672,0.3031,0.2393,4.0,1.4366,-0.0638,Jameis Winston
2021091211,2118,0,NO,GB,I,pass_forward,0.2167,0.222,0.2401,2.6,3.081,0.018,Jameis Winston
2021091211,2140,0,NO,GB,I,pass_forward,0.2145,0.212,0.2963,3.5,2.7594,0.0843,Jameis Winston
2021091211,2181,0,GB,NO,I,pass_forward,0.2634,0.1296,0.0404,4.0,0.4472,-0.0892,Aaron Rodgers
2021091211,2259,0,GB,NO,IN,pass_forward,0.2706,0.3065,0.3452,3.1,2.6883,0.0387,Aaron Rodgers
2021091211,2327,1,NO,GB,C,pass_forward,0.2082,0.292,0.284,3.9,1.7503,-0.008,Jameis Winston
2021091211,2425,0,GB,NO,I,pass_forward,0.4754,0.5398,0.1827,5.6,1.4287,-0.3571,Aaron Rodgers
2021091211,2447,0,GB,NO,C,pass_forward,0.4323,0.5277,0.4952,2.2,3.8625,-0.0325,Aaron Rodgers
2021091211,2471,0,GB,NO,I,pass_forward,0.6405,0.6286,0.4457,3.8,2.5132,-0.1829,Aaron Rodgers
2021091211,2493,0,NO,GB,I,pass_forward,0.4075,0.3262,0.3544,3.5,2.3408,0.0282,Jameis Winston
2021091211,2617,1,NO,GB,C,pass_forward,0.3011,0.3032,0.2997,2.5,1.7539,-0.0035,Jameis Winston
2021091211,2755,0,GB,NO,I,pass_forward,0.1968,0.1521,0.1357,6.2,2.8616,-0.0163,Aaron Rodgers
2021091211,2893,1,NO,GB,C,pass_forward,0.3203,0.3836,0.5385,3.5,2.0704,0.155,Jameis Winston
2021091211,2986,1,GB,NO,C,pass_forward,0.3803,0.3639,0.462,4.1,3.9644,0.0981,Jordan Love
2021091211,3031,0,GB,NO,C,pass_forward,0.4279,0.4371,0.3305,1.6,2.5536,-0.1066,Jordan Love
2021091211,3060,0,GB,NO,I,pass_forward,0.3687,0.4827,0.4958,2.7,2.7379,0.0131,Jordan Love
2021091212,84,0,NYG,DEN,I,pass_forward,0.4077,0.4677,0.5317,1.8,4.3873,0.064,Daniel Jones
2021091212,106,1,NYG,DEN,C,pass_forward,0.3421,0.3966,0.3494,2.7,3.0485,-0.0472,Daniel Jones
2021091212,186,0,NYG,DEN,I,pass_forward,0.0893,0.0746,0.0759,2.9,2.4412,0.0013,Daniel Jones
2021091212,335,0,DEN,NYG,I,pass_forward,0.4798,0.524,0.3534,2.2,2.1175,-0.1707,Teddy Bridgewater
2021091212,421,0,NYG,DEN,S,qb_sack,0.5592,0.5341,0.0255,3.8,0.3311,-0.5086,Daniel Jones
2021091212,465,1,DEN,NYG,C,pass_forward,0.3428,0.368,0.5493,3.4,2.9243,0.1814,Teddy Bridgewater
2021091212,489,0,DEN,NYG,C,pass_forward,0.3595,0.3726,0.2832,2.8,2.05,-0.0894,Teddy Bridgewater
2021091212,566,1,DEN,NYG,C,pass_forward,0.4789,0.5389,0.557,2.1,2.7397,0.0181,Teddy Bridgewater
2021091212,611,0,DEN,NYG,C,pass_forward,0.3836,0.4232,0.247,4.1,1.12,-0.1762,Teddy Bridgewater
2021091212,635,0,DEN,NYG,I,pass_forward,0.5519,0.5021,0.3809,2.8,2.1301,-0.1212,Teddy Bridgewater
2021091212,657,1,DEN,NYG,C,pass_forward,0.4665,0.4472,0.4779,3.4,2.1324,0.0307,Teddy Bridgewater
2021091212,702,1,DEN,NYG,C,pass_forward,0.3534,0.4165,0.4997,2.7,2.7207,0.0832,Teddy Bridgewater
2021091212,745,0,DEN,NYG,I,pass_forward,0.313,0.2868,0.2576,2.8,2.6521,-0.0292,Teddy Bridgewater
2021091212,788,0,DEN,NYG,R,run,0.1659,0.2255,0.1768,7.0,0.8865,-0.0487,Teddy Bridgewater
2021091212,843,1,NYG,DEN,C,pass_forward,0.3471,0.4265,0.6199,2.6,2.6028,0.1934,Daniel Jones
2021091212,935,0,NYG,DEN,C,pass_forward,0.3302,0.4033,0.4937,3.4,2.1092,0.0904,Daniel Jones
2021091212,980,1,NYG,DEN,C,pass_forward,0.4111,0.4689,0.5802,1.9,2.7431,0.1113,Daniel Jones
2021091212,1004,1,NYG,DEN,C,pass_forward,0.3049,0.2726,0.3793,3.6,3.7875,0.1066,Daniel Jones
2021091212,1081,0,DEN,NYG,C,pass_forward,0.3978,0.4078,0.6171,2.8,1.8004,0.2093,Teddy Bridgewater
2021091212,1127,1,DEN,NYG,C,pass_forward,0.3194,0.4186,0.3264,3.6,2.0156,-0.0922,Teddy Bridgewater
2021091212,1175,0,DEN,NYG,C,pass_forward,0.1943,0.2298,0.1823,2.0,1.9631,-0.0475,Teddy Bridgewater
2021091212,1199,1,DEN,NYG,C,pass_forward,0.4339,0.4066,0.292,2.3,2.1575,-0.1146,Teddy Bridgewater
2021091212,1239,0,DEN,NYG,R,run,0.3206,0.3088,0.332,2.8,1.2479,0.0232,Teddy Bridgewater
2021091212,1260,0,DEN,NYG,C,pass_forward,0.3621,0.4404,0.4526,2.7,2.6342,0.0122,Teddy Bridgewater
2021091212,1366,0,NYG,DEN,I,pass_forward,0.2882,0.2945,0.321,2.0,2.2897,0.0265,Daniel Jones
2021091212,1388,0,NYG,DEN,C,pass_forward,0.2485,0.1344,0.1014,1.6,3.919,-0.033,Daniel Jones
2021091212,1437,0,DEN,NYG,C,pass_forward,0.2894,0.3094,0.2314,3.3,1.3489,-0.0781,Teddy Bridgewater
2021091212,1499,0,DEN,NYG,C,pass_forward,0.4551,0.4232,0.095,3.0,0.6882,-0.3282,Teddy Bridgewater
2021091212,1540,1,DEN,NYG,C,pass_forward,0.6049,0.546,0.5508,2.4,2.2204,0.0048,Teddy Bridgewater
2021091212,1564,1,DEN,NYG,C,pass_forward,0.2377,0.3288,0.3694,2.8,2.3865,0.0407,Teddy Bridgewater
2021091212,1593,1,DEN,NYG,C,pass_forward,0.1506,0.1887,0.2829,2.7,3.261,0.0941,Teddy Bridgewater
2021091212,1776,0,DEN,NYG,I,pass_forward,0.4588,0.4966,0.5942,1.7,3.813,0.0976,Teddy Bridgewater
2021091212,1810,1,DEN,NYG,C,pass_forward,0.3632,0.4462,0.1853,7.7,1.023,-0.2609,Teddy Bridgewater
2021091212,1855,0,DEN,NYG,I,pass_forward,0.4716,0.4745,0.4947,4.0,2.0215,0.0202,Teddy Bridgewater
2021091212,1877,1,DEN,NYG,C,pass_forward,0.3627,0.4394,0.4213,3.0,3.7728,-0.0182,Teddy Bridgewater
2021091212,1901,0,DEN,NYG,I,pass_forward,0.4035,0.3795,0.33,3.6,1.8495,-0.0495,Teddy Bridgewater
2021091212,1944,1,DEN,NYG,C,pass_forward,0.5129,0.5374,0.4937,2.1,2.4125,-0.0437,Teddy Bridgewater
2021091212,1989,0,DEN,NYG,S,qb_sack,0.4951,0.594,0.05,5.6,0.37,-0.544,Teddy Bridgewater
2021091212,2008,1,DEN,NYG,C,pass_forward,0.4372,0.4771,0.44,3.0,1.7307,-0.0371,Teddy Bridgewater
2021091212,2129,0,DEN,NYG,I,pass_forward,0.5922,0.4556,0.2829,5.0,1.5,-0.1727,Teddy Bridgewater
2021091212,2151,0,DEN,NYG,C,pass_forward,0.6232,0.468,0.4739,2.1,2.895,0.0059,Teddy Bridgewater
2021091212,2282,0,NYG,DEN,I,pass_forward,0.4462,0.4802,0.3006,2.6,1.3376,-0.1796,Daniel Jones
2021091212,2304,1,NYG,DEN,C,pass_forward,0.3879,0.3323,0.364,2.6,1.3507,0.0317,Daniel Jones
2021091212,2349,0,NYG,DEN,I,pass_forward,0.338,0.3749,0.452,3.4,1.9906,0.0771,Daniel Jones
2021091212,2371,1,NYG,DEN,C,pass_forward,0.3442,0.3515,0.4102,2.6,1.5003,0.0588,Daniel Jones
2021091212,2395,0,NYG,DEN,C,pass_forward,0.294,0.3155,0.4275,3.4,2.4601,0.112,Daniel Jones
2021091212,2474,0,NYG,DEN,R,run,0.3107,0.456,0.406,4.0,1.0337,-0.05,Daniel Jones
2021091212,2532,0,DEN,NYG,I,pass_forward,0.3966,0.4543,0.3526,2.3,1.6208,-0.1017,Teddy Bridgewater
2021091212,2554,1,DEN,NYG,C,pass_forward,0.5136,0.3363,0.0268,3.4,0.5371,-0.3096,Teddy Bridgewater
2021091212,2630,1,DEN,NYG,R,autoevent_passforward,0.4157,0.4932,0.3113,4.4,1.187,-0.1819,Teddy Bridgewater
2021091212,2703,0,DEN,NYG,S,qb_sack,0.3265,0.3445,0.229,4.7,0.4162,-0.1155,Teddy Bridgewater
2021091212,2804,0,NYG,DEN,R,run,0.4912,0.4371,0.2401,2.8,1.3061,-0.197,Daniel Jones
2021091212,2857,0,NYG,DEN,R,run,0.3684,0.4466,0.3459,3.8,1.6082,-0.1007,Daniel Jones
2021091212,2883,0,NYG,DEN,I,pass_forward,0.4876,0.5419,0.4055,2.6,1.7551,-0.1364,Daniel Jones
2021091212,2905,1,NYG,DEN,R,run,0.4534,0.4563,0.3712,2.3,2.3854,-0.085,Daniel Jones
2021091212,2947,1,NYG,DEN,C,pass_forward,0.3629,0.5159,0.477,3.6,1.7099,-0.0389,Daniel Jones
2021091212,2971,0,NYG,DEN,I,pass_forward,0.2318,0.2555,0.2226,2.9,1.4012,-0.0329,Daniel Jones
2021091212,3047,0,NYG,DEN,I,pass_forward,0.3893,0.3744,0.3788,2.4,1.9242,0.0044,Daniel Jones
2021091212,3095,0,NYG,DEN,I,pass_forward,0.3443,0.3729,0.3067,2.1,1.4204,-0.0661,Daniel Jones
2021091212,3117,0,NYG,DEN,I,pass_forward,0.3303,0.3839,0.3838,2.6,2.3132,-0.0001,Daniel Jones
2021091212,3181,0,DEN,NYG,C,pass_forward,0.5344,0.5163,0.1542,2.8,0.9179,-0.3621,Teddy Bridgewater
2021091212,3294,1,NYG,DEN,C,pass_forward,0.2375,0.2797,0.3695,2.5,2.6675,0.0899,Daniel Jones
2021091212,3318,0,NYG,DEN,C,pass_forward,0.229,0.3226,0.3212,3.1,1.4628,-0.0015,Daniel Jones
2021091212,3342,1,NYG,DEN,C,pass_forward,0.5771,0.6818,0.6181,3.1,1.9896,-0.0637,Daniel Jones
2021091212,3366,0,NYG,DEN,I,pass_forward,0.2058,0.1224,0.1422,2.1,1.8807,0.0198,Daniel Jones
2021091212,3388,0,NYG,DEN,I,pass_forward,0.2093,0.1273,0.1388,2.7,3.5593,0.0115,Daniel Jones
2021091212,3410,0,NYG,DEN,S,qb_sack,0.2093,0.125,0.0336,3.8,0.4249,-0.0914,Daniel Jones
2021091212,3446,0,NYG,DEN,I,pass_forward,0.1407,0.2804,0.3376,2.5,2.792,0.0571,Daniel Jones
2021091212,3601,1,NYG,DEN,C,pass_forward,0.2083,0.1954,0.2188,2.4,2.7127,0.0234,Daniel Jones
2021091212,3625,0,NYG,DEN,C,pass_forward,0.2361,0.2746,0.3656,2.5,2.799,0.091,Daniel Jones
2021091212,3649,1,NYG,DEN,C,pass_forward,0.574,0.6008,0.6033,2.5,2.5871,0.0025,Daniel Jones
2021091212,3673,1,NYG,DEN,C,pass_forward,0.3087,0.3363,0.4115,6.2,2.5869,0.0752,Daniel Jones
2021091212,3719,0,NYG,DEN,C,pass_forward,0.1338,0.1913,0.1975,2.2,2.2365,0.0062,Daniel Jones
2021091212,3743,1,NYG,DEN,C,pass_forward,0.3356,0.5349,0.6456,1.5,3.9631,0.1107,Daniel Jones
2021091213,69,0,CHI,LA,C,pass_forward,0.2803,0.2684,0.2277,2.1,2.482,-0.0407,Andy Dalton
2021091213,217,0,CHI,LA,IN,pass_forward,0.4343,0.4055,0.4446,2.4,2.2954,0.0392,Andy Dalton
2021091213,265,1,LA,CHI,C,pass_forward,0.5352,0.5557,0.5043,1.7,2.4659,-0.0514,Matthew Stafford
2021091213,289,1,LA,CHI,C,pass_forward,0.3102,0.2979,0.3227,4.1,2.7246,0.0249,Matthew Stafford
2021091213,377,0,CHI,LA,C,pass_forward,0.2781,0.2498,0.1988,1.9,3.8488,-0.0511,Andy Dalton
2021091213,401,1,CHI,LA,C,pass_forward,0.4556,0.3722,0.4043,1.5,3.534,0.0321,Andy Dalton
2021091213,425,0,CHI,LA,I,pass_forward,0.2391,0.3012,0.2631,1.8,3.817,-0.0381,Andy Dalton
2021091213,468,0,CHI,LA,C,pass_forward,0.3994,0.3979,0.3572,1.8,3.3137,-0.0406,Andy Dalton
2021091213,492,0,CHI,LA,I,pass_forward,0.4698,0.4683,0.4052,2.0,2.575,-0.0631,Andy Dalton
2021091213,514,0,LA,CHI,C,pass_forward,0.3416,0.3843,0.2808,4.0,2.3087,-0.1036,Matthew Stafford
2021091213,538,1,LA,CHI,C,pass_forward,0.308,0.2547,0.3027,3.5,2.472,0.0481,Matthew Stafford
2021091213,583,0,LA,CHI,C,pass_forward,0.2933,0.2704,0.2088,2.1,2.2415,-0.0616,Matthew Stafford
2021091213,607,0,LA,CHI,I,pass_forward,0.3698,0.4834,0.4641,2.5,3.0249,-0.0193,Matthew Stafford
2021091213,684,1,CHI,LA,C,pass_forward,0.1451,0.0834,0.151,3.0,2.0141,0.0676,Andy Dalton
2021091213,775,0,CHI,LA,C,pass_forward,0.2114,0.1322,0.2436,3.2,2.7963,0.1113,Andy Dalton
2021091213,804,0,CHI,LA,S,qb_strip_sack,0.4841,0.4577,0.1596,2.6,1.1618,-0.2981,Andy Dalton
2021091213,962,1,LA,CHI,C,pass_forward,0.4037,0.5823,0.6138,4.4,2.9293,0.0315,Matthew Stafford
2021091213,991,1,LA,CHI,C,pass_forward,0.2112,0.242,0.2328,2.9,1.9685,-0.0092,Matthew Stafford
2021091213,1042,0,LA,CHI,I,pass_forward,0.3897,0.4737,0.5381,2.7,3.0366,0.0645,Matthew Stafford
2021091213,1064,0,LA,CHI,I,pass_forward,0.5076,0.5238,0.3744,3.7,1.5431,-0.1494,Matthew Stafford
2021091213,1141,1,CHI,LA,C,pass_forward,0.2625,0.3047,0.2808,2.3,3.1798,-0.024,Andy Dalton
2021091213,1265,0,CHI,LA,I,pass_forward,0.5088,0.5424,0.6075,1.8,3.1582,0.0651,Andy Dalton
2021091213,1330,0,LA,CHI,S,qb_sack,0.4313,0.3634,0.0251,4.9,0.2915,-0.3383,Matthew Stafford
2021091213,1421,1,CHI,LA,C,pass_forward,0.3555,0.3309,0.1723,2.2,2.3579,-0.1586,Andy Dalton
2021091213,1492,1,CHI,LA,C,pass_forward,0.4659,0.4015,0.4608,2.2,2.4577,0.0593,Andy Dalton
2021091213,1554,1,CHI,LA,C,pass_forward,0.4212,0.4049,0.361,3.0,1.4584,-0.0439,Andy Dalton
2021091213,1616,0,CHI,LA,R,run,0.2649,0.2181,0.1187,4.3,1.5179,-0.0994,Andy Dalton
2021091213,1794,1,LA,CHI,C,pass_forward,0.3883,0.3203,0.3756,3.8,2.4581,0.0552,Matthew Stafford
2021091213,1818,1,LA,CHI,C,pass_forward,0.3666,0.2953,0.295,3.8,2.8211,-0.0003,Matthew Stafford
2021091213,1898,0,CHI,LA,C,pass_forward,0.2998,0.2061,0.2467,2.1,3.2601,0.0407,Andy Dalton
2021091213,1943,1,CHI,LA,C,pass_forward,0.5194,0.5667,0.6362,2.3,3.3189,0.0695,Andy Dalton
2021091213,1988,1,CHI,LA,C,pass_forward,0.5645,0.6142,0.7722,2.9,2.4923,0.158,Andy Dalton
2021091213,2012,0,CHI,LA,I,pass_forward,0.308,0.2626,0.1169,4.4,2.2618,-0.1457,Andy Dalton
2021091213,2034,0,CHI,LA,C,pass_forward,0.2686,0.238,0.2378,1.9,4.5739,-0.0002,Andy Dalton
2021091213,2063,1,CHI,LA,C,pass_forward,0.5482,0.6541,0.6471,3.3,3.6852,-0.007,Andy Dalton
2021091213,2111,1,CHI,LA,C,pass_forward,0.398,0.4945,0.5524,2.6,3.0622,0.058,Andy Dalton
2021091213,2243,1,CHI,LA,C,pass_forward,0.3847,0.4304,0.4678,2.1,3.9614,0.0374,Andy Dalton
2021091213,2341,0,LA,CHI,I,pass_forward,0.5019,0.4185,0.4585,1.9,3.5204,0.04,Matthew Stafford
2021091213,2363,1,LA,CHI,C,pass_forward,0.4476,0.4814,0.5076,2.3,4.4162,0.0262,Matthew Stafford
2021091213,2387,1,LA,CHI,C,pass_forward,0.365,0.3226,0.385,3.0,2.8098,0.0623,Matthew Stafford
2021091213,2440,0,LA,CHI,C,pass_forward,0.4105,0.4181,0.459,2.0,5.3816,0.0409,Matthew Stafford
2021091213,2469,1,LA,CHI,C,pass_forward,0.5836,0.577,0.5356,2.4,3.5936,-0.0414,Matthew Stafford
2021091213,2560,0,CHI,LA,C,pass_forward,0.281,0.2544,0.2793,2.7,2.0523,0.0249,Andy Dalton
2021091213,2615,1,CHI,LA,C,pass_forward,0.4365,0.4432,0.4662,2.7,2.5877,0.023,Andy Dalton
2021091213,2733,0,CHI,LA,C,pass_forward,0.2325,0.2799,0.2497,2.2,2.5038,-0.0302,Andy Dalton
2021091213,2757,1,CHI,LA,R,run,0.6165,0.7115,0.5939,3.4,0.7481,-0.1176,Andy Dalton
2021091213,2778,0,CHI,LA,C,pass_forward,0.2633,0.3005,0.3871,2.4,2.5616,0.0866,Andy Dalton
2021091213,2828,0,CHI,LA,S,qb_sack,0.2697,0.2385,0.0302,5.6,0.3041,-0.2083,Andy Dalton
2021091213,2847,0,CHI,LA,I,pass_forward,0.0539,0.0261,0.0216,2.3,1.8444,-0.0045,Andy Dalton
2021091213,2881,0,CHI,LA,C,pass_forward,0.0493,0.2454,0.1735,3.2,2.3216,-0.072,Andy Dalton
2021091213,2905,0,CHI,LA,I,pass_forward,0.1485,0.1724,0.1656,3.2,4.085,-0.0068,Andy Dalton
2021091213,3154,0,LA,CHI,C,pass_forward,0.0543,0.0203,0.031,2.1,2.6829,0.0107,Matthew Stafford
2021091213,3224,0,LA,CHI,I,pass_forward,0.2682,0.263,0.3209,2.2,3.5821,0.0579,Matthew Stafford
2021091213,3284,1,LA,CHI,C,pass_forward,0.4407,0.7095,0.2405,3.3,1.0153,-0.469,Matthew Stafford
2021091213,3351,0,CHI,LA,C,pass_forward,0.322,0.2551,0.3186,2.1,2.5636,0.0634,Andy Dalton
2021091213,3375,1,CHI,LA,C,pass_forward,0.5237,0.4117,0.491,2.2,2.8156,0.0793,Andy Dalton
2021091213,3399,0,CHI,LA,I,pass_forward,0.3129,0.2757,0.2321,4.7,1.7718,-0.0436,Andy Dalton
2021091213,3421,0,CHI,LA,I,pass_forward,0.2925,0.273,0.2705,2.4,2.4885,-0.0025,Andy Dalton
2021091213,3472,0,CHI,LA,I,pass_forward,0.3128,0.318,0.4322,3.4,1.2243,0.1142,Andy Dalton
2021091213,3494,0,CHI,LA,S,qb_sack,0.3016,0.2776,0.0259,5.7,0.05,-0.2518,Andy Dalton
2021091300,55,0,LV,BAL,I,pass_forward,0.3054,0.412,0.2727,2.0,2.4511,-0.1393,Derek Carr
2021091300,77,0,LV,BAL,C,pass_forward,0.2988,0.2922,0.3573,3.9,3.1325,0.0652,Derek Carr
2021091300,148,0,LV,BAL,R,run,0.2216,0.291,0.1978,2.8,1.3784,-0.0933,Derek Carr
2021091300,169,1,LV,BAL,C,pass_forward,0.3243,0.3554,0.4586,2.4,2.9633,0.1033,Derek Carr
2021091300,228,0,LV,BAL,I,pass_forward,0.0943,0.1433,0.1333,2.9,2.5355,-0.0101,Derek Carr
2021091300,250,0,LV,BAL,I,pass_forward,0.0943,0.1496,0.1015,1.7,3.1612,-0.0481,Derek Carr
2021091300,356,1,BAL,LV,R,run,0.517,0.436,0.3568,4.6,2.7308,-0.0792,Lamar Jackson
2021091300,383,0,BAL,LV,C,pass_forward,0.2894,0.2458,0.1967,2.1,3.0111,-0.0491,Lamar Jackson
2021091300,407,0,BAL,LV,R,run,0.3366,0.4205,0.4287,4.8,1.4622,0.0083,Lamar Jackson
2021091300,428,1,BAL,LV,C,pass_forward,0.4323,0.4213,0.0417,2.3,0.4518,-0.3796,Lamar Jackson
2021091300,475,0,BAL,LV,I,pass_forward,0.1596,0.1732,0.1978,3.8,0.8954,0.0246,Lamar Jackson
2021091300,518,0,BAL,LV,S,qb_sack,0.2578,0.2539,0.2958,5.0,0.114,0.0419,Lamar Jackson
2021091300,562,0,LV,BAL,I,pass_forward,0.2869,0.4868,0.3553,2.8,2.2558,-0.1315,Derek Carr
2021091300,590,0,LV,BAL,I,pass_forward,0.2506,0.2861,0.3426,3.0,1.9769,0.0565,Derek Carr
2021091300,612,0,LV,BAL,I,pass_forward,0.2993,0.2255,0.3266,2.9,2.3212,0.1011,Derek Carr
2021091300,692,1,BAL,LV,C,pass_forward,0.2967,0.3392,0.417,3.8,1.6216,0.0778,Lamar Jackson
2021091300,737,0,BAL,LV,I,pass_forward,0.4797,0.4939,0.4389,2.6,1.8894,-0.055,Lamar Jackson
2021091300,759,0,BAL,LV,C,pass_forward,0.4667,0.5245,0.4403,2.1,3.478,-0.0842,Lamar Jackson
2021091300,880,0,LV,BAL,I,pass_forward,0.2611,0.3834,0.3839,3.6,2.7549,0.0005,Derek Carr
2021091300,902,0,LV,BAL,I,pass_forward,0.2435,0.2409,0.3325,2.8,2.0457,0.0916,Derek Carr
2021091300,1013,0,BAL,LV,I,pass_forward,0.3802,0.4175,0.1193,2.6,0.9909,-0.2981,Lamar Jackson
2021091300,1075,0,LV,BAL,C,pass_forward,0.3266,0.262,0.4228,4.4,3.4286,0.1608,Derek Carr
2021091300,1122,0,LV,BAL,S,qb_sack,0.2746,0.2909,0.0316,4.0,0.2608,-0.2593,Derek Carr
2021091300,1174,1,BAL,LV,C,pass_forward,0.3152,0.2754,0.3921,3.0,3.1276,0.1167,Lamar Jackson
2021091300,1226,1,BAL,LV,C,pass_forward,0.1819,0.195,0.1392,3.3,1.2987,-0.0558,Lamar Jackson
2021091300,1250,0,BAL,LV,I,pass_forward,0.2883,0.2785,0.2469,2.6,2.8126,-0.0316,Lamar Jackson
2021091300,1293,1,BAL,LV,C,pass_forward,0.3581,0.4583,0.3046,7.8,0.9079,-0.1537,Lamar Jackson
2021091300,1344,0,LV,BAL,C,pass_forward,0.2615,0.2913,0.3108,2.0,3.8694,0.0195,Derek Carr
2021091300,1368,1,LV,BAL,C,pass_forward,0.3886,0.481,0.2881,2.7,1.3285,-0.1929,Derek Carr
2021091300,1461,1,LV,BAL,C,pass_forward,0.6171,0.6895,0.7028,3.0,3.1983,0.0133,Derek Carr
2021091300,1485,0,LV,BAL,I,pass_forward,0.2792,0.2608,0.3149,2.5,1.7631,0.054,Derek Carr
2021091300,1507,0,LV,BAL,C,pass_forward,0.232,0.2483,0.2371,2.1,2.3719,-0.0112,Derek Carr
2021091300,1655,1,BAL,LV,C,pass_forward,0.3676,0.3272,0.3542,3.1,1.2102,0.027,Lamar Jackson
2021091300,1744,0,BAL,LV,C,autoevent_passforward,0.3967,0.4685,0.4114,0.9,4.763,-0.0572,Lamar Jackson
2021091300,1836,0,LV,BAL,I,pass_forward,0.291,0.3088,0.2889,2.8,2.1511,-0.0199,Derek Carr
2021091300,1875,1,LV,BAL,C,pass_forward,0.2539,0.2394,0.2073,5.5,1.2594,-0.032,Derek Carr
2021091300,1899,0,LV,BAL,I,pass_forward,0.3551,0.339,0.2296,3.0,1.9244,-0.1094,Derek Carr
2021091300,1921,0,LV,BAL,I,pass_forward,0.3703,0.3061,0.258,2.8,2.2434,-0.0481,Derek Carr
2021091300,1943,1,LV,BAL,C,pass_forward,0.2841,0.2776,0.2743,2.5,1.942,-0.0033,Derek Carr
2021091300,1984,0,LV,BAL,C,pass_forward,0.3236,0.3301,0.2999,2.2,3.4691,-0.0302,Derek Carr
2021091300,2008,0,LV,BAL,I,pass_forward,0.5709,0.6114,0.6266,2.7,2.3131,0.0152,Derek Carr
2021091300,2063,0,LV,BAL,S,qb_sack,0.1566,0.1291,0.0152,6.5,0.2594,-0.1139,Derek Carr
2021091300,2180,0,BAL,LV,I,pass_forward,0.3379,0.3539,0.3766,2.5,1.929,0.0227,Lamar Jackson
2021091300,2256,0,BAL,LV,I,pass_forward,0.5914,0.4357,0.5041,2.1,2.4351,0.0684,Lamar Jackson
2021091300,2278,0,BAL,LV,I,pass_forward,0.5304,0.447,0.2677,2.6,1.1705,-0.1793,Lamar Jackson
2021091300,2344,0,LV,BAL,I,pass_forward,0.4138,0.4836,0.5364,2.4,3.0196,0.0528,Derek Carr
2021091300,2504,0,BAL,LV,I,pass_forward,0.3709,0.2756,0.2297,2.5,2.8614,-0.0459,Lamar Jackson
2021091300,2526,1,BAL,LV,R,run,0.3289,0.2905,0.3968,3.3,0.8996,0.1063,Lamar Jackson
2021091300,2589,0,BAL,LV,I,pass_forward,0.545,0.458,0.5981,2.3,2.6019,0.1401,Lamar Jackson
2021091300,2655,0,LV,BAL,R,run,0.3644,0.4346,0.2296,4.1,1.9631,-0.2049,Derek Carr
2021091300,2676,0,LV,BAL,C,pass_forward,0.4039,0.4738,0.4538,1.8,3.0827,-0.02,Derek Carr
2021091300,2771,0,LV,BAL,C,pass_forward,0.0343,0.1266,0.1598,3.5,1.5991,0.0332,Derek Carr
2021091300,2803,1,LV,BAL,C,pass_forward,0.4751,0.4692,0.4862,3.0,3.0831,0.017,Derek Carr
2021091300,2851,0,LV,BAL,C,pass_forward,0.3572,0.3484,0.3292,1.8,3.8548,-0.0192,Derek Carr
2021091300,2879,0,LV,BAL,C,pass_forward,0.4537,0.4842,0.5481,3.2,2.2674,0.0639,Derek Carr
2021091300,2951,0,BAL,LV,C,pass_forward,0.3226,0.3002,0.3758,3.3,4.12,0.0755,Lamar Jackson
2021091300,3007,0,BAL,LV,C,pass_forward,0.2622,0.2561,0.1457,3.0,1.0214,-0.1104,Lamar Jackson
2021091300,3035,0,BAL,LV,S,qb_sack,0.4291,0.4622,0.0252,4.4,0.0608,-0.437,Lamar Jackson
2021091300,3098,0,LV,BAL,I,pass_forward,0.4846,0.3805,0.4177,3.4,2.8494,0.0372,Derek Carr
2021091300,3143,0,LV,BAL,S,qb_sack,0.1415,0.0878,0.0337,4.0,0.5728,-0.0541,Derek Carr
2021091300,3168,0,LV,BAL,C,pass_forward,0.0653,0.0178,0.0144,2.8,2.0577,-0.0035,Derek Carr
2021091300,3211,1,BAL,LV,C,pass_forward,0.3773,0.3366,0.3817,3.5,2.8202,0.0451,Lamar Jackson
2021091300,3256,0,BAL,LV,R,run,0.4612,0.5078,0.6103,3.5,2.3083,0.1025,Lamar Jackson
2021091300,3312,0,LV,BAL,C,pass_forward,0.4922,0.4875,0.386,4.5,1.8025,-0.1015,Derek Carr
2021091300,3385,1,LV,BAL,C,pass_forward,0.3251,0.4198,0.4322,3.0,2.9249,0.0124,Derek Carr
2021091300,3478,0,BAL,LV,C,pass_forward,0.4488,0.4064,0.5168,3.2,3.9233,0.1104,Lamar Jackson
2021091300,3544,1,BAL,LV,C,pass_forward,0.4748,0.4877,0.5696,3.5,2.2419,0.0819,Lamar Jackson
2021091300,3619,0,LV,BAL,C,pass_forward,0.3146,0.294,0.3262,1.9,3.0922,0.0322,Derek Carr
2021091300,3664,0,LV,BAL,C,pass_forward,0.2934,0.1876,0.2786,2.7,4.6733,0.091,Derek Carr
2021091300,3688,1,LV,BAL,C,pass_forward,0.6029,0.6315,0.6818,2.6,2.9059,0.0503,Derek Carr
2021091300,3712,0,LV,BAL,I,pass_forward,0.369,0.2433,0.3372,2.6,2.2488,0.0939,Derek Carr
2021091300,3734,0,LV,BAL,I,pass_forward,0.29,0.2862,0.2183,3.6,2.2824,-0.0679,Derek Carr
2021091300,3756,1,LV,BAL,C,pass_forward,0.3406,0.4233,0.3348,3.4,3.3634,-0.0885,Derek Carr
2021091300,3812,0,LV,BAL,C,pass_forward,0.0855,0.0382,0.0313,1.9,3.1792,-0.0069,Derek Carr
2021091300,3836,1,LV,BAL,C,pass_forward,0.1833,0.1926,0.2248,2.6,3.0148,0.0322,Derek Carr
2021091300,3914,1,BAL,LV,C,pass_forward,0.3318,0.3345,0.5627,3.4,2.1915,0.2282,Lamar Jackson
2021091300,3980,1,BAL,LV,R,run,0.2809,0.3229,0.2811,2.7,0.8887,-0.0418,Lamar Jackson
2021091300,4094,0,BAL,LV,R,run,0.6115,0.6644,0.6104,3.8,5.5473,-0.054,Lamar Jackson
2021091300,4166,1,LV,BAL,C,pass_forward,0.3138,0.3372,0.2968,4.2,3.6047,-0.0404,Derek Carr
2021091300,4212,1,LV,BAL,C,pass_forward,0.4111,0.2506,0.3201,3.6,1.4493,0.0695,Derek Carr
2021091300,4347,1,LV,BAL,C,pass_forward,0.3929,0.3905,0.3696,2.7,1.8822,-0.0209,Derek Carr
2021091300,4392,1,LV,BAL,C,pass_forward,0.2125,0.2237,0.1908,3.6,2.7943,-0.0329,Derek Carr
2021091300,4454,0,LV,BAL,I,pass_forward,0.4793,0.6209,0.3029,4.5,2.7593,-0.318,Derek Carr
2021091300,4476,1,LV,BAL,C,pass_forward,0.5417,0.5387,0.2581,2.7,2.4581,-0.2806,Derek Carr
2021091300,4586,0,LV,BAL,I,pass_forward,0.2838,0.4121,0.114,2.3,0.9052,-0.298,Derek Carr
2021091300,4608,0,LV,BAL,IN,pass_forward,0.3112,0.3964,0.2675,2.6,1.3995,-0.129,Derek Carr
2021091300,4641,0,BAL,LV,I,pass_forward,0.3378,0.4386,0.1185,4.4,1.4577,-0.3201,Lamar Jackson
2021091300,4691,1,BAL,LV,C,pass_forward,0.3545,0.285,0.16,3.0,1.2024,-0.125,Lamar Jackson
2021091300,4736,0,BAL,LV,I,pass_forward,0.5468,0.4415,0.3298,2.4,1.2516,-0.1117,Lamar Jackson
2021091300,4765,0,BAL,LV,S,qb_strip_sack,0.5103,0.5125,0.0267,3.5,0.2691,-0.4858,Lamar Jackson
2021091300,4845,1,LV,BAL,C,pass_forward,0.22,0.4276,0.1675,2.3,3.4106,-0.2601,Derek Carr
2021091600,65,0,WAS,NYG,I,pass_forward,0.3238,0.2435,0.4965,2.7,4.1911,0.253,Taylor Heinicke
2021091600,111,0,WAS,NYG,S,qb_sack,0.5845,0.6427,0.0965,5.3,1.1473,-0.5462,Taylor Heinicke
2021091600,187,1,NYG,WAS,C,pass_forward,0.3287,0.4926,0.4992,2.5,2.3365,0.0066,Daniel Jones
2021091600,235,0,NYG,WAS,R,run,0.3138,0.3422,0.2138,3.4,2.4005,-0.1284,Daniel Jones
2021091600,261,0,NYG,WAS,S,run,0.2783,0.3511,0.1644,3.7,1.857,-0.1867,Daniel Jones
2021091600,280,1,NYG,WAS,C,pass_forward,0.3206,0.379,0.3641,3.3,1.6553,-0.0149,Daniel Jones
2021091600,498,0,WAS,NYG,C,pass_forward,0.2913,0.1992,0.3338,2.8,1.7945,0.1346,Taylor Heinicke
2021091600,543,0,WAS,NYG,I,pass_forward,0.5429,0.5948,0.1064,4.7,1.0745,-0.4884,Taylor Heinicke
2021091600,590,0,NYG,WAS,I,pass_forward,0.3508,0.332,0.273,3.9,0.6107,-0.0589,Daniel Jones
2021091600,727,0,NYG,WAS,S,autoevent_passforward,0.4241,0.491,0.3598,2.9,1.5172,-0.1312,Daniel Jones
2021091600,794,1,WAS,NYG,C,pass_forward,0.5684,0.6125,0.704,3.0,4.1748,0.0915,Taylor Heinicke
2021091600,839,1,WAS,NYG,C,pass_forward,0.3698,0.511,0.5122,1.9,4.9598,0.0012,Taylor Heinicke
2021091600,884,0,WAS,NYG,C,pass_forward,0.4408,0.4223,0.5264,2.1,4.1125,0.1041,Taylor Heinicke
2021091600,992,0,WAS,NYG,C,pass_forward,0.328,0.5449,0.621,3.2,3.0242,0.0761,Taylor Heinicke
2021091600,1037,1,WAS,NYG,C,pass_forward,0.304,0.4011,0.5037,3.3,1.9982,0.1026,Taylor Heinicke
2021091600,1061,1,WAS,NYG,C,pass_forward,0.1638,0.2139,0.3868,2.3,3.3383,0.1729,Taylor Heinicke
2021091600,1117,0,NYG,WAS,I,pass_forward,0.3609,0.4612,0.4907,3.3,2.3901,0.0295,Daniel Jones
2021091600,1160,0,NYG,WAS,S,qb_sack,0.5887,0.5977,0.0291,4.8,0.064,-0.5686,Daniel Jones
2021091600,1233,0,WAS,NYG,I,pass_forward,0.1071,0.0281,0.0384,3.1,2.4691,0.0103,Taylor Heinicke
2021091600,1255,0,WAS,NYG,I,pass_forward,0.0781,0.0565,0.0349,2.3,2.4965,-0.0216,Taylor Heinicke
2021091600,1277,0,WAS,NYG,C,pass_forward,0.0741,0.0506,0.0786,2.4,3.0974,0.0281,Taylor Heinicke
2021091600,1343,0,NYG,WAS,C,pass_forward,0.2918,0.3373,0.3707,1.9,4.1105,0.0334,Daniel Jones
2021091600,1426,0,NYG,WAS,C,pass_forward,0.3153,0.2844,0.2381,2.9,1.4665,-0.0463,Daniel Jones
2021091600,1594,0,NYG,WAS,C,pass_forward,0.3767,0.3406,0.3585,2.9,1.6912,0.0179,Daniel Jones
2021091600,1682,0,WAS,NYG,C,pass_forward,0.3114,0.2358,0.2421,1.9,3.9183,0.0063,Taylor Heinicke
2021091600,1706,1,WAS,NYG,C,pass_forward,0.3125,0.2773,0.4252,2.8,2.615,0.1479,Taylor Heinicke
2021091600,1759,0,WAS,NYG,C,pass_forward,0.3122,0.2597,0.523,3.0,2.7115,0.2633,Taylor Heinicke
2021091600,1885,0,WAS,NYG,C,pass_forward,0.2869,0.3698,0.4366,2.4,3.5783,0.0668,Taylor Heinicke
2021091600,1909,1,WAS,NYG,C,pass_forward,0.5232,0.5897,0.7274,1.6,4.9482,0.1376,Taylor Heinicke
2021091600,1950,0,WAS,NYG,C,pass_forward,0.2566,0.2191,0.2513,2.2,3.8211,0.0322,Taylor Heinicke
2021091600,1991,0,WAS,NYG,R,run,0.3906,0.357,0.3863,2.4,2.0429,0.0293,Taylor Heinicke
2021091600,2161,1,NYG,WAS,C,pass_forward,0.3931,0.4219,0.5355,2.8,2.5057,0.1136,Daniel Jones
2021091600,2185,0,NYG,WAS,C,pass_forward,0.3138,0.2928,0.3707,3.7,1.7218,0.078,Daniel Jones
2021091600,2253,0,NYG,WAS,C,pass_forward,0.1952,0.296,0.4627,3.7,1.8811,0.1668,Daniel Jones
2021091600,2354,0,NYG,WAS,C,pass_forward,0.1177,0.0585,0.0812,3.0,2.6708,0.0227,Daniel Jones
2021091600,2378,0,NYG,WAS,C,pass_forward,0.203,0.1496,0.1977,2.6,2.3702,0.0481,Daniel Jones
2021091600,2493,0,WAS,NYG,C,pass_forward,0.4538,0.4391,0.4604,3.7,2.3398,0.0213,Taylor Heinicke
2021091600,2517,0,WAS,NYG,I,pass_forward,0.5281,0.5531,0.49,2.5,2.3952,-0.0632,Taylor Heinicke
2021091600,2558,0,NYG,WAS,I,pass_forward,0.3288,0.2719,0.4003,2.6,2.7098,0.1284,Daniel Jones
2021091600,2678,0,NYG,WAS,C,pass_forward,0.0914,0.051,0.0424,2.8,1.7042,-0.0086,Daniel Jones
2021091600,2706,1,NYG,WAS,C,pass_forward,0.4372,0.3976,0.4556,3.0,2.2615,0.058,Daniel Jones
2021091600,2752,1,NYG,WAS,C,pass_forward,0.3233,0.3172,0.2628,2.7,1.6224,-0.0544,Daniel Jones
2021091600,2873,0,WAS,NYG,C,pass_forward,0.3275,0.3771,0.2688,3.3,1.3023,-0.1083,Taylor Heinicke
2021091600,2923,0,WAS,NYG,I,pass_forward,0.3064,0.3669,0.3916,2.5,3.1624,0.0247,Taylor Heinicke
2021091600,3001,0,WAS,NYG,R,run,0.0817,0.1037,0.1035,5.7,0.8199,-0.0002,Taylor Heinicke
2021091600,3061,1,NYG,WAS,C,pass_forward,0.328,0.2618,0.4996,3.1,2.4379,0.2377,Daniel Jones
2021091600,3085,1,NYG,WAS,C,pass_forward,0.3799,0.3995,0.4954,2.7,1.7844,0.0959,Daniel Jones
2021091600,3142,0,NYG,WAS,C,pass_forward,0.1815,0.1334,0.2252,3.1,3.1266,0.0918,Daniel Jones
2021091600,3185,0,NYG,WAS,S,qb_sack,0.4629,0.5096,0.0269,3.2,0.1432,-0.4827,Daniel Jones
2021091600,3204,0,NYG,WAS,C,pass_forward,0.2592,0.1801,0.106,2.2,1.8682,-0.0741,Daniel Jones
2021091600,3316,1,WAS,NYG,C,pass_forward,0.4334,0.4395,0.3309,1.7,2.1731,-0.1086,Taylor Heinicke
2021091600,3392,0,WAS,NYG,R,run,0.4564,0.4356,0.3668,4.6,2.0752,-0.0689,Taylor Heinicke
2021091600,3440,1,WAS,NYG,C,pass_forward,0.3209,0.2944,0.2838,2.6,2.4446,-0.0105,Taylor Heinicke
2021091600,3486,0,WAS,NYG,I,pass_forward,0.2925,0.2827,0.3253,2.4,3.0842,0.0426,Taylor Heinicke
2021091600,3509,0,WAS,NYG,C,pass_forward,0.2983,0.2603,0.2912,2.4,3.2596,0.0309,Taylor Heinicke
2021091600,3567,1,NYG,WAS,C,pass_forward,0.3751,0.3942,0.4915,3.4,2.1883,0.0972,Daniel Jones
2021091600,3654,0,NYG,WAS,I,pass_forward,0.3274,0.2746,0.179,3.3,0.9904,-0.0956,Daniel Jones
2021091600,3743,0,NYG,WAS,R,run,0.1722,0.1198,0.1174,4.3,3.391,-0.0023,Daniel Jones
2021091600,3798,1,WAS,NYG,C,pass_forward,0.3122,0.2549,0.3618,3.0,2.844,0.1069,Taylor Heinicke
2021091600,3827,1,WAS,NYG,C,pass_forward,0.1729,0.2154,0.2716,3.8,2.3169,0.0562,Taylor Heinicke
2021091600,3883,0,NYG,WAS,I,pass_forward,0.2749,0.3038,0.2563,3.2,2.1621,-0.0475,Daniel Jones
2021091600,3905,1,NYG,WAS,C,pass_forward,0.276,0.2828,0.2761,2.4,1.9867,-0.0067,Daniel Jones
2021091600,3950,0,NYG,WAS,I,pass_forward,0.399,0.366,0.4905,2.6,2.8575,0.1245,Daniel Jones
2021091600,3972,0,NYG,WAS,I,pass_forward,0.3885,0.4666,0.2959,3.9,4.3265,-0.1707,Daniel Jones
2021091600,4081,0,WAS,NYG,IN,pass_forward,0.4024,0.3273,0.3365,1.7,3.8578,0.0092,Taylor Heinicke
2021091600,4183,0,NYG,WAS,I,pass_forward,0.4186,0.4211,0.3292,1.7,1.79,-0.0919,Daniel Jones
2021091600,4254,0,WAS,NYG,C,pass_forward,0.297,0.2305,0.3021,2.1,3.4285,0.0716,Taylor Heinicke
2021091600,4278,0,WAS,NYG,I,pass_forward,0.3694,0.3896,0.47,3.0,2.2404,0.0804,Taylor Heinicke
2021091600,4300,0,WAS,NYG,C,pass_forward,0.3646,0.3662,0.359,2.7,2.2411,-0.0072,Taylor Heinicke
2021091600,4345,0,WAS,NYG,C,pass_forward,0.2736,0.2366,0.2908,2.8,2.1744,0.0542,Taylor Heinicke
2021091600,4409,0,WAS,NYG,I,pass_forward,0.3848,0.2867,0.1918,2.4,1.2433,-0.0949,Taylor Heinicke
2021091600,4431,0,WAS,NYG,C,pass_forward,0.3784,0.2904,0.309,2.0,3.0403,0.0185,Taylor Heinicke
2021091600,4489,1,WAS,NYG,C,pass_forward,0.5486,0.4322,0.5193,1.9,3.4889,0.0871,Taylor Heinicke
2021091600,4518,0,WAS,NYG,C,pass_forward,0.3227,0.3247,0.3221,1.7,3.9213,-0.0026,Taylor Heinicke
2021091900,76,1,CAR,NO,C,pass_forward,0.3721,0.3828,0.5747,3.1,4.1817,0.1919,Sam Darnold
2021091900,121,1,CAR,NO,C,pass_forward,0.2274,0.2192,0.395,3.1,3.934,0.1758,Sam Darnold
2021091900,145,1,CAR,NO,C,pass_forward,0.2176,0.276,0.2498,3.9,2.7437,-0.0262,Sam Darnold
2021091900,241,0,NO,CAR,S,qb_sack,0.3266,0.5139,0.0305,4.5,0.0854,-0.4834,Jameis Winston
2021091900,262,0,NO,CAR,C,pass_forward,0.097,0.1405,0.1193,2.0,3.1548,-0.0212,Jameis Winston
2021091900,499,1,CAR,NO,C,pass_forward,0.4788,0.4233,0.5328,2.4,3.3681,0.1095,Sam Darnold
2021091900,523,0,CAR,NO,I,pass_forward,0.4739,0.3415,0.3738,3.9,2.1489,0.0323,Sam Darnold
2021091900,547,0,CAR,NO,C,pass_forward,0.3397,0.3945,0.4,2.6,1.8835,0.0055,Sam Darnold
2021091900,571,0,CAR,NO,I,pass_forward,0.609,0.6122,0.3261,5.4,2.3448,-0.2861,Sam Darnold
2021091900,635,0,NO,CAR,C,pass_forward,0.28,0.237,0.1175,3.8,0.636,-0.1195,Jameis Winston
2021091900,659,0,NO,CAR,I,pass_forward,0.5824,0.5655,0.6013,2.4,2.7518,0.0358,Jameis Winston
2021091900,831,1,CAR,NO,C,pass_forward,0.5231,0.6529,0.5456,2.1,2.8853,-0.1073,Sam Darnold
2021091900,876,1,CAR,NO,C,pass_forward,0.3235,0.3636,0.2123,4.2,1.0784,-0.1513,Sam Darnold
2021091900,975,0,CAR,NO,C,pass_forward,0.0867,0.0515,0.0641,2.6,2.4874,0.0126,Sam Darnold
2021091900,1024,0,CAR,NO,I,pass_forward,0.3954,0.313,0.2327,6.3,1.7718,-0.0803,Sam Darnold
2021091900,1155,1,NO,CAR,C,pass_forward,0.2802,0.3428,0.1524,4.3,1.3678,-0.1904,Jameis Winston
2021091900,1179,0,NO,CAR,S,qb_sack,0.3694,0.3377,0.0134,4.2,0.05,-0.3242,Jameis Winston
2021091900,1198,0,NO,CAR,C,pass_forward,0.0965,0.0521,0.1193,2.5,5.1282,0.0672,Jameis Winston
2021091900,1224,0,NO,CAR,C,pass_forward,0.1254,0.0545,0.0576,2.3,2.2615,0.003,Jameis Winston
2021091900,1273,0,CAR,NO,C,pass_forward,0.3405,0.2763,0.3216,2.1,3.4973,0.0453,Sam Darnold
2021091900,1323,1,CAR,NO,C,pass_forward,0.4167,0.4462,0.508,2.8,3.8159,0.0618,Sam Darnold
2021091900,1459,1,CAR,NO,C,pass_forward,0.295,0.331,0.1881,5.4,0.9352,-0.1429,Sam Darnold
2021091900,1558,1,CAR,NO,C,pass_forward,0.52,0.6666,0.5667,1.7,4.2092,-0.0999,Sam Darnold
2021091900,1621,0,NO,CAR,I,pass_forward,0.2922,0.2809,0.0319,4.8,0.6277,-0.249,Jameis Winston
2021091900,1654,0,NO,CAR,C,pass_forward,0.0765,0.0618,0.0417,2.2,2.7164,-0.0201,Jameis Winston
2021091900,1671,1,NO,CAR,C,pass_forward,0.0948,0.149,0.1677,4.1,1.7847,0.0188,Jameis Winston
2021091900,1735,0,NO,CAR,I,pass_forward,0.3884,0.4437,0.1374,3.0,1.1109,-0.3063,Jameis Winston
2021091900,1757,0,NO,CAR,I,pass_forward,0.3513,0.2765,0.1039,2.7,1.0719,-0.1726,Jameis Winston
2021091900,1779,0,NO,CAR,IN,pass_forward,0.3232,0.5198,0.2189,3.9,1.2871,-0.3008,Jameis Winston
2021091900,1810,1,CAR,NO,C,pass_forward,0.205,0.1905,0.3094,3.4,1.3927,0.1189,Sam Darnold
2021091900,1850,0,CAR,NO,R,run,0.2444,0.3178,0.3457,3.3,1.3103,0.0279,Sam Darnold
2021091900,1886,1,CAR,NO,C,pass_forward,0.4715,0.6051,0.7033,2.2,3.3131,0.0982,Sam Darnold
2021091900,2019,0,NO,CAR,I,pass_forward,0.3367,0.2518,0.288,3.2,2.2192,0.0362,Jameis Winston
2021091900,2098,0,CAR,NO,I,pass_forward,0.3457,0.4396,0.1841,6.9,2.16,-0.2555,Sam Darnold
2021091900,2134,1,CAR,NO,C,pass_forward,0.3643,0.4346,0.4938,2.2,3.6963,0.0592,Sam Darnold
2021091900,2214,1,CAR,NO,C,pass_forward,0.4087,0.4929,0.4087,3.3,1.9148,-0.0842,Sam Darnold
2021091900,2238,0,CAR,NO,I,pass_forward,0.3118,0.2626,0.3127,3.0,2.4763,0.0501,Sam Darnold
2021091900,2284,0,CAR,NO,S,qb_sack,0.3208,0.4425,0.0267,4.0,0.01,-0.4158,Sam Darnold
2021091900,2412,0,NO,CAR,S,qb_sack,0.4701,0.5214,0.0566,5.5,0.2602,-0.4647,Jameis Winston
2021091900,2467,0,NO,CAR,R,run,0.1365,0.0738,0.0589,5.2,1.1683,-0.0149,Jameis Winston
2021091900,2536,0,CAR,NO,I,pass_forward,0.7592,0.7939,0.6227,4.5,2.55,-0.1712,Sam Darnold
2021091900,2720,0,CAR,NO,IN,pass_forward,0.3879,0.3322,0.0636,2.5,0.902,-0.2686,Sam Darnold
2021091900,2784,1,NO,CAR,R,run,0.4833,0.5979,0.4323,3.5,1.4812,-0.1656,Taysom Hill
2021091900,2805,0,NO,CAR,C,pass_forward,0.3803,0.4788,0.4947,2.0,5.1661,0.0159,Jameis Winston
2021091900,2879,1,NO,CAR,R,run,0.2686,0.3413,0.391,3.1,2.3262,0.0497,Jameis Winston
2021091900,2953,0,CAR,NO,C,pass_forward,0.4067,0.3321,0.4255,2.3,4.1085,0.0935,Sam Darnold
2021091900,2977,1,CAR,NO,C,pass_forward,0.5393,0.5717,0.5979,2.7,2.822,0.0262,Sam Darnold
2021091900,3006,1,CAR,NO,C,pass_forward,0.4337,0.3691,0.2993,3.0,2.6063,-0.0698,Sam Darnold
2021091900,3051,0,CAR,NO,I,pass_forward,0.2021,0.0973,0.2554,2.7,2.7774,0.1581,Sam Darnold
2021091900,3073,0,CAR,NO,S,qb_sack,0.1991,0.2863,0.2345,3.4,0.2119,-0.0518,Sam Darnold
2021091900,3148,0,NO,CAR,I,pass_forward,0.4268,0.5774,0.7171,2.9,2.3901,0.1396,Jameis Winston
2021091900,3288,0,CAR,NO,I,pass_forward,0.4329,0.4793,0.4811,3.4,2.6925,0.0018,Sam Darnold
2021091900,3355,0,CAR,NO,I,pass_forward,0.4047,0.349,0.454,2.6,2.5778,0.105,Sam Darnold
2021091900,3399,1,CAR,NO,C,pass_forward,0.2781,0.2435,0.3625,2.5,2.7268,0.119,Sam Darnold
2021091900,3444,1,CAR,NO,C,pass_forward,0.3215,0.3175,0.3331,2.5,2.8563,0.0157,Sam Darnold
2021091900,3538,0,NO,CAR,C,pass_forward,0.2632,0.3036,0.3964,2.8,3.7113,0.0928,Jameis Winston
2021091900,3562,0,NO,CAR,I,pass_forward,0.643,0.6241,0.3977,2.4,1.449,-0.2264,Jameis Winston
2021091900,3584,0,NO,CAR,S,qb_sack,0.6071,0.6156,0.0308,3.0,0.1803,-0.5848,Jameis Winston
2021091900,3603,0,NO,CAR,I,pass_forward,0.2938,0.4862,0.4055,3.4,2.1819,-0.0807,Jameis Winston
2021091900,3689,0,CAR,NO,C,pass_forward,0.2272,0.1682,0.2174,2.2,3.3786,0.0492,Sam Darnold
2021091900,3776,1,NO,CAR,C,pass_forward,0.2222,0.1939,0.2729,2.6,2.4742,0.079,Jameis Winston
2021091900,3800,0,NO,CAR,IN,pass_forward,0.2717,0.2834,0.0846,4.9,0.8983,-0.1988,Jameis Winston
2021091901,59,0,CHI,CIN,I,pass_forward,0.3023,0.5462,0.3225,5.9,1.5864,-0.2237,Andy Dalton
2021091901,102,1,CHI,CIN,C,pass_forward,0.3201,0.3778,0.3746,2.5,2.9549,-0.0033,Andy Dalton
2021091901,126,1,CHI,CIN,C,pass_forward,0.3168,0.3322,0.2648,3.6,2.4456,-0.0674,Andy Dalton
2021091901,174,0,CHI,CIN,C,pass_forward,0.1268,0.0916,0.1072,2.6,3.9538,0.0155,Andy Dalton
2021091901,248,0,CHI,CIN,C,pass_forward,0.2255,0.1623,0.3017,3.2,2.1471,0.1393,Andy Dalton
2021091901,293,1,CHI,CIN,C,pass_forward,0.3531,0.4381,0.4948,2.0,3.8794,0.0567,Andy Dalton
2021091901,384,0,CIN,CHI,C,pass_forward,0.3212,0.4175,0.3505,1.8,3.573,-0.067,Joe Burrow
2021091901,408,0,CIN,CHI,C,pass_forward,0.3297,0.3288,0.3033,1.8,3.3995,-0.0255,Joe Burrow
2021091901,500,0,CIN,CHI,I,pass_forward,0.3776,0.4083,0.481,1.8,2.9638,0.0726,Joe Burrow
2021091901,533,1,CIN,CHI,C,pass_forward,0.3016,0.2525,0.4543,2.7,2.7343,0.2018,Joe Burrow
2021091901,578,1,CIN,CHI,C,pass_forward,0.4006,0.438,0.5232,1.9,3.242,0.0852,Joe Burrow
2021091901,602,0,CIN,CHI,I,pass_forward,0.2713,0.2729,0.2703,3.2,1.6641,-0.0026,Joe Burrow
2021091901,624,0,CIN,CHI,I,pass_forward,0.352,0.2826,0.3412,2.4,3.4572,0.0587,Joe Burrow
2021091901,646,0,CIN,CHI,S,qb_sack,0.2872,0.2546,0.0111,3.9,0.117,-0.2435,Joe Burrow
2021091901,771,0,CHI,CIN,I,pass_forward,0.1347,0.2522,0.1824,1.6,4.024,-0.0698,Andy Dalton
2021091901,910,0,CHI,CIN,I,pass_forward,0.4296,0.3738,0.439,3.3,2.5812,0.0652,Justin Fields
2021091901,988,1,CHI,CIN,R,run,0.3701,0.33,0.4453,4.4,1.2735,0.1153,Andy Dalton
2021091901,1059,0,CHI,CIN,R,run,0.0701,0.0951,0.0923,4.2,1.8439,-0.0028,Andy Dalton
2021091901,1205,0,CIN,CHI,C,pass_forward,0.3523,0.3648,0.2901,2.7,2.9471,-0.0746,Joe Burrow
2021091901,1229,1,CIN,CHI,C,pass_forward,0.3743,0.371,0.4238,1.7,4.0344,0.0528,Joe Burrow
2021091901,1274,0,CIN,CHI,I,pass_forward,0.4389,0.5474,0.6073,2.0,3.4731,0.0599,Joe Burrow
2021091901,1313,1,CHI,CIN,C,pass_forward,0.3904,0.3056,0.4144,3.2,2.5168,0.1088,Andy Dalton
2021091901,1328,0,CIN,CHI,C,pass_forward,0.3563,0.3547,0.3112,2.9,2.6223,-0.0435,Joe Burrow
2021091901,1385,0,CHI,CIN,S,qb_sack,0.2369,0.2456,0.0593,3.3,0.3932,-0.1863,Andy Dalton
2021091901,1409,0,CHI,CIN,C,pass_forward,0.0777,0.0834,0.0411,2.0,3.9771,-0.0423,Andy Dalton
2021091901,1499,0,CIN,CHI,C,pass_forward,0.2546,0.1004,0.0767,1.9,3.2942,-0.0237,Joe Burrow
2021091901,1551,1,CIN,CHI,C,pass_forward,0.1863,0.159,0.1602,2.3,2.8434,0.0012,Joe Burrow
2021091901,1609,0,CIN,CHI,C,pass_forward,0.1869,0.1132,0.1319,2.1,3.7835,0.0187,Joe Burrow
2021091901,1741,0,CHI,CIN,R,run,0.3188,0.2552,0.334,3.9,1.1813,0.0788,Justin Fields
2021091901,1767,1,CHI,CIN,C,pass_forward,0.5773,0.6236,0.6322,2.6,1.68,0.0086,Justin Fields
2021091901,1796,0,CHI,CIN,S,qb_sack,0.3059,0.2846,0.0204,5.0,0.65,-0.2642,Justin Fields
2021091901,1815,0,CHI,CIN,C,pass_forward,0.0801,0.0464,0.0568,2.7,2.877,0.0104,Justin Fields
2021091901,1856,0,CHI,CIN,I,pass_forward,0.4363,0.3984,0.0629,4.0,0.7077,-0.3355,Justin Fields
2021091901,1987,0,CIN,CHI,S,qb_sack,0.8021,0.8753,0.0759,4.5,0.4802,-0.7995,Joe Burrow
2021091901,2089,1,CIN,CHI,C,pass_forward,0.4566,0.5236,0.4065,2.6,2.1305,-0.1171,Joe Burrow
2021091901,2113,0,CIN,CHI,I,pass_forward,0.267,0.2329,0.3092,3.5,3.8882,0.0763,Joe Burrow
2021091901,2154,0,CIN,CHI,S,qb_sack,0.1273,0.0932,0.0578,7.6,1.9816,-0.0354,Joe Burrow
2021091901,2240,0,CIN,CHI,I,pass_forward,0.3805,0.324,0.2392,3.8,2.5741,-0.0848,Joe Burrow
2021091901,2262,0,CIN,CHI,S,qb_sack,0.3453,0.2872,0.0173,3.0,0.136,-0.2699,Joe Burrow
2021091901,2281,0,CIN,CHI,C,pass_forward,0.1058,0.1288,0.071,2.3,2.1609,-0.0578,Joe Burrow
2021091901,2443,0,CHI,CIN,I,pass_forward,0.4396,0.3413,0.3685,3.5,2.3369,0.0271,Justin Fields
2021091901,2488,0,CHI,CIN,R,run,0.124,0.0938,0.1226,3.1,1.6141,0.0288,Justin Fields
2021091901,2509,0,CHI,CIN,S,qb_strip_sack,0.371,0.4271,0.0665,3.1,1.1625,-0.3606,Justin Fields
2021091901,2585,1,CIN,CHI,C,pass_forward,0.3039,0.2683,0.2348,2.9,1.3984,-0.0336,Joe Burrow
2021091901,2690,1,CHI,CIN,C,pass_forward,0.2326,0.2467,0.1845,2.3,2.2287,-0.0622,Justin Fields
2021091901,2714,1,CHI,CIN,C,pass_forward,0.3709,0.305,0.4765,3.8,4.1674,0.1715,Justin Fields
2021091901,2764,0,CHI,CIN,R,run,0.2971,0.1603,0.1341,5.4,2.9902,-0.0262,Justin Fields
2021091901,2832,0,CHI,CIN,I,pass_forward,0.2471,0.2068,0.3539,2.3,2.9104,0.1471,Justin Fields
2021091901,2952,1,CIN,CHI,C,pass_forward,0.4749,0.479,0.4822,2.4,2.8711,0.0032,Joe Burrow
2021091901,3018,0,CIN,CHI,IN,pass_forward,0.4748,0.5322,0.5264,2.1,3.1676,-0.0057,Joe Burrow
2021091901,3112,0,CIN,CHI,IN,pass_forward,0.4388,0.4374,0.5392,2.5,3.2175,0.1018,Joe Burrow
2021091901,3176,0,CHI,CIN,I,pass_forward,0.3693,0.4436,0.4124,3.1,1.1303,-0.0312,Justin Fields
2021091901,3233,0,CHI,CIN,C,pass_forward,0.0939,0.0821,0.2295,3.4,3.4405,0.1474,Justin Fields
2021091901,3291,0,CIN,CHI,IN,pass_forward,0.2522,0.4277,0.3688,2.7,1.3063,-0.0589,Joe Burrow
2021091901,3370,0,CHI,CIN,I,pass_forward,0.3579,0.5212,0.6105,3.2,3.5607,0.0893,Justin Fields
2021091901,3441,0,CIN,CHI,C,pass_forward,0.3727,0.2996,0.2506,3.3,0.9519,-0.049,Joe Burrow
2021091901,3492,0,CIN,CHI,I,pass_forward,0.3037,0.2886,0.3717,2.8,3.3793,0.0831,Joe Burrow
2021091901,3535,1,CIN,CHI,C,pass_forward,0.4275,0.4745,0.5297,2.8,2.6427,0.0552,Joe Burrow
2021091901,3564,1,CIN,CHI,C,pass_forward,0.272,0.1852,0.2192,2.7,3.446,0.034,Joe Burrow
2021091901,3691,0,CHI,CIN,IN,pass_forward,0.4514,0.3971,0.4502,2.3,3.0192,0.0531,Justin Fields
2021091901,3717,1,CIN,CHI,C,pass_forward,0.4117,0.374,0.4116,2.4,3.5066,0.0376,Joe Burrow
2021091901,3811,0,CHI,CIN,C,pass_forward,0.4072,0.4019,0.2725,2.1,2.6715,-0.1294,Justin Fields
2021091902,164,0,CLE,HOU,S,qb_sack,0.1976,0.2368,0.035,4.8,0.4342,-0.2018,Baker Mayfield
2021091902,231,1,CLE,HOU,C,pass_forward,0.267,0.2814,0.3904,2.8,3.9014,0.109,Baker Mayfield
2021091902,260,0,CLE,HOU,C,pass_forward,0.2242,0.2877,0.3195,1.9,4.0146,0.0317,Baker Mayfield
2021091902,389,0,HOU,CLE,C,pass_forward,0.3089,0.3729,0.3558,3.7,1.7424,-0.0171,Tyrod Taylor
2021091902,434,1,HOU,CLE,C,pass_forward,0.3263,0.4019,0.5217,3.1,1.7473,0.1198,Tyrod Taylor
2021091902,479,1,HOU,CLE,C,pass_forward,0.179,0.1632,0.1389,1.8,3.4083,-0.0243,Tyrod Taylor
2021091902,503,0,HOU,CLE,C,pass_forward,0.3082,0.2401,0.3533,4.3,2.2821,0.1132,Tyrod Taylor
2021091902,676,1,CLE,HOU,C,pass_forward,0.6187,0.598,0.6284,3.1,2.6299,0.0304,Baker Mayfield
2021091902,704,1,CLE,HOU,C,pass_forward,0.3276,0.2997,0.5638,2.5,3.3987,0.2641,Baker Mayfield
2021091902,985,0,CLE,HOU,S,qb_sack,0.5138,0.4661,0.1257,4.9,0.255,-0.3404,Baker Mayfield
2021091902,1005,1,CLE,HOU,C,pass_forward,0.2759,0.1775,0.1233,2.3,4.0528,-0.0541,Baker Mayfield
2021091902,1029,0,CLE,HOU,R,run,0.3693,0.2548,0.0755,4.0,1.6286,-0.1792,Baker Mayfield
2021091902,1050,1,CLE,HOU,C,pass_forward,0.3826,0.3668,0.4269,2.1,4.5718,0.0601,Baker Mayfield
2021091902,1116,0,CLE,HOU,I,pass_forward,0.1884,0.1321,0.133,2.3,3.0001,0.0009,Baker Mayfield
2021091902,1138,0,CLE,HOU,IN,pass_forward,0.2139,0.1412,0.2109,2.8,2.9633,0.0697,Baker Mayfield
2021091902,1210,0,HOU,CLE,C,pass_forward,0.3305,0.3887,0.3555,2.0,3.6773,-0.0332,Tyrod Taylor
2021091902,1234,1,HOU,CLE,C,pass_forward,0.7767,0.826,0.9008,2.7,3.8377,0.0748,Tyrod Taylor
2021091902,1263,1,HOU,CLE,R,autoevent_passforward,0.2759,0.2884,0.3304,2.1,4.0132,0.042,Tyrod Taylor
2021091902,1366,0,HOU,CLE,I,pass_forward,0.2952,0.345,0.3144,2.1,2.1204,-0.0305,Tyrod Taylor
2021091902,1436,1,CLE,HOU,C,pass_forward,0.6381,0.6429,0.7654,2.4,2.786,0.1225,Baker Mayfield
2021091902,1595,0,CLE,HOU,C,pass_forward,0.1517,0.1602,0.1596,3.5,3.8145,-0.0006,Baker Mayfield
2021091902,1619,1,CLE,HOU,R,run,0.525,0.6504,0.657,4.4,2.7889,0.0066,Baker Mayfield
2021091902,2015,0,HOU,CLE,I,pass_forward,0.3352,0.4553,0.3958,2.0,3.4983,-0.0595,Davis Mills
2021091902,2094,0,CLE,HOU,C,pass_forward,0.118,0.0848,0.067,2.2,2.1584,-0.0178,Baker Mayfield
2021091902,2118,1,CLE,HOU,C,pass_forward,0.2677,0.2885,0.3289,2.2,2.6837,0.0404,Baker Mayfield
2021091902,2142,0,CLE,HOU,C,pass_forward,0.3054,0.2427,0.3415,2.8,2.4849,0.0988,Baker Mayfield
2021091902,2444,0,HOU,CLE,IN,pass_forward,0.1856,0.4158,0.464,2.8,3.5057,0.0482,Davis Mills
2021091902,2492,0,CLE,HOU,R,run,0.4713,0.5794,0.417,6.8,2.383,-0.1624,Baker Mayfield
2021091902,2635,0,HOU,CLE,I,pass_forward,0.4365,0.3797,0.4956,4.1,2.1593,0.1159,Davis Mills
2021091902,2678,1,HOU,CLE,C,pass_forward,0.3903,0.4545,0.4368,2.4,2.3754,-0.0177,Davis Mills
2021091902,2713,0,HOU,CLE,I,pass_forward,0.2821,0.2705,0.4593,2.8,3.291,0.1888,Davis Mills
2021091902,2795,1,HOU,CLE,C,pass_forward,0.2085,0.1568,0.1741,3.5,1.3932,0.0173,Davis Mills
2021091902,2965,0,HOU,CLE,C,pass_forward,0.2172,0.2297,0.2667,3.6,1.0208,0.037,Davis Mills
2021091902,3052,1,HOU,CLE,C,pass_forward,0.6682,0.6798,0.5442,1.1,2.0762,-0.1356,Davis Mills
2021091902,3136,0,CLE,HOU,C,pass_forward,0.4715,0.3907,0.4084,2.0,3.5133,0.0176,Baker Mayfield
2021091902,3163,1,CLE,HOU,R,run,0.6071,0.5507,0.6307,2.6,3.1831,0.0801,Baker Mayfield
2021091902,3293,0,CLE,HOU,R,run,0.3129,0.3171,0.4086,3.9,5.1899,0.0916,Baker Mayfield
2021091902,3392,0,HOU,CLE,I,pass_forward,0.2589,0.2612,0.2827,2.5,1.6729,0.0215,Davis Mills
2021091902,3414,0,HOU,CLE,I,pass_forward,0.2634,0.2686,0.1663,3.7,3.1565,-0.1024,Davis Mills
2021091902,3447,0,HOU,CLE,I,pass_forward,0.2187,0.2528,0.2948,3.4,2.7559,0.042,Davis Mills
2021091902,3548,0,CLE,HOU,C,pass_forward,0.6048,0.6054,0.595,2.5,3.2422,-0.0104,Baker Mayfield
2021091902,3651,0,HOU,CLE,C,pass_forward,0.1844,0.1997,0.2848,2.7,3.2016,0.0851,Davis Mills
2021091902,3675,1,HOU,CLE,C,pass_forward,0.7221,0.734,0.7281,2.8,2.95,-0.0059,Davis Mills
2021091902,3710,0,HOU,CLE,I,pass_forward,0.2569,0.3355,0.3914,5.9,0.8257,0.0559,Davis Mills
2021091902,3732,1,HOU,CLE,C,pass_forward,0.2614,0.3033,0.3965,4.5,2.0428,0.0932,Davis Mills
2021091902,3761,0,HOU,CLE,I,pass_forward,0.2379,0.246,0.1116,5.1,2.4068,-0.1344,Davis Mills
2021091902,3783,0,HOU,CLE,S,qb_strip_sack,0.2518,0.2506,0.0492,2.5,0.8523,-0.2014,Davis Mills
2021091902,3852,0,HOU,CLE,I,pass_forward,0.1726,0.191,0.1143,2.9,1.4341,-0.0767,Davis Mills
2021091903,62,1,IND,LA,C,pass_forward,0.2682,0.2916,0.2466,1.9,2.6556,-0.045,Carson Wentz
2021091903,181,0,IND,LA,C,pass_forward,0.3263,0.3521,0.437,2.0,3.1882,0.0849,Carson Wentz
2021091903,289,0,IND,LA,S,qb_sack,0.4554,0.6245,0.0326,4.7,0.3041,-0.5919,Carson Wentz
2021091903,329,1,LA,IND,C,pass_forward,0.4538,0.3394,0.5041,2.7,2.3096,0.1646,Matthew Stafford
2021091903,353,1,LA,IND,C,pass_forward,0.3553,0.4079,0.278,5.0,2.3394,-0.1299,Matthew Stafford
2021091903,377,1,LA,IND,C,pass_forward,0.3486,0.3136,0.3754,3.4,2.4642,0.0617,Matthew Stafford
2021091903,471,1,LA,IND,C,pass_forward,0.4344,0.4717,0.5407,3.0,2.4813,0.0689,Matthew Stafford
2021091903,522,0,IND,LA,S,qb_sack,0.2792,0.288,0.0111,5.0,0.1345,-0.2769,Carson Wentz
2021091903,564,0,IND,LA,C,pass_forward,0.1113,0.0767,0.0319,2.1,3.4482,-0.0448,Carson Wentz
2021091903,588,1,IND,LA,C,pass_forward,0.2553,0.1571,0.1578,4.3,1.3515,0.0007,Carson Wentz
2021091903,633,0,IND,LA,C,pass_forward,0.4511,0.53,0.4012,1.3,2.9003,-0.1288,Carson Wentz
2021091903,676,0,IND,LA,I,pass_forward,0.3699,0.5018,0.5693,2.0,3.0163,0.0675,Carson Wentz
2021091903,761,0,LA,IND,IN,pass_forward,0.2588,0.2159,0.3092,2.9,1.5726,0.0932,Matthew Stafford
2021091903,874,0,IND,LA,C,pass_forward,0.2486,0.2777,0.2948,2.0,2.8724,0.0171,Carson Wentz
2021091903,945,0,LA,IND,C,pass_forward,0.2732,0.1808,0.1388,2.8,2.3182,-0.042,Matthew Stafford
2021091903,990,0,LA,IND,C,pass_forward,0.4321,0.3583,0.459,3.9,2.5305,0.1006,Matthew Stafford
2021091903,1035,1,LA,IND,C,pass_forward,0.5852,0.5616,0.6172,2.2,3.464,0.0557,Matthew Stafford
2021091903,1080,1,LA,IND,C,pass_forward,0.1386,0.1446,0.2314,3.1,2.8178,0.0868,Matthew Stafford
2021091903,1149,1,LA,IND,C,pass_forward,0.2855,0.2087,0.3905,2.6,3.8017,0.1818,Matthew Stafford
2021091903,1170,0,LA,IND,R,run,0.4119,0.3059,0.1407,5.0,2.4109,-0.1651,Matthew Stafford
2021091903,1199,1,LA,IND,C,pass_forward,0.5308,0.528,0.2551,2.5,1.1161,-0.2729,Matthew Stafford
2021091903,1266,0,LA,IND,I,pass_forward,0.4063,0.3886,0.0814,4.7,0.8868,-0.3072,Matthew Stafford
2021091903,1352,0,LA,IND,I,pass_forward,0.2003,0.1171,0.186,2.6,3.4643,0.0689,Matthew Stafford
2021091903,1380,1,IND,LA,C,pass_forward,0.2731,0.1649,0.3623,2.5,4.0523,0.1973,Carson Wentz
2021091903,1404,0,IND,LA,I,pass_forward,0.2973,0.2769,0.1344,5.9,1.1811,-0.1425,Carson Wentz
2021091903,1426,0,IND,LA,C,pass_forward,0.3011,0.252,0.1661,4.0,1.1423,-0.0858,Carson Wentz
2021091903,1494,1,IND,LA,R,run,0.3391,0.2786,0.3641,3.9,1.9316,0.0856,Carson Wentz
2021091903,1515,0,IND,LA,C,pass_forward,0.2687,0.2025,0.3806,2.5,2.5353,0.1781,Carson Wentz
2021091903,1539,1,IND,LA,C,pass_forward,0.417,0.4131,0.4786,2.0,3.5776,0.0655,Carson Wentz
2021091903,1568,0,IND,LA,I,pass_forward,0.1196,0.1173,0.142,6.7,0.8298,0.0247,Carson Wentz
2021091903,1613,0,IND,LA,I,pass_forward,0.1198,0.1214,0.2015,2.4,2.5491,0.0802,Carson Wentz
2021091903,1694,0,LA,IND,I,pass_forward,0.2744,0.2844,0.3932,2.5,3.6284,0.1088,Matthew Stafford
2021091903,1898,0,IND,LA,I,pass_forward,0.3778,0.3634,0.3442,2.1,2.6056,-0.0192,Carson Wentz
2021091903,1920,0,IND,LA,S,qb_sack,0.3408,0.3314,0.1384,4.2,0.05,-0.193,Carson Wentz
2021091903,1988,0,LA,IND,I,pass_forward,0.3836,0.4,0.5028,2.3,4.0345,0.1027,Matthew Stafford
2021091903,2010,0,LA,IND,I,pass_forward,0.3817,0.394,0.3529,2.3,2.051,-0.0411,Matthew Stafford
2021091903,2050,1,IND,LA,R,run,0.282,0.2421,0.408,3.5,1.8085,0.1658,Carson Wentz
2021091903,2148,1,IND,LA,C,pass_forward,0.3353,0.2984,0.4409,3.5,2.6371,0.1425,Carson Wentz
2021091903,2172,0,IND,LA,I,pass_forward,0.2625,0.2308,0.3055,2.7,3.0897,0.0747,Carson Wentz
2021091903,2194,0,IND,LA,R,run,0.2667,0.1328,0.2351,6.5,3.06,0.1022,Carson Wentz
2021091903,2276,0,IND,LA,R,run,0.3594,0.3469,0.0332,4.2,0.3479,-0.3137,Carson Wentz
2021091903,2319,1,IND,LA,C,pass_forward,0.4225,0.3931,0.4254,2.2,2.7777,0.0322,Carson Wentz
2021091903,2368,0,LA,IND,S,qb_sack,0.3948,0.3555,0.0167,2.8,0.0943,-0.3388,Matthew Stafford
2021091903,2387,0,LA,IND,I,pass_forward,0.0885,0.0636,0.19,3.9,3.42,0.1264,Matthew Stafford
2021091903,2409,0,LA,IND,I,pass_forward,0.0985,0.0872,0.2179,4.1,3.0109,0.1307,Matthew Stafford
2021091903,2449,0,IND,LA,C,pass_forward,0.3057,0.2433,0.3526,3.1,2.4307,0.1092,Carson Wentz
2021091903,2485,1,IND,LA,C,pass_forward,0.3028,0.2998,0.3783,2.5,2.3963,0.0785,Carson Wentz
2021091903,2509,0,IND,LA,I,pass_forward,0.3322,0.3566,0.2772,4.3,1.3928,-0.0794,Carson Wentz
2021091903,2531,0,IND,LA,R,run,0.3176,0.2296,0.1714,4.7,1.0512,-0.0582,Carson Wentz
2021091903,2552,0,IND,LA,I,pass_forward,0.3923,0.3875,0.1381,4.7,1.144,-0.2494,Carson Wentz
2021091903,2657,0,LA,IND,I,pass_forward,0.4863,0.5022,0.5338,3.6,1.861,0.0316,Matthew Stafford
2021091903,2755,1,LA,IND,C,pass_forward,0.4481,0.3765,0.3821,3.1,2.2534,0.0056,Matthew Stafford
2021091903,2800,1,LA,IND,C,pass_forward,0.4737,0.528,0.6259,3.5,2.8731,0.0979,Matthew Stafford
2021091903,2829,1,LA,IND,C,pass_forward,0.2854,0.2344,0.3134,2.7,2.8625,0.079,Matthew Stafford
2021091903,3003,1,IND,LA,C,pass_forward,0.1789,0.114,0.2348,3.1,1.9901,0.1209,Carson Wentz
2021091903,3086,0,IND,LA,I,pass_forward,0.3866,0.4628,0.0422,4.0,0.1746,-0.4207,Carson Wentz
2021091903,3142,0,LA,IND,I,pass_forward,0.3594,0.4116,0.4074,2.9,2.2077,-0.0042,Matthew Stafford
2021091903,3164,1,LA,IND,C,pass_forward,0.3215,0.3187,0.3262,1.9,3.7787,0.0075,Matthew Stafford
2021091903,3209,0,LA,IND,C,pass_forward,0.4481,0.4142,0.5715,2.9,3.0897,0.1573,Matthew Stafford
2021091903,3233,1,LA,IND,C,pass_forward,0.8119,0.7969,0.5761,4.0,1.494,-0.2208,Matthew Stafford
2021091903,3479,0,IND,LA,I,pass_forward,0.3186,0.3755,0.3392,2.6,1.7596,-0.0364,Jacob Eason
2021091903,3501,0,IND,LA,IN,pass_forward,0.3191,0.3318,0.0398,3.2,0.5991,-0.2919,Jacob Eason
2021091903,3662,0,IND,LA,I,pass_forward,0.4373,0.2608,0.3778,4.1,3.4622,0.117,Jacob Eason
2021091903,3684,1,IND,LA,C,pass_forward,0.4666,0.2802,0.202,2.9,2.183,-0.0781,Jacob Eason
2021091904,107,1,JAX,DEN,C,pass_forward,0.5001,0.5808,0.4053,2.9,1.2667,-0.1754,Trevor Lawrence
2021091904,131,0,JAX,DEN,I,pass_forward,0.3468,0.4187,0.425,2.3,2.42,0.0063,Trevor Lawrence
2021091904,237,0,JAX,DEN,I,pass_forward,0.5696,0.6763,0.7147,3.1,3.6821,0.0384,Trevor Lawrence
2021091904,259,1,JAX,DEN,C,pass_forward,0.5488,0.5841,0.646,2.8,2.3002,0.0619,Trevor Lawrence
2021091904,348,1,JAX,DEN,C,pass_forward,0.1576,0.2582,0.2151,2.6,1.085,-0.0432,Trevor Lawrence
2021091904,420,0,DEN,JAX,C,pass_forward,0.2606,0.2692,0.4304,3.4,3.0234,0.1612,Teddy Bridgewater
2021091904,498,1,DEN,JAX,C,pass_forward,0.4616,0.4992,0.3835,3.1,1.5063,-0.1157,Teddy Bridgewater
2021091904,522,1,DEN,JAX,C,pass_forward,0.3699,0.3857,0.4103,2.5,2.1028,0.0247,Teddy Bridgewater
2021091904,594,0,DEN,JAX,C,pass_forward,0.3187,0.4117,0.193,4.2,1.0406,-0.2187,Teddy Bridgewater
2021091904,639,0,DEN,JAX,S,qb_sack,0.2913,0.299,0.0666,5.7,0.6083,-0.2324,Teddy Bridgewater
2021091904,658,0,DEN,JAX,C,pass_forward,0.1067,0.0286,0.0233,2.2,3.7919,-0.0053,Teddy Bridgewater
2021091904,682,0,DEN,JAX,C,pass_forward,0.105,0.0749,0.0766,2.8,2.8645,0.0017,Teddy Bridgewater
2021091904,740,0,JAX,DEN,C,pass_forward,0.4669,0.493,0.582,3.5,2.022,0.0891,Trevor Lawrence
2021091904,783,0,JAX,DEN,I,pass_forward,0.1835,0.1095,0.1806,2.5,4.1301,0.0711,Trevor Lawrence
2021091904,805,0,JAX,DEN,I,pass_forward,0.1653,0.2264,0.2902,4.4,2.5909,0.0638,Trevor Lawrence
2021091904,846,0,DEN,JAX,C,pass_forward,0.3875,0.3095,0.2769,2.6,2.5728,-0.0326,Teddy Bridgewater
2021091904,912,0,DEN,JAX,C,pass_forward,0.287,0.3272,0.1821,7.6,1.5008,-0.1451,Teddy Bridgewater
2021091904,936,0,DEN,JAX,I,pass_forward,0.4196,0.4555,0.4845,3.2,2.0583,0.029,Teddy Bridgewater
2021091904,1091,0,JAX,DEN,C,pass_forward,0.335,0.2937,0.429,3.0,1.9276,0.1353,Trevor Lawrence
2021091904,1136,0,JAX,DEN,I,pass_forward,0.1102,0.0765,0.0871,3.0,1.0898,0.0106,Trevor Lawrence
2021091904,1200,0,DEN,JAX,I,pass_forward,0.3016,0.3734,0.558,3.6,3.2934,0.1846,Teddy Bridgewater
2021091904,1222,0,DEN,JAX,I,pass_forward,0.355,0.409,0.4546,2.5,3.5293,0.0456,Teddy Bridgewater
2021091904,1311,0,JAX,DEN,I,pass_forward,0.5232,0.6239,0.692,2.4,2.8468,0.0681,Trevor Lawrence
2021091904,1379,0,DEN,JAX,C,pass_forward,0.0896,0.0508,0.0637,3.3,1.365,0.0129,Teddy Bridgewater
2021091904,1403,1,DEN,JAX,C,pass_forward,0.4475,0.4458,0.4663,3.3,3.1401,0.0205,Teddy Bridgewater
2021091904,1448,1,DEN,JAX,C,pass_forward,0.3094,0.362,0.3628,4.8,1.9616,0.0008,Teddy Bridgewater
2021091904,1472,0,DEN,JAX,I,pass_forward,0.3341,0.3904,0.2496,2.9,2.0508,-0.1408,Teddy Bridgewater
2021091904,1494,1,DEN,JAX,C,pass_forward,0.2747,0.319,0.4397,2.2,3.5089,0.1207,Teddy Bridgewater
2021091904,1535,1,DEN,JAX,C,pass_forward,0.2381,0.3167,0.2377,2.9,1.5624,-0.079,Teddy Bridgewater
2021091904,1586,0,JAX,DEN,C,pass_forward,0.2695,0.2712,0.3927,2.7,2.0801,0.1215,Trevor Lawrence
2021091904,1636,1,JAX,DEN,C,pass_forward,0.5338,0.5509,0.5759,2.1,4.6402,0.025,Trevor Lawrence
2021091904,1660,1,JAX,DEN,C,pass_forward,0.3132,0.2526,0.4426,3.2,2.1524,0.19,Trevor Lawrence
2021091904,1733,0,JAX,DEN,I,pass_forward,0.5403,0.4903,0.6258,3.5,1.0756,0.1354,Trevor Lawrence
2021091904,1794,0,JAX,DEN,I,pass_forward,0.5408,0.5282,0.4461,2.2,1.7778,-0.0821,Trevor Lawrence
2021091904,1816,1,JAX,DEN,R,run,0.5221,0.4682,0.3497,3.4,1.9902,-0.1185,Trevor Lawrence
2021091904,1854,0,JAX,DEN,I,pass_forward,0.2284,0.2096,0.2386,2.7,2.0962,0.0289,Trevor Lawrence
2021091904,1876,0,JAX,DEN,I,pass_forward,0.1648,0.1574,0.2038,2.6,1.486,0.0464,Trevor Lawrence
2021091904,1898,0,JAX,DEN,I,pass_forward,0.1293,0.1486,0.0371,4.1,0.5882,-0.1114,Trevor Lawrence
2021091904,1940,0,DEN,JAX,I,pass_forward,0.3193,0.3595,0.2944,3.2,1.4237,-0.0651,Teddy Bridgewater
2021091904,1962,0,DEN,JAX,C,pass_forward,0.2815,0.3206,0.3712,3.1,1.6698,0.0506,Teddy Bridgewater
2021091904,1991,0,DEN,JAX,I,pass_forward,0.7128,0.7484,0.7974,2.9,1.7746,0.049,Teddy Bridgewater
2021091904,2030,1,DEN,JAX,C,pass_forward,0.6797,0.647,0.4394,7.8,0.9941,-0.2075,Teddy Bridgewater
2021091904,2120,1,DEN,JAX,C,pass_forward,0.3917,0.4468,0.6594,3.9,3.8148,0.2126,Teddy Bridgewater
2021091904,2165,1,DEN,JAX,C,pass_forward,0.5151,0.5303,0.5323,2.0,2.4535,0.002,Teddy Bridgewater
2021091904,2216,0,JAX,DEN,C,pass_forward,0.3155,0.3422,0.2134,2.5,2.6491,-0.1288,Trevor Lawrence
2021091904,2261,0,JAX,DEN,S,qb_sack,0.3535,0.4054,0.0209,4.0,0.0447,-0.3845,Trevor Lawrence
2021091904,2299,0,DEN,JAX,S,qb_sack,0.3447,0.4044,0.0348,6.2,0.6597,-0.3696,Teddy Bridgewater
2021091904,2339,0,DEN,JAX,S,qb_sack,0.2664,0.3433,0.0327,4.4,0.5048,-0.3106,Teddy Bridgewater
2021091904,2382,0,DEN,JAX,C,pass_forward,0.186,0.2507,0.272,4.1,1.7692,0.0213,Teddy Bridgewater
2021091904,2616,0,DEN,JAX,C,pass_forward,0.2869,0.3133,0.2942,2.0,3.5089,-0.0191,Teddy Bridgewater
2021091904,2640,1,DEN,JAX,R,run,0.695,0.672,0.6977,4.7,2.5817,0.0257,Teddy Bridgewater
2021091904,2682,0,DEN,JAX,C,pass_forward,0.4483,0.4383,0.373,6.0,1.2448,-0.0653,Teddy Bridgewater
2021091904,2723,0,DEN,JAX,I,pass_forward,0.4463,0.4222,0.4427,2.5,2.9446,0.0205,Teddy Bridgewater
2021091904,2841,0,JAX,DEN,C,pass_forward,0.2416,0.11,0.1238,1.6,4.71,0.0138,Trevor Lawrence
2021091904,2865,0,JAX,DEN,I,pass_forward,0.4159,0.3588,0.2985,2.7,1.3741,-0.0603,Trevor Lawrence
2021091904,2887,0,JAX,DEN,I,pass_forward,0.3742,0.3388,0.2613,3.4,1.3868,-0.0775,Trevor Lawrence
2021091904,2939,0,DEN,JAX,C,pass_forward,0.3781,0.2873,0.1794,3.4,2.5132,-0.1079,Teddy Bridgewater
2021091904,3049,0,JAX,DEN,I,pass_forward,0.3336,0.3075,0.3909,2.9,2.905,0.0834,Trevor Lawrence
2021091904,3071,1,JAX,DEN,R,run,0.3421,0.2997,0.1691,5.9,1.6715,-0.1305,Trevor Lawrence
2021091904,3113,0,JAX,DEN,I,pass_forward,0.4927,0.4904,0.5827,3.6,2.2144,0.0922,Trevor Lawrence
2021091904,3215,1,JAX,DEN,C,pass_forward,0.5385,0.6259,0.7044,3.1,2.4507,0.0785,Trevor Lawrence
2021091904,3268,0,JAX,DEN,IN,pass_forward,0.2131,0.1664,0.2004,2.8,2.2445,0.0341,Trevor Lawrence
2021091904,3432,0,DEN,JAX,I,pass_forward,0.2666,0.2961,0.2955,2.9,2.3347,-0.0005,Teddy Bridgewater
2021091904,3533,0,DEN,JAX,C,pass_forward,0.2256,0.2504,0.235,2.9,2.3131,-0.0154,Teddy Bridgewater
2021091904,3676,1,DEN,JAX,C,pass_forward,0.3437,0.3458,0.2317,2.5,2.5306,-0.1141,Teddy Bridgewater
2021091905,55,0,MIA,BUF,S,qb_sack,0.3356,0.4514,0.0951,3.4,0.8562,-0.3562,Tua Tagovailoa
2021091905,95,0,MIA,BUF,S,qb_sack,0.2496,0.2726,0.0237,3.2,0.3421,-0.2489,Tua Tagovailoa
2021091905,139,0,BUF,MIA,I,pass_forward,0.298,0.302,0.3054,2.3,4.6689,0.0034,Josh Allen
2021091905,247,0,MIA,BUF,I,pass_forward,0.2685,0.3789,0.1762,4.1,1.8417,-0.2028,Tua Tagovailoa
2021091905,350,0,MIA,BUF,I,pass_forward,0.5964,0.5851,0.2122,2.3,1.0242,-0.3729,Tua Tagovailoa
2021091905,378,0,BUF,MIA,C,pass_forward,0.3139,0.3028,0.26,1.8,4.7319,-0.0428,Josh Allen
2021091905,427,1,BUF,MIA,R,run,0.3526,0.4321,0.526,5.3,1.5495,0.0939,Josh Allen
2021091905,448,1,BUF,MIA,C,pass_forward,0.3543,0.407,0.5242,3.3,2.9933,0.1173,Josh Allen
2021091905,472,0,BUF,MIA,I,pass_forward,0.2942,0.4366,0.2911,4.4,2.56,-0.1455,Josh Allen
2021091905,515,1,BUF,MIA,C,pass_forward,0.3418,0.3648,0.1231,6.1,0.9437,-0.2417,Josh Allen
2021091905,620,0,MIA,BUF,S,qb_sack,0.4802,0.5728,0.4565,5.7,0.9665,-0.1163,Jacoby Brissett
2021091905,709,0,BUF,MIA,C,pass_forward,0.3056,0.3989,0.2683,1.7,4.8895,-0.1306,Josh Allen
2021091905,805,0,MIA,BUF,I,pass_forward,0.2029,0.166,0.1588,1.8,1.8118,-0.0072,Jacoby Brissett
2021091905,876,0,MIA,BUF,IN,pass_forward,0.2374,0.1804,0.215,2.7,1.7913,0.0346,Jacoby Brissett
2021091905,923,0,BUF,MIA,I,pass_forward,0.2164,0.2157,0.2183,4.6,2.3122,0.0026,Josh Allen
2021091905,945,0,BUF,MIA,I,pass_forward,0.2164,0.3079,0.2076,4.2,1.3688,-0.1002,Josh Allen
2021091905,1008,0,MIA,BUF,C,pass_forward,0.3312,0.316,0.3824,2.7,2.0393,0.0665,Jacoby Brissett
2021091905,1054,1,MIA,BUF,C,pass_forward,0.5355,0.5602,0.4977,4.0,1.9358,-0.0625,Jacoby Brissett
2021091905,1102,0,MIA,BUF,R,run,0.2965,0.4648,0.4002,6.7,2.2748,-0.0646,Jacoby Brissett
2021091905,1123,1,MIA,BUF,C,pass_forward,0.652,0.5851,0.2341,2.7,1.1336,-0.3511,Jacoby Brissett
2021091905,1189,1,MIA,BUF,C,pass_forward,0.5072,0.5656,0.1037,2.6,0.7694,-0.4619,Jacoby Brissett
2021091905,1213,0,MIA,BUF,I,pass_forward,0.3666,0.2949,0.1497,6.9,0.6002,-0.1452,Jacoby Brissett
2021091905,1345,0,MIA,BUF,I,pass_forward,0.4795,0.4798,0.4521,2.0,2.4167,-0.0277,Jacoby Brissett
2021091905,1367,0,MIA,BUF,C,pass_forward,0.4676,0.4456,0.3935,2.2,3.0192,-0.0521,Jacoby Brissett
2021091905,1452,1,BUF,MIA,C,pass_forward,0.3436,0.6001,0.3918,2.3,1.8495,-0.2084,Josh Allen
2021091905,1499,0,BUF,MIA,I,pass_forward,0.1175,0.3717,0.4501,3.0,4.2711,0.0785,Josh Allen
2021091905,1521,0,BUF,MIA,IN,pass_forward,0.1104,0.3928,0.2444,2.6,3.7181,-0.1484,Josh Allen
2021091905,1568,0,MIA,BUF,S,qb_sack,0.4788,0.4028,0.0185,3.7,0.2214,-0.3843,Jacoby Brissett
2021091905,1587,0,MIA,BUF,C,pass_forward,0.1653,0.0712,0.0838,1.8,3.8094,0.0126,Jacoby Brissett
2021091905,1767,0,MIA,BUF,C,pass_forward,0.0942,0.0454,0.0361,2.1,2.8511,-0.0094,Jacoby Brissett
2021091905,1791,0,MIA,BUF,C,pass_forward,0.1493,0.0602,0.0908,3.1,1.2479,0.0306,Jacoby Brissett
2021091905,1832,1,MIA,BUF,C,pass_forward,0.4963,0.5485,0.4968,3.5,2.3559,-0.0517,Jacoby Brissett
2021091905,1867,0,MIA,BUF,I,pass_forward,0.2623,0.2604,0.2886,2.8,2.0583,0.0282,Jacoby Brissett
2021091905,1889,0,MIA,BUF,R,run,0.2693,0.3474,0.2743,4.2,1.9701,-0.0731,Jacoby Brissett
2021091905,1910,1,MIA,BUF,C,pass_forward,0.3886,0.4335,0.422,2.3,1.7894,-0.0116,Jacoby Brissett
2021091905,1934,0,MIA,BUF,I,pass_forward,0.2494,0.249,0.296,2.5,3.8027,0.047,Jacoby Brissett
2021091905,1956,0,MIA,BUF,I,pass_forward,0.2903,0.3749,0.036,3.5,0.4405,-0.3389,Jacoby Brissett
2021091905,2172,0,BUF,MIA,I,pass_forward,0.4129,0.4166,0.418,3.9,2.6201,0.0014,Josh Allen
2021091905,2261,0,BUF,MIA,I,pass_forward,0.2882,0.3584,0.3268,3.4,2.4034,-0.0316,Josh Allen
2021091905,2283,0,BUF,MIA,C,pass_forward,0.3038,0.3427,0.4065,3.0,3.7918,0.0638,Josh Allen
2021091905,2324,0,BUF,MIA,I,pass_forward,0.3784,0.5824,0.4082,2.7,2.0427,-0.1742,Josh Allen
2021091905,2438,1,BUF,MIA,C,pass_forward,0.2984,0.3458,0.4038,3.0,3.1977,0.058,Josh Allen
2021091905,2462,1,BUF,MIA,C,pass_forward,0.3151,0.3052,0.3632,2.8,4.3046,0.058,Josh Allen
2021091905,2486,0,BUF,MIA,I,pass_forward,0.3226,0.3117,0.2958,3.9,2.5614,-0.0159,Josh Allen
2021091905,2543,0,BUF,MIA,I,pass_forward,0.3098,0.2942,0.1144,4.2,1.22,-0.1799,Josh Allen
2021091905,2598,1,BUF,MIA,C,pass_forward,0.2776,0.3859,0.2958,3.4,3.5031,-0.0901,Josh Allen
2021091905,2623,1,BUF,MIA,C,pass_forward,0.2694,0.2248,0.2693,3.4,2.5856,0.0445,Josh Allen
2021091905,2690,0,MIA,BUF,C,pass_forward,0.2672,0.3488,0.2592,1.9,2.3369,-0.0896,Jacoby Brissett
2021091905,2736,1,MIA,BUF,C,pass_forward,0.3712,0.3843,0.3575,2.3,2.6571,-0.0268,Jacoby Brissett
2021091905,2826,0,MIA,BUF,C,pass_forward,0.4613,0.4802,0.4248,1.9,3.241,-0.0554,Jacoby Brissett
2021091905,2958,0,BUF,MIA,I,pass_forward,0.3181,0.3843,0.2098,3.0,1.1881,-0.1745,Josh Allen
2021091905,3002,0,BUF,MIA,S,qb_sack,0.3226,0.3171,0.0192,4.9,0.278,-0.2979,Josh Allen
2021091905,3049,0,MIA,BUF,C,pass_forward,0.3124,0.3242,0.2368,3.1,0.9651,-0.0874,Jacoby Brissett
2021091905,3074,0,MIA,BUF,C,pass_forward,0.3931,0.5019,0.4407,2.2,1.61,-0.0612,Jacoby Brissett
2021091905,3098,1,MIA,BUF,C,pass_forward,0.5081,0.6373,0.6999,3.2,0.9602,0.0626,Jacoby Brissett
2021091905,3122,0,MIA,BUF,C,pass_forward,0.2781,0.2594,0.3446,2.6,2.9857,0.0852,Jacoby Brissett
2021091905,3146,0,MIA,BUF,I,pass_forward,0.6363,0.6319,0.1881,3.2,0.8488,-0.4437,Jacoby Brissett
2021091905,3168,0,MIA,BUF,I,pass_forward,0.5901,0.5899,0.3909,2.0,1.3489,-0.199,Jacoby Brissett
2021091905,3281,0,BUF,MIA,I,pass_forward,0.2852,0.251,0.5096,3.3,3.4036,0.2587,Josh Allen
2021091905,3388,0,BUF,MIA,I,pass_forward,0.2223,0.4065,0.3465,3.3,2.6954,-0.0601,Josh Allen
2021091905,3525,0,MIA,BUF,I,pass_forward,0.3057,0.3124,0.1026,3.4,0.8276,-0.2098,Jacoby Brissett
2021091905,3553,0,MIA,BUF,S,qb_sack,0.3134,0.3587,0.0231,5.2,0.3306,-0.3355,Jacoby Brissett
2021091905,3572,0,MIA,BUF,S,qb_sack,0.1257,0.0441,0.0165,6.0,0.1697,-0.0276,Jacoby Brissett
2021091905,3616,1,BUF,MIA,C,pass_forward,0.4097,0.3707,0.4539,3.1,2.7901,0.0832,Josh Allen
2021091905,3659,0,BUF,MIA,C,pass_forward,0.289,0.2422,0.2069,1.9,4.7196,-0.0353,Josh Allen
2021091905,3730,0,BUF,MIA,I,pass_forward,0.2548,0.2401,0.1845,3.4,2.1315,-0.0556,Josh Allen
2021091905,3779,1,BUF,MIA,R,run,0.2102,0.2657,0.2058,2.9,2.5328,-0.0599,Josh Allen
2021091905,3925,1,MIA,BUF,C,pass_forward,0.5214,0.583,0.6118,2.8,2.3125,0.0288,Jacoby Brissett
2021091905,4151,0,MIA,BUF,C,pass_forward,0.2371,0.2706,0.2594,3.6,1.7032,-0.0111,Jacoby Brissett
2021091905,4175,0,MIA,BUF,I,pass_forward,0.6484,0.5883,0.6395,2.7,2.6152,0.0512,Jacoby Brissett
2021091905,4203,0,MIA,BUF,I,pass_forward,0.6111,0.5735,0.5872,4.9,1.196,0.0137,Jacoby Brissett
2021091906,76,1,NE,NYJ,C,pass_forward,0.424,0.4781,0.5738,3.0,2.0381,0.0958,Mac Jones
2021091906,126,0,NE,NYJ,C,pass_forward,0.239,0.3441,0.4595,3.4,2.4047,0.1154,Mac Jones
2021091906,155,1,NE,NYJ,C,pass_forward,0.5196,0.5689,0.5983,3.0,2.6683,0.0294,Mac Jones
2021091906,179,0,NE,NYJ,C,pass_forward,0.2902,0.3403,0.4602,3.4,2.5045,0.1199,Mac Jones
2021091906,238,0,NE,NYJ,C,pass_forward,0.2911,0.291,0.3892,2.4,2.8784,0.0982,Mac Jones
2021091906,283,0,NE,NYJ,S,qb_sack,0.5548,0.5454,0.1158,3.5,0.3008,-0.4296,Mac Jones
2021091906,342,0,NYJ,NE,IN,pass_forward,0.4838,0.5775,0.385,3.0,2.47,-0.1925,Zach Wilson
2021091906,568,0,NYJ,NE,IN,pass_forward,0.3032,0.3402,0.179,4.3,2.9334,-0.1612,Zach Wilson
2021091906,924,1,NYJ,NE,C,pass_forward,0.43,0.4554,0.4685,2.9,2.8872,0.0131,Zach Wilson
2021091906,1100,0,NE,NYJ,S,qb_strip_sack,0.4616,0.3113,0.1261,3.8,0.2508,-0.1852,Mac Jones
2021091906,1153,0,NE,NYJ,S,qb_sack,0.0899,0.0629,0.0333,4.2,0.1513,-0.0296,Mac Jones
2021091906,1260,0,NYJ,NE,IN,pass_forward,0.5326,0.616,0.6409,2.8,2.662,0.0248,Zach Wilson
2021091906,1331,0,NE,NYJ,C,pass_forward,0.4849,0.3579,0.3616,1.9,4.2554,0.0037,Mac Jones
2021091906,1360,0,NE,NYJ,I,pass_forward,0.4932,0.401,0.3083,2.1,3.1637,-0.0927,Mac Jones
2021091906,1442,0,NYJ,NE,C,pass_forward,0.1098,0.0434,0.0337,2.3,1.763,-0.0097,Zach Wilson
2021091906,1492,0,NYJ,NE,I,pass_forward,0.5433,0.5926,0.4913,2.2,2.3614,-0.1013,Zach Wilson
2021091906,1592,1,NE,NYJ,C,pass_forward,0.5634,0.5633,0.5271,2.3,2.0916,-0.0362,Mac Jones
2021091906,1616,1,NE,NYJ,C,pass_forward,0.2944,0.2832,0.3393,2.1,4.3862,0.0562,Mac Jones
2021091906,1645,0,NE,NYJ,C,pass_forward,0.2693,0.257,0.4162,3.5,3.4409,0.1592,Mac Jones
2021091906,1710,0,NE,NYJ,I,pass_forward,0.1654,0.2012,0.1631,5.6,2.2864,-0.0381,Mac Jones
2021091906,1732,0,NE,NYJ,C,pass_forward,0.1637,0.2141,0.2176,1.9,4.1413,0.0035,Mac Jones
2021091906,1761,0,NE,NYJ,I,pass_forward,0.4025,0.5355,0.5188,4.2,1.4951,-0.0167,Mac Jones
2021091906,1911,0,NYJ,NE,C,pass_forward,0.3395,0.275,0.2866,5.2,2.2105,0.0116,Zach Wilson
2021091906,1956,0,NYJ,NE,I,pass_forward,0.3624,0.2455,0.2057,6.7,0.9868,-0.0398,Zach Wilson
2021091906,1989,0,NYJ,NE,R,run,0.0936,0.0318,0.033,4.9,2.1596,0.0012,Zach Wilson
2021091906,2098,0,NYJ,NE,IN,pass_forward,0.0861,0.0239,0.0248,3.9,4.3911,0.0009,Zach Wilson
2021091906,2134,0,NE,NYJ,C,pass_forward,0.3617,0.3506,0.3535,3.2,2.0209,0.0028,Mac Jones
2021091906,2272,1,NYJ,NE,R,run,0.3775,0.5463,0.532,4.3,1.6024,-0.0143,Zach Wilson
2021091906,2298,0,NYJ,NE,C,pass_forward,0.3506,0.2289,0.1447,2.1,2.0085,-0.0842,Zach Wilson
2021091906,2427,0,NYJ,NE,C,pass_forward,0.2714,0.2978,0.1147,4.8,1.6193,-0.1831,Zach Wilson
2021091906,2473,0,NYJ,NE,S,qb_sack,0.4382,0.3886,0.0316,4.8,0.05,-0.357,Zach Wilson
2021091906,2512,1,NE,NYJ,C,pass_forward,0.3504,0.2519,0.3818,2.4,1.7439,0.1299,Mac Jones
2021091906,2568,0,NE,NYJ,C,pass_forward,0.078,0.0843,0.1071,2.4,4.2608,0.0228,Mac Jones
2021091906,2649,0,NE,NYJ,I,pass_forward,0.3043,0.2628,0.2839,2.4,2.2408,0.0211,Mac Jones
2021091906,2671,0,NE,NYJ,C,pass_forward,0.2939,0.2909,0.2087,2.1,3.2207,-0.0822,Mac Jones
2021091906,2736,0,NYJ,NE,C,pass_forward,0.2831,0.3556,0.309,3.4,2.4387,-0.0466,Zach Wilson
2021091906,2760,1,NYJ,NE,C,pass_forward,0.3889,0.4062,0.517,3.4,2.4141,0.1108,Zach Wilson
2021091906,2852,0,NYJ,NE,C,pass_forward,0.0389,0.0813,0.0836,2.2,3.0217,0.0023,Zach Wilson
2021091906,2909,0,NYJ,NE,I,pass_forward,0.2237,0.2047,0.2422,4.2,2.3034,0.0375,Zach Wilson
2021091906,2955,0,NYJ,NE,C,pass_forward,0.3114,0.6028,0.5685,3.5,2.1191,-0.0342,Zach Wilson
2021091906,2979,0,NYJ,NE,I,pass_forward,0.4525,0.4796,0.4994,2.3,1.8804,0.0198,Zach Wilson
2021091906,3050,0,NE,NYJ,I,pass_forward,0.27,0.3009,0.1527,5.6,2.1115,-0.1482,Mac Jones
2021091906,3134,0,NYJ,NE,I,pass_forward,0.2955,0.3938,0.1914,3.8,1.3959,-0.2024,Zach Wilson
2021091906,3156,1,NYJ,NE,C,pass_forward,0.2532,0.2947,0.1975,2.7,1.4313,-0.0972,Zach Wilson
2021091906,3243,0,NYJ,NE,C,pass_forward,0.3333,0.3381,0.2541,3.4,2.4581,-0.084,Zach Wilson
2021091906,3293,0,NYJ,NE,I,pass_forward,0.1674,0.3438,0.1087,2.9,1.2382,-0.2351,Zach Wilson
2021091906,3336,0,NYJ,NE,S,run,0.194,0.433,0.1452,4.3,1.7046,-0.2878,Zach Wilson
2021091906,3437,0,NE,NYJ,I,pass_forward,0.362,0.2901,0.2611,2.1,2.2358,-0.029,Mac Jones
2021091906,3459,0,NE,NYJ,I,pass_forward,0.3261,0.3665,0.4032,2.6,2.9052,0.0367,Mac Jones
2021091906,3500,0,NYJ,NE,I,pass_forward,0.2679,0.311,0.3855,3.0,1.4849,0.0745,Zach Wilson
2021091906,3522,0,NYJ,NE,C,pass_forward,0.2957,0.304,0.363,3.1,2.1319,0.059,Zach Wilson
2021091906,3546,0,NYJ,NE,I,pass_forward,0.5797,0.6625,0.6496,2.5,3.6508,-0.0129,Zach Wilson
2021091906,3568,0,NYJ,NE,I,pass_forward,0.5752,0.6117,0.1239,5.5,3.3443,-0.4878,Zach Wilson
2021091906,3807,0,NYJ,NE,C,pass_forward,0.2712,0.3148,0.3191,2.1,3.5717,0.0043,Zach Wilson
2021091906,3836,0,NYJ,NE,I,pass_forward,0.6007,0.6075,0.5439,3.2,3.1164,-0.0635,Zach Wilson
2021091906,3858,0,NYJ,NE,S,qb_sack,0.5456,0.5799,0.0277,3.8,0.2081,-0.5522,Zach Wilson
2021091906,3877,1,NYJ,NE,C,pass_forward,0.144,0.3969,0.3981,3.7,1.805,0.0011,Zach Wilson
2021091906,3906,0,NYJ,NE,S,qb_sack,0.2975,0.2735,0.1706,4.5,0.8649,-0.1029,Zach Wilson
2021091906,3942,0,NYJ,NE,C,pass_forward,0.1916,0.1157,0.1833,3.0,4.0478,0.0676,Zach Wilson
2021091906,3971,1,NYJ,NE,C,pass_forward,0.4508,0.3358,0.4401,2.7,2.3027,0.1042,Zach Wilson
2021091907,98,0,SF,PHI,C,pass_forward,0.1668,0.1642,0.169,2.4,1.736,0.0048,Jimmy Garoppolo
2021091907,233,0,PHI,SF,I,pass_forward,0.3539,0.3686,0.377,5.0,2.643,0.0084,Jalen Hurts
2021091907,360,0,SF,PHI,I,pass_forward,0.2344,0.222,0.2699,2.8,1.806,0.0479,Jimmy Garoppolo
2021091907,418,1,PHI,SF,C,pass_forward,0.3173,0.4129,0.4194,2.5,1.9622,0.0065,Jalen Hurts
2021091907,463,0,PHI,SF,C,pass_forward,0.4089,0.3913,0.4976,2.1,3.4286,0.1062,Jalen Hurts
2021091907,567,1,PHI,SF,C,pass_forward,0.6195,0.6089,0.4134,3.0,2.3564,-0.1955,Jalen Hurts
2021091907,711,0,SF,PHI,C,pass_forward,0.3726,0.2848,0.2942,2.1,2.3071,0.0094,Jimmy Garoppolo
2021091907,735,0,SF,PHI,I,pass_forward,0.3658,0.4008,0.3961,2.8,1.5429,-0.0047,Jimmy Garoppolo
2021091907,757,0,SF,PHI,C,pass_forward,0.3766,0.3681,0.468,3.8,1.7702,0.0999,Jimmy Garoppolo
2021091907,821,0,PHI,SF,I,pass_forward,0.6255,0.5753,0.5939,2.2,3.17,0.0186,Jalen Hurts
2021091907,843,1,PHI,SF,R,run,0.5048,0.5835,0.4023,3.2,3.2541,-0.1813,Jalen Hurts
2021091907,869,0,PHI,SF,C,pass_forward,0.3583,0.273,0.3075,4.3,1.69,0.0345,Jalen Hurts
2021091907,919,1,PHI,SF,C,pass_forward,0.4803,0.5129,0.4792,3.8,1.9106,-0.0338,Jalen Hurts
2021091907,960,0,PHI,SF,I,pass_forward,0.2609,0.33,0.3233,2.7,2.8149,-0.0067,Jalen Hurts
2021091907,1134,0,SF,PHI,C,pass_forward,0.4473,0.2697,0.4307,2.6,1.6893,0.161,Jimmy Garoppolo
2021091907,1215,1,SF,PHI,C,pass_forward,0.4503,0.4685,0.6189,2.6,2.2855,0.1504,Jimmy Garoppolo
2021091907,1270,0,SF,PHI,I,pass_forward,0.3212,0.2739,0.4286,2.1,4.6152,0.1547,Jimmy Garoppolo
2021091907,1348,0,SF,PHI,I,pass_forward,0.1285,0.0538,0.0906,3.2,2.3346,0.0368,Jimmy Garoppolo
2021091907,1374,0,SF,PHI,C,pass_forward,0.1207,0.0544,0.0715,3.0,2.1473,0.0171,Jimmy Garoppolo
2021091907,1438,1,PHI,SF,C,pass_forward,0.1931,0.2584,0.1965,2.6,1.6674,-0.0619,Jalen Hurts
2021091907,1540,0,PHI,SF,I,pass_forward,0.6221,0.4888,0.1603,5.3,2.0181,-0.3284,Jalen Hurts
2021091907,1675,1,SF,PHI,C,pass_forward,0.6696,0.6916,0.7674,1.9,4.0025,0.0758,Jimmy Garoppolo
2021091907,1812,1,SF,PHI,C,pass_forward,0.5266,0.5072,0.4844,2.6,1.8672,-0.0228,Jimmy Garoppolo
2021091907,1925,1,SF,PHI,C,pass_forward,0.4389,0.293,0.35,2.2,3.5463,0.057,Jimmy Garoppolo
2021091907,1954,1,SF,PHI,C,pass_forward,0.1759,0.1516,0.1893,2.7,2.0082,0.0377,Jimmy Garoppolo
2021091907,2086,0,PHI,SF,S,qb_strip_sack,0.5905,0.5922,0.0555,3.7,0.9492,-0.5367,Jalen Hurts
2021091907,2115,0,PHI,SF,I,pass_forward,0.2408,0.3425,0.267,3.9,1.1936,-0.0755,Jalen Hurts
2021091907,2217,0,SF,PHI,C,pass_forward,0.2703,0.2154,0.2937,1.9,2.6639,0.0783,Jimmy Garoppolo
2021091907,2273,0,SF,PHI,R,run,0.367,0.5585,0.3035,4.8,0.6603,-0.255,Jimmy Garoppolo
2021091907,2334,0,SF,PHI,I,pass_forward,0.3996,0.4128,0.2778,2.3,1.6851,-0.135,Jimmy Garoppolo
2021091907,2459,1,PHI,SF,R,run,0.2796,0.2502,0.3812,4.3,5.1215,0.131,Jalen Hurts
2021091907,2527,1,PHI,SF,C,pass_forward,0.5353,0.6062,0.6475,2.6,2.8712,0.0413,Jalen Hurts
2021091907,2572,0,PHI,SF,I,pass_forward,0.2948,0.248,0.2803,2.7,1.8866,0.0323,Jalen Hurts
2021091907,2594,0,PHI,SF,I,pass_forward,0.2948,0.2827,0.1872,2.6,1.2226,-0.0955,Jalen Hurts
2021091907,2641,0,SF,PHI,C,pass_forward,0.2735,0.1795,0.2152,3.3,2.2118,0.0357,Jimmy Garoppolo
2021091907,2731,1,SF,PHI,C,pass_forward,0.586,0.573,0.6256,1.8,3.27,0.0526,Jimmy Garoppolo
2021091907,2819,1,SF,PHI,C,pass_forward,0.4507,0.4616,0.5935,2.3,2.6926,0.1319,Jimmy Garoppolo
2021091907,2890,1,SF,PHI,R,run,0.7616,0.831,0.8627,4.6,1.5727,0.0317,Jimmy Garoppolo
2021091907,3156,0,PHI,SF,I,pass_forward,0.3006,0.4292,0.6922,3.7,2.3477,0.263,Jalen Hurts
2021091907,3202,0,PHI,SF,I,pass_forward,0.289,0.334,0.1696,7.9,0.5385,-0.1644,Jalen Hurts
2021091907,3224,0,PHI,SF,R,run,0.2913,0.3201,0.2049,8.2,1.4459,-0.1152,Jalen Hurts
2021091907,3245,0,PHI,SF,S,qb_sack,0.6036,0.5384,0.0282,4.4,0.3612,-0.5103,Jalen Hurts
2021091907,3603,0,PHI,SF,C,pass_forward,0.2822,0.2765,0.4414,3.4,3.9951,0.1649,Jalen Hurts
2021091907,3627,1,PHI,SF,R,run,0.8016,0.8944,0.96,3.7,1.1289,0.0656,Jalen Hurts
2021091907,3653,1,PHI,SF,R,run,0.2566,0.2451,0.3335,4.2,2.7103,0.0884,Jalen Hurts
2021091907,3690,1,PHI,SF,C,pass_forward,0.2062,0.13,0.2783,2.9,2.9987,0.1483,Jalen Hurts
2021091907,3804,0,SF,PHI,C,pass_forward,0.5527,0.3035,0.3906,2.8,2.9571,0.087,Jimmy Garoppolo
2021091908,62,0,PIT,LV,C,pass_forward,0.322,0.3084,0.2393,1.6,4.136,-0.0691,Ben Roethlisberger
2021091908,107,1,PIT,LV,C,pass_forward,0.6042,0.5777,0.6031,2.0,3.2924,0.0254,Ben Roethlisberger
2021091908,152,0,PIT,LV,C,pass_forward,0.3088,0.3347,0.3366,2.3,2.3749,0.0019,Ben Roethlisberger
2021091908,176,0,PIT,LV,I,autoevent_passforward,0.3513,0.3958,0.3245,2.5,2.2822,-0.0713,Ben Roethlisberger
2021091908,217,0,LV,PIT,I,pass_forward,0.3542,0.325,0.2482,3.8,1.6749,-0.0767,Derek Carr
2021091908,248,0,LV,PIT,C,pass_forward,0.3624,0.3592,0.3881,2.4,3.4586,0.0289,Derek Carr
2021091908,317,0,LV,PIT,C,pass_forward,0.426,0.4453,0.5064,2.2,4.0421,0.0611,Derek Carr
2021091908,409,0,PIT,LV,I,pass_forward,0.225,0.3588,0.5356,2.9,2.0208,0.1768,Ben Roethlisberger
2021091908,473,0,PIT,LV,C,pass_forward,0.2246,0.1478,0.1053,3.3,1.0748,-0.0425,Ben Roethlisberger
2021091908,497,0,PIT,LV,IN,pass_forward,0.3207,0.3606,0.276,4.4,0.8139,-0.0846,Ben Roethlisberger
2021091908,523,1,LV,PIT,C,pass_forward,0.3156,0.3404,0.2964,2.4,2.768,-0.044,Derek Carr
2021091908,552,0,LV,PIT,S,qb_strip_sack,0.3364,0.2891,0.0301,4.2,0.1118,-0.2591,Derek Carr
2021091908,630,0,LV,PIT,C,pass_forward,0.0646,0.121,0.0986,2.3,3.1929,-0.0224,Derek Carr
2021091908,695,0,PIT,LV,C,pass_forward,0.2289,0.3231,0.2852,1.9,4.0373,-0.0379,Ben Roethlisberger
2021091908,754,1,PIT,LV,C,pass_forward,0.6024,0.6047,0.6152,1.8,3.4183,0.0105,Ben Roethlisberger
2021091908,890,0,PIT,LV,S,qb_sack,0.3253,0.2928,0.2275,4.6,0.9677,-0.0652,Ben Roethlisberger
2021091908,918,0,PIT,LV,C,pass_forward,0.359,0.3091,0.3926,2.2,3.34,0.0835,Ben Roethlisberger
2021091908,959,0,PIT,LV,I,pass_forward,0.6461,0.6168,0.6802,2.5,1.7827,0.0634,Ben Roethlisberger
2021091908,985,0,PIT,LV,I,pass_forward,0.676,0.6258,0.6207,3.8,0.7624,-0.0051,Ben Roethlisberger
2021091908,1028,0,LV,PIT,R,run,0.4524,0.4742,0.4144,2.4,2.0173,-0.0599,Derek Carr
2021091908,1081,1,LV,PIT,C,pass_forward,0.2006,0.2098,0.1889,2.1,3.8276,-0.0209,Derek Carr
2021091908,1175,0,LV,PIT,I,pass_forward,0.599,0.536,0.4836,2.6,2.0901,-0.0524,Derek Carr
2021091908,1231,1,PIT,LV,C,pass_forward,0.3496,0.3349,0.3209,3.0,1.8478,-0.014,Ben Roethlisberger
2021091908,1302,0,PIT,LV,C,pass_forward,0.2395,0.159,0.1432,1.8,3.6364,-0.0158,Ben Roethlisberger
2021091908,1326,1,PIT,LV,C,pass_forward,0.3843,0.3877,0.3966,3.3,1.1853,0.0089,Ben Roethlisberger
2021091908,1443,1,LV,PIT,C,pass_forward,0.3111,0.3043,0.2814,2.2,3.1149,-0.0228,Derek Carr
2021091908,1472,1,LV,PIT,C,pass_forward,0.3262,0.2866,0.2899,4.2,3.174,0.0032,Derek Carr
2021091908,1496,1,LV,PIT,C,pass_forward,0.3997,0.3775,0.3435,2.7,2.3282,-0.034,Derek Carr
2021091908,1520,0,LV,PIT,I,pass_forward,0.3505,0.4345,0.3304,3.3,2.0163,-0.1041,Derek Carr
2021091908,1554,0,LV,PIT,C,pass_forward,0.3609,0.3915,0.3208,4.9,1.5329,-0.0707,Derek Carr
2021091908,1578,1,LV,PIT,C,pass_forward,0.5474,0.5657,0.6679,2.2,3.8066,0.1022,Derek Carr
2021091908,1640,0,LV,PIT,C,pass_forward,0.1327,0.0866,0.0902,2.1,4.2452,0.0036,Derek Carr
2021091908,1686,0,LV,PIT,C,pass_forward,0.1972,0.2295,0.2564,2.2,2.902,0.0268,Derek Carr
2021091908,1832,0,LV,PIT,I,pass_forward,0.062,0.2204,0.2012,2.7,1.3875,-0.0193,Derek Carr
2021091908,1991,0,LV,PIT,C,pass_forward,0.4185,0.249,0.1992,2.7,1.414,-0.0498,Derek Carr
2021091908,2036,1,LV,PIT,C,pass_forward,0.5415,0.6797,0.667,2.1,4.0261,-0.0127,Derek Carr
2021091908,2060,0,LV,PIT,I,pass_forward,0.2838,0.2873,0.3217,2.4,2.4075,0.0345,Derek Carr
2021091908,2103,0,LV,PIT,I,pass_forward,0.348,0.3788,0.2003,6.5,4.4793,-0.1784,Derek Carr
2021091908,2144,0,PIT,LV,I,pass_forward,0.4009,0.3524,0.3929,2.6,2.7741,0.0405,Ben Roethlisberger
2021091908,2195,1,PIT,LV,C,pass_forward,0.4302,0.4889,0.4401,2.6,2.6203,-0.0488,Ben Roethlisberger
2021091908,2240,0,PIT,LV,S,qb_sack,0.3227,0.4843,0.0534,5.5,0.2608,-0.4309,Ben Roethlisberger
2021091908,2259,0,PIT,LV,C,pass_forward,0.2302,0.3198,0.4146,2.6,3.4199,0.0948,Ben Roethlisberger
2021091908,2308,1,LV,PIT,C,pass_forward,0.3434,0.4825,0.455,2.4,1.6822,-0.0275,Derek Carr
2021091908,2332,0,LV,PIT,C,pass_forward,0.2807,0.2444,0.3213,2.6,3.1004,0.0769,Derek Carr
2021091908,2356,0,LV,PIT,S,qb_sack,0.7064,0.7038,0.1534,4.1,0.1726,-0.5504,Derek Carr
2021091908,2375,1,LV,PIT,C,pass_forward,0.3247,0.3129,0.4276,2.9,3.9961,0.1147,Derek Carr
2021091908,2420,1,LV,PIT,C,pass_forward,0.3711,0.3403,0.4158,2.5,2.2748,0.0755,Derek Carr
2021091908,2444,1,LV,PIT,C,pass_forward,0.2945,0.308,0.3061,2.4,3.1873,-0.0019,Derek Carr
2021091908,2531,1,PIT,LV,C,pass_forward,0.3578,0.4744,0.4972,2.2,2.8294,0.0228,Ben Roethlisberger
2021091908,2593,1,PIT,LV,C,pass_forward,0.176,0.121,0.1737,2.3,3.0295,0.0527,Ben Roethlisberger
2021091908,2643,0,PIT,LV,I,pass_forward,0.332,0.3106,0.3412,2.3,3.8624,0.0306,Ben Roethlisberger
2021091908,2665,0,PIT,LV,I,pass_forward,0.3302,0.32,0.3134,2.7,1.8257,-0.0065,Ben Roethlisberger
2021091908,2706,1,LV,PIT,C,pass_forward,0.2793,0.1258,0.0794,2.2,2.0168,-0.0464,Derek Carr
2021091908,2754,1,LV,PIT,C,pass_forward,0.4309,0.4254,0.4369,3.1,3.62,0.0115,Derek Carr
2021091908,2803,1,LV,PIT,C,pass_forward,0.3595,0.3268,0.2526,1.7,2.0954,-0.0742,Derek Carr
2021091908,2827,0,LV,PIT,C,pass_forward,0.3254,0.313,0.2791,2.0,3.9218,-0.034,Derek Carr
2021091908,2872,0,LV,PIT,I,pass_forward,0.3911,0.4332,0.4846,2.3,3.3081,0.0514,Derek Carr
2021091908,2932,1,PIT,LV,C,pass_forward,0.4524,0.3804,0.3469,2.6,2.2931,-0.0336,Ben Roethlisberger
2021091908,3009,0,PIT,LV,I,pass_forward,0.3093,0.3442,0.3489,2.8,3.0422,0.0046,Ben Roethlisberger
2021091908,3031,1,PIT,LV,C,pass_forward,0.3181,0.3152,0.3504,2.4,2.2114,0.0352,Ben Roethlisberger
2021091908,3110,0,LV,PIT,C,pass_forward,0.4157,0.2247,0.2605,2.9,2.523,0.0358,Derek Carr
2021091908,3134,1,LV,PIT,C,pass_forward,0.4271,0.4201,0.4464,2.5,3.262,0.0263,Derek Carr
2021091908,3158,0,LV,PIT,I,pass_forward,0.3146,0.2792,0.4082,2.9,4.1296,0.129,Derek Carr
2021091908,3203,0,LV,PIT,I,pass_forward,0.3308,0.271,0.368,2.2,4.489,0.0969,Derek Carr
2021091908,3229,1,LV,PIT,C,pass_forward,0.3291,0.382,0.2388,3.1,2.8146,-0.1432,Derek Carr
2021091908,3285,0,PIT,LV,C,pass_forward,0.3307,0.293,0.2542,2.0,3.3686,-0.0388,Ben Roethlisberger
2021091908,3336,0,PIT,LV,C,pass_forward,0.4105,0.315,0.2571,2.5,1.3543,-0.0578,Ben Roethlisberger
2021091908,3511,0,PIT,LV,C,pass_forward,0.322,0.3044,0.2088,2.1,2.6676,-0.0956,Ben Roethlisberger
2021091908,3535,1,PIT,LV,C,pass_forward,0.7306,0.7506,0.7374,2.3,3.055,-0.0131,Ben Roethlisberger
2021091908,3583,1,PIT,LV,C,pass_forward,0.657,0.5301,0.4937,1.9,3.1724,-0.0364,Ben Roethlisberger
2021091908,3631,0,PIT,LV,I,pass_forward,0.3276,0.3398,0.3835,3.2,1.078,0.0437,Ben Roethlisberger
2021091908,3667,0,PIT,LV,I,pass_forward,0.3384,0.3154,0.3997,2.4,3.2825,0.0844,Ben Roethlisberger
2021091908,3761,1,LV,PIT,C,pass_forward,0.5594,0.4831,0.4807,2.6,2.5229,-0.0023,Derek Carr
2021091909,75,1,MIN,ARI,C,pass_forward,0.3679,0.3698,0.4216,3.3,2.1032,0.0519,Kirk Cousins
2021091909,146,0,ARI,MIN,C,pass_forward,0.279,0.2766,0.4022,3.1,3.5203,0.1256,Kyler Murray
2021091909,362,0,MIN,ARI,C,pass_forward,0.4112,0.4118,0.3943,2.2,2.5744,-0.0175,Kirk Cousins
2021091909,386,0,MIN,ARI,I,pass_forward,0.4562,0.553,0.2605,2.7,1.2322,-0.2925,Kirk Cousins
2021091909,476,1,ARI,MIN,C,pass_forward,0.2749,0.2938,0.5417,3.0,5.6484,0.2479,Kyler Murray
2021091909,545,0,ARI,MIN,C,pass_forward,0.2729,0.2982,0.3369,2.5,3.1045,0.0387,Kyler Murray
2021091909,569,1,ARI,MIN,R,run,0.4176,0.4847,0.572,4.5,1.7333,0.0873,Kyler Murray
2021091909,619,0,ARI,MIN,I,pass_forward,0.2444,0.3414,0.2071,5.1,1.0312,-0.1343,Kyler Murray
2021091909,641,1,ARI,MIN,C,pass_forward,0.3045,0.2261,0.1555,5.9,2.1503,-0.0707,Kyler Murray
2021091909,754,1,MIN,ARI,C,pass_forward,0.3285,0.298,0.3576,3.2,2.2133,0.0596,Kirk Cousins
2021091909,802,1,MIN,ARI,R,run,0.3995,0.4575,0.5066,3.7,1.1293,0.0491,Kirk Cousins
2021091909,889,1,MIN,ARI,C,pass_forward,0.3983,0.3459,0.4036,2.2,2.4919,0.0577,Kirk Cousins
2021091909,1175,1,MIN,ARI,R,run,0.2577,0.3237,0.3003,3.8,2.2078,-0.0233,Kirk Cousins
2021091909,1243,1,MIN,ARI,C,pass_forward,0.2092,0.1778,0.0889,5.3,1.311,-0.0889,Kirk Cousins
2021091909,1325,0,ARI,MIN,I,pass_forward,0.3499,0.4791,0.2824,7.3,1.6914,-0.1966,Kyler Murray
2021091909,1351,1,ARI,MIN,C,pass_forward,0.2912,0.2945,0.4961,3.3,3.0712,0.2016,Kyler Murray
2021091909,1396,1,ARI,MIN,C,pass_forward,0.5565,0.6086,0.6414,1.9,3.4763,0.0328,Kyler Murray
2021091909,1441,0,ARI,MIN,S,autoevent_passforward,0.3746,0.3793,0.0619,3.2,0.5962,-0.3174,Kyler Murray
2021091909,1460,1,ARI,MIN,C,pass_forward,0.1199,0.0476,0.1202,3.6,2.601,0.0726,Kyler Murray
2021091909,1797,1,ARI,MIN,C,pass_forward,0.2587,0.3571,0.176,5.6,1.4958,-0.1811,Kyler Murray
2021091909,1868,0,MIN,ARI,C,pass_forward,0.2884,0.2991,0.2516,1.9,4.7106,-0.0475,Kirk Cousins
2021091909,1897,1,MIN,ARI,C,pass_forward,0.4921,0.4743,0.4435,3.2,1.7728,-0.0309,Kirk Cousins
2021091909,1943,0,MIN,ARI,C,pass_forward,0.3136,0.4165,0.413,3.3,2.774,-0.0035,Kirk Cousins
2021091909,2031,0,MIN,ARI,I,pass_forward,0.3645,0.2906,0.2708,3.4,2.1416,-0.0198,Kirk Cousins
2021091909,2053,0,MIN,ARI,C,pass_forward,0.3625,0.4762,0.3001,2.7,2.8627,-0.1761,Kirk Cousins
2021091909,2152,1,ARI,MIN,C,pass_forward,0.4389,0.3982,0.5256,3.4,3.1565,0.1274,Kyler Murray
2021091909,2273,0,ARI,MIN,IN,pass_forward,0.5088,0.5415,0.5328,2.7,2.37,-0.0087,Kyler Murray
2021091909,2392,0,ARI,MIN,C,pass_forward,0.2533,0.3796,0.4416,2.9,4.5097,0.0621,Kyler Murray
2021091909,2437,1,ARI,MIN,C,pass_forward,0.2917,0.2608,0.3127,2.9,2.1821,0.052,Kyler Murray
2021091909,2482,1,ARI,MIN,C,pass_forward,0.5292,0.5759,0.6824,2.7,3.5386,0.1065,Kyler Murray
2021091909,2605,0,MIN,ARI,I,pass_forward,0.4217,0.3863,0.5517,2.4,2.5224,0.1654,Kirk Cousins
2021091909,2747,1,ARI,MIN,C,pass_forward,0.3244,0.3374,0.3747,3.6,3.6977,0.0373,Kyler Murray
2021091909,2792,1,ARI,MIN,C,pass_forward,0.4338,0.472,0.4563,2.1,3.9479,-0.0157,Kyler Murray
2021091909,2847,0,ARI,MIN,IN,pass_forward,0.3222,0.2726,0.1427,4.2,0.9638,-0.1299,Kyler Murray
2021091909,2895,0,MIN,ARI,I,pass_forward,0.4518,0.3473,0.3205,1.9,2.4161,-0.0268,Kirk Cousins
2021091909,2938,0,MIN,ARI,I,pass_forward,0.4314,0.572,0.0481,2.8,0.4837,-0.5239,Kirk Cousins
2021091909,3017,0,MIN,ARI,I,pass_forward,0.3345,0.3192,0.1652,1.9,3.7172,-0.154,Kirk Cousins
2021091909,3056,1,MIN,ARI,C,pass_forward,0.3399,0.4024,0.3542,2.2,4.1477,-0.0482,Kirk Cousins
2021091909,3249,0,ARI,MIN,C,pass_forward,0.3196,0.2466,0.3516,4.5,3.6694,0.105,Kyler Murray
2021091909,3273,0,ARI,MIN,R,run,0.4001,0.3544,0.3813,6.1,1.6281,0.0268,Kyler Murray
2021091909,3299,0,ARI,MIN,S,qb_sack,0.5839,0.5973,0.0176,6.1,0.2687,-0.5797,Kyler Murray
2021091909,3383,0,MIN,ARI,C,pass_forward,0.2042,0.16,0.1243,2.0,2.4703,-0.0357,Kirk Cousins
2021091909,3433,0,MIN,ARI,I,pass_forward,0.6027,0.7523,0.5509,2.7,1.5042,-0.2015,Kirk Cousins
2021091909,3517,0,ARI,MIN,C,pass_forward,0.1402,0.2647,0.2443,2.3,3.5994,-0.0204,Kyler Murray
2021091909,3541,1,ARI,MIN,C,pass_forward,0.3226,0.2583,0.444,2.6,2.7062,0.1856,Kyler Murray
2021091909,3589,0,ARI,MIN,C,pass_forward,0.3744,0.3588,0.4572,3.1,2.9206,0.0984,Kyler Murray
2021091909,3613,0,ARI,MIN,I,pass_forward,0.4586,0.4546,0.3555,4.3,1.7361,-0.0991,Kyler Murray
2021091909,3635,1,ARI,MIN,C,pass_forward,0.454,0.5257,0.3762,2.6,3.2452,-0.1495,Kyler Murray
2021091909,3697,0,ARI,MIN,I,pass_forward,0.239,0.3238,0.4325,1.6,4.0015,0.1087,Kyler Murray
2021091909,3719,0,ARI,MIN,I,pass_forward,0.2757,0.2935,0.4164,2.7,2.2752,0.1229,Kyler Murray
2021091909,3822,0,MIN,ARI,C,pass_forward,0.0626,0.0155,0.0359,3.8,1.8027,0.0204,Kirk Cousins
2021091909,3867,0,MIN,ARI,I,pass_forward,0.5193,0.3811,0.5008,2.3,3.1277,0.1197,Kirk Cousins
2021091909,3934,0,ARI,MIN,S,qb_sack,0.5183,0.4436,0.038,3.9,0.481,-0.4056,Kyler Murray
2021091909,3970,0,ARI,MIN,C,pass_forward,0.1133,0.0674,0.1613,3.4,2.1306,0.0939,Kyler Murray
2021091909,4036,0,MIN,ARI,C,pass_forward,0.2925,0.1839,0.1793,2.7,1.6226,-0.0046,Kirk Cousins
2021091909,4127,0,MIN,ARI,I,pass_forward,0.2832,0.2821,0.2403,1.8,1.8023,-0.0418,Kirk Cousins
2021091909,4149,0,MIN,ARI,I,pass_forward,0.3115,0.196,0.2022,2.4,2.6421,0.0062,Kirk Cousins
2021091909,4180,1,MIN,ARI,C,pass_forward,0.3115,0.3084,0.2662,3.2,1.4589,-0.0422,Kirk Cousins
2021091910,54,1,TB,ATL,C,pass_forward,0.3527,0.3802,0.4591,3.4,2.2675,0.0789,Tom Brady
2021091910,101,1,TB,ATL,C,pass_forward,0.3415,0.4908,0.5519,2.5,3.1026,0.0611,Tom Brady
2021091910,125,0,TB,ATL,I,pass_forward,0.3208,0.3227,0.5436,2.4,2.3564,0.2209,Tom Brady
2021091910,168,1,TB,ATL,C,pass_forward,0.2406,0.258,0.2968,2.4,2.3521,0.0389,Tom Brady
2021091910,231,0,ATL,TB,C,pass_forward,0.266,0.2467,0.3296,3.7,2.6283,0.0829,Matt Ryan
2021091910,281,0,ATL,TB,I,pass_forward,0.5228,0.5827,0.5555,1.7,3.1766,-0.0272,Matt Ryan
2021091910,325,1,TB,ATL,C,pass_forward,0.3057,0.2468,0.4821,2.2,2.4821,0.2353,Tom Brady
2021091910,404,0,TB,ATL,C,pass_forward,0.2897,0.2566,0.2411,2.2,3.3205,-0.0154,Tom Brady
2021091910,451,0,TB,ATL,I,pass_forward,0.2345,0.1958,0.196,1.9,3.8129,0.0001,Tom Brady
2021091910,473,0,TB,ATL,C,pass_forward,0.1784,0.1446,0.167,2.1,2.7097,0.0224,Tom Brady
2021091910,508,0,TB,ATL,S,qb_strip_sack,0.0703,0.0559,0.0371,3.3,0.658,-0.0188,Tom Brady
2021091910,537,0,ATL,TB,C,pass_forward,0.3118,0.3756,0.3693,2.5,2.6103,-0.0063,Matt Ryan
2021091910,582,1,ATL,TB,C,pass_forward,0.5088,0.5724,0.5155,2.7,1.7682,-0.0569,Matt Ryan
2021091910,606,0,ATL,TB,I,pass_forward,0.3696,0.273,0.4878,3.1,2.472,0.2148,Matt Ryan
2021091910,628,0,ATL,TB,C,pass_forward,0.313,0.28,0.3125,4.9,0.85,0.0325,Matt Ryan
2021091910,734,0,TB,ATL,I,pass_forward,0.3283,0.2836,0.2633,1.7,4.4251,-0.0203,Tom Brady
2021091910,756,0,TB,ATL,I,pass_forward,0.3107,0.2821,0.4199,2.9,2.5809,0.1377,Tom Brady
2021091910,824,0,ATL,TB,C,pass_forward,0.3091,0.3576,0.4638,2.4,3.2208,0.1062,Matt Ryan
2021091910,848,0,ATL,TB,R,run,0.5432,0.6016,0.2448,3.5,1.3306,-0.3569,Matt Ryan
2021091910,976,1,TB,ATL,C,pass_forward,0.5254,0.6482,0.5285,2.2,2.7201,-0.1197,Tom Brady
2021091910,1125,0,ATL,TB,C,pass_forward,0.2435,0.2676,0.2588,1.9,3.3236,-0.0088,Matt Ryan
2021091910,1173,1,ATL,TB,C,pass_forward,0.2904,0.3258,0.3441,4.4,1.6887,0.0184,Matt Ryan
2021091910,1206,0,ATL,TB,C,pass_forward,0.2133,0.2061,0.1996,2.0,2.7797,-0.0065,Matt Ryan
2021091910,1290,0,TB,ATL,I,pass_forward,0.3325,0.4163,0.4296,3.8,2.4534,0.0134,Tom Brady
2021091910,1312,0,TB,ATL,C,pass_forward,0.2584,0.282,0.2147,1.7,2.4307,-0.0672,Tom Brady
2021091910,1362,0,TB,ATL,I,pass_forward,0.3348,0.2732,0.3809,2.4,3.9881,0.1078,Tom Brady
2021091910,1384,0,TB,ATL,C,pass_forward,0.336,0.2703,0.201,1.9,5.0363,-0.0693,Tom Brady
2021091910,1408,0,TB,ATL,I,pass_forward,0.4228,0.4886,0.5753,2.3,3.5484,0.0868,Tom Brady
2021091910,1449,0,ATL,TB,I,pass_forward,0.2792,0.2146,0.2825,3.9,2.5631,0.0679,Matt Ryan
2021091910,1488,0,ATL,TB,C,pass_forward,0.3943,0.3468,0.3444,2.1,2.5318,-0.0024,Matt Ryan
2021091910,1552,1,ATL,TB,C,pass_forward,0.4218,0.4111,0.3727,2.1,1.9949,-0.0384,Matt Ryan
2021091910,1597,0,ATL,TB,C,pass_forward,0.2731,0.2359,0.2524,3.2,2.6384,0.0165,Matt Ryan
2021091910,1621,1,ATL,TB,C,pass_forward,0.3506,0.4635,0.3983,4.9,1.516,-0.0651,Matt Ryan
2021091910,1671,0,ATL,TB,C,pass_forward,0.269,0.2717,0.336,2.4,3.12,0.0643,Matt Ryan
2021091910,1695,0,ATL,TB,S,qb_sack,0.3233,0.3806,0.1167,4.7,0.0671,-0.2639,Matt Ryan
2021091910,1754,1,TB,ATL,C,pass_forward,0.4906,0.4591,0.489,2.4,2.786,0.0299,Tom Brady
2021091910,1799,1,TB,ATL,C,pass_forward,0.3817,0.3307,0.3605,2.8,1.9483,0.0298,Tom Brady
2021091910,1840,1,TB,ATL,C,pass_forward,0.3084,0.41,0.4885,2.8,2.2381,0.0786,Tom Brady
2021091910,1942,1,TB,ATL,C,pass_forward,0.346,0.4861,0.5654,2.4,2.0624,0.0793,Tom Brady
2021091910,2009,1,ATL,TB,C,pass_forward,0.3902,0.2811,0.2546,1.9,3.7201,-0.0265,Matt Ryan
2021091910,2074,1,ATL,TB,C,pass_forward,0.5161,0.4705,0.5411,1.9,2.3054,0.0707,Matt Ryan
2021091910,2158,0,ATL,TB,I,pass_forward,0.3733,0.4408,0.5333,2.6,2.5057,0.0924,Matt Ryan
2021091910,2287,0,ATL,TB,IN,pass_forward,0.5532,0.5881,0.6903,1.9,2.6923,0.1022,Matt Ryan
2021091910,2313,0,TB,ATL,I,pass_forward,0.2417,0.2197,0.3106,2.6,3.3169,0.091,Tom Brady
2021091910,2335,0,TB,ATL,C,pass_forward,0.2137,0.1759,0.1947,2.2,4.19,0.0188,Tom Brady
2021091910,2359,1,TB,ATL,R,run,0.4454,0.4564,0.4622,4.5,2.4342,0.0058,Tom Brady
2021091910,2471,0,ATL,TB,C,pass_forward,0.1714,0.2468,0.275,4.0,2.5805,0.0281,Matt Ryan
2021091910,2519,1,ATL,TB,C,pass_forward,0.1998,0.239,0.4963,2.8,2.7012,0.2573,Matt Ryan
2021091910,2548,0,ATL,TB,I,pass_forward,0.2394,0.3606,0.2997,1.9,2.71,-0.0609,Matt Ryan
2021091910,2582,0,ATL,TB,C,pass_forward,0.2064,0.1703,0.2754,2.3,2.2038,0.1051,Matt Ryan
2021091910,2611,1,ATL,TB,C,pass_forward,0.3738,0.4903,0.5208,2.6,2.365,0.0305,Matt Ryan
2021091910,2661,0,ATL,TB,I,pass_forward,0.2221,0.2172,0.1301,2.2,1.6064,-0.087,Matt Ryan
2021091910,2683,1,ATL,TB,C,pass_forward,0.2111,0.3351,0.2118,3.1,0.7311,-0.1232,Matt Ryan
2021091910,2707,0,ATL,TB,C,pass_forward,0.1985,0.1363,0.2026,2.6,3.764,0.0663,Matt Ryan
2021091910,2757,0,ATL,TB,C,pass_forward,0.1393,0.2321,0.1826,1.6,3.5306,-0.0495,Matt Ryan
2021091910,2781,1,ATL,TB,C,pass_forward,0.5324,0.5679,0.4948,1.9,2.4546,-0.0731,Matt Ryan
2021091910,2885,0,TB,ATL,I,pass_forward,0.182,0.1814,0.2625,2.9,2.3521,0.0811,Tom Brady
2021091910,2907,0,TB,ATL,S,qb_sack,0.172,0.2244,0.2639,4.3,0.8062,0.0395,Tom Brady
2021091910,3027,0,ATL,TB,I,pass_forward,0.4359,0.3927,0.439,2.0,3.1733,0.0463,Matt Ryan
2021091910,3049,1,ATL,TB,C,pass_forward,0.4373,0.4794,0.4165,2.5,1.757,-0.0628,Matt Ryan
2021091910,3094,0,ATL,TB,C,pass_forward,0.3149,0.397,0.2366,1.9,1.8227,-0.1604,Matt Ryan
2021091910,3129,1,ATL,TB,C,pass_forward,0.2699,0.3147,0.3594,3.6,1.7638,0.0446,Matt Ryan
2021091910,3195,0,TB,ATL,C,pass_forward,0.3683,0.3081,0.4346,2.7,2.5476,0.1264,Tom Brady
2021091910,3343,0,TB,ATL,I,pass_forward,0.0757,0.051,0.1223,2.3,2.1435,0.0713,Tom Brady
2021091910,3365,0,TB,ATL,S,qb_sack,0.0715,0.0631,0.042,3.0,0.2377,-0.0211,Tom Brady
2021091910,3427,0,ATL,TB,C,pass_forward,0.2683,0.1954,0.2618,3.0,2.8182,0.0664,Matt Ryan
2021091910,3451,0,ATL,TB,C,pass_forward,0.4314,0.6077,0.6733,2.2,3.3374,0.0656,Matt Ryan
2021091910,3514,1,TB,ATL,C,pass_forward,0.3895,0.3382,0.4544,3.6,2.2349,0.1162,Tom Brady
2021091910,3540,0,TB,ATL,C,pass_forward,0.2084,0.1906,0.3868,2.7,2.2516,0.1962,Tom Brady
2021091910,3564,1,TB,ATL,C,pass_forward,0.4169,0.5101,0.4788,2.5,2.5962,-0.0313,Tom Brady
2021091910,3644,0,ATL,TB,C,pass_forward,0.3329,0.4384,0.6066,3.1,2.7385,0.1682,Matt Ryan
2021091910,3672,0,ATL,TB,IN,pass_forward,0.5301,0.5892,0.532,2.1,2.2737,-0.0572,Matt Ryan
2021091910,3730,1,ATL,TB,C,pass_forward,0.2861,0.2729,0.3325,1.9,4.1175,0.0596,Matt Ryan
2021091910,3775,0,ATL,TB,C,pass_forward,0.3411,0.2937,0.2474,1.9,3.2894,-0.0462,Matt Ryan
2021091910,3804,0,ATL,TB,C,pass_forward,0.461,0.405,0.193,4.0,1.0218,-0.212,Matt Ryan
2021091910,3828,0,ATL,TB,I,pass_forward,0.6565,0.6905,0.5514,2.0,1.4765,-0.1391,Matt Ryan
2021091910,3871,0,TB,ATL,I,pass_forward,0.4635,0.3657,0.3499,2.8,2.3494,-0.0158,Tom Brady
2021091910,3893,0,TB,ATL,C,pass_forward,0.5012,0.4404,0.5372,2.5,3.1385,0.0968,Tom Brady
2021091910,3938,0,ATL,TB,IN,pass_forward,0.2778,0.2706,0.2406,2.1,2.4239,-0.03,Matt Ryan
2021091910,4078,0,ATL,TB,I,pass_forward,0.2521,0.3014,0.1793,2.7,1.8565,-0.1221,Josh Rosen
2021091910,4138,0,ATL,TB,I,pass_forward,0.3837,0.4658,0.4094,2.2,2.8239,-0.0564,Josh Rosen
2021091911,82,0,DAL,LAC,C,pass_forward,0.2766,0.2572,0.2237,1.7,3.0101,-0.0335,Dak Prescott
2021091911,127,0,DAL,LAC,C,pass_forward,0.3042,0.4095,0.3055,2.7,2.1974,-0.104,Dak Prescott
2021091911,256,0,DAL,LAC,C,pass_forward,0.4402,0.4408,0.3984,2.4,1.7481,-0.0424,Dak Prescott
2021091911,322,1,DAL,LAC,C,pass_forward,0.2064,0.1892,0.4059,3.0,1.9537,0.2167,Dak Prescott
2021091911,367,0,DAL,LAC,I,pass_forward,0.4757,0.4764,0.4891,2.6,2.6343,0.0127,Dak Prescott
2021091911,389,1,DAL,LAC,C,pass_forward,0.4639,0.4505,0.5413,1.9,2.7774,0.0907,Dak Prescott
2021091911,492,1,LAC,DAL,C,pass_forward,0.3325,0.2891,0.2021,5.6,1.022,-0.0871,Justin Herbert
2021091911,521,0,LAC,DAL,IN,pass_forward,0.295,0.4158,0.3401,3.3,1.8796,-0.0757,Justin Herbert
2021091911,547,1,DAL,LAC,C,pass_forward,0.2632,0.1545,0.3064,3.8,4.8405,0.1519,Dak Prescott
2021091911,597,0,DAL,LAC,IN,pass_forward,0.5717,0.6339,0.6926,3.4,2.2778,0.0587,Dak Prescott
2021091911,652,0,LAC,DAL,C,pass_forward,0.3569,0.3587,0.3379,3.1,2.5144,-0.0208,Justin Herbert
2021091911,807,1,DAL,LAC,C,pass_forward,0.4848,0.5852,0.5757,2.0,3.2073,-0.0096,Dak Prescott
2021091911,857,1,DAL,LAC,C,pass_forward,0.3338,0.2151,0.2296,2.0,3.3365,0.0144,Dak Prescott
2021091911,881,1,DAL,LAC,C,pass_forward,0.299,0.2204,0.2813,3.0,2.28,0.0609,Dak Prescott
2021091911,1021,0,LAC,DAL,C,pass_forward,0.1902,0.1389,0.1821,3.9,2.6656,0.0431,Justin Herbert
2021091911,1143,0,LAC,DAL,C,pass_forward,0.4195,0.2846,0.1633,1.8,1.966,-0.1213,Justin Herbert
2021091911,1171,1,LAC,DAL,C,pass_forward,0.2355,0.2052,0.2038,3.1,1.8308,-0.0014,Justin Herbert
2021091911,1238,0,LAC,DAL,C,pass_forward,0.1129,0.0457,0.0379,1.6,3.4364,-0.0078,Justin Herbert
2021091911,1323,1,LAC,DAL,C,pass_forward,0.2327,0.2435,0.3445,4.9,1.9914,0.101,Justin Herbert
2021091911,1433,0,DAL,LAC,C,pass_forward,0.2858,0.248,0.1872,1.9,3.3008,-0.0607,Dak Prescott
2021091911,1499,1,DAL,LAC,C,pass_forward,0.4989,0.5541,0.5553,3.4,2.0436,0.0012,Dak Prescott
2021091911,1647,0,DAL,LAC,C,pass_forward,0.103,0.1394,0.2243,3.1,1.0617,0.0849,Dak Prescott
2021091911,1671,0,DAL,LAC,I,pass_forward,0.558,0.4501,0.4534,3.0,1.9635,0.0033,Dak Prescott
2021091911,1714,1,LAC,DAL,C,pass_forward,0.3635,0.3116,0.289,2.5,3.6412,-0.0226,Justin Herbert
2021091911,1794,0,LAC,DAL,C,pass_forward,0.2825,0.1599,0.2197,2.8,1.7593,0.0598,Justin Herbert
2021091911,1818,0,LAC,DAL,S,qb_sack,0.2343,0.1793,0.0266,4.7,0.3124,-0.1527,Justin Herbert
2021091911,1924,0,LAC,DAL,C,pass_forward,0.0889,0.0597,0.04,2.4,1.4091,-0.0197,Justin Herbert
2021091911,1948,0,LAC,DAL,C,pass_forward,0.264,0.3214,0.3272,2.0,3.6847,0.0058,Justin Herbert
2021091911,1972,1,LAC,DAL,R,run,0.6657,0.6436,0.3665,7.1,1.4763,-0.2772,Justin Herbert
2021091911,1998,0,LAC,DAL,C,pass_forward,0.2733,0.3091,0.2802,3.1,1.8926,-0.0289,Justin Herbert
2021091911,2062,0,LAC,DAL,I,pass_forward,0.3044,0.3387,0.0908,4.0,0.8238,-0.2479,Justin Herbert
2021091911,2084,0,LAC,DAL,I,pass_forward,0.2656,0.3687,0.5237,2.3,2.7536,0.155,Justin Herbert
2021091911,2271,0,LAC,DAL,C,pass_forward,0.3582,0.3068,0.2189,1.8,3.7006,-0.0879,Justin Herbert
2021091911,2417,0,LAC,DAL,I,pass_forward,0.1733,0.1127,0.1445,2.8,1.9105,0.0317,Justin Herbert
2021091911,2439,1,LAC,DAL,C,pass_forward,0.1805,0.1697,0.2286,4.0,4.0824,0.059,Justin Herbert
2021091911,2468,0,LAC,DAL,C,pass_forward,0.2343,0.3568,0.3968,3.1,2.18,0.04,Justin Herbert
2021091911,2513,0,LAC,DAL,C,pass_forward,0.2791,0.2223,0.2297,2.2,3.9921,0.0074,Justin Herbert
2021091911,2558,0,LAC,DAL,I,pass_forward,0.2308,0.1807,0.2027,2.7,1.9892,0.022,Justin Herbert
2021091911,2635,1,DAL,LAC,C,pass_forward,0.5637,0.5567,0.6414,1.6,3.8616,0.0847,Dak Prescott
2021091911,2749,0,DAL,LAC,S,qb_sack,0.3333,0.2657,0.0256,4.2,0.272,-0.2401,Dak Prescott
2021091911,2842,1,LAC,DAL,C,pass_forward,0.673,0.6562,0.4434,2.9,2.5909,-0.2127,Justin Herbert
2021091911,2866,0,LAC,DAL,C,pass_forward,0.4589,0.356,0.3735,3.0,2.7237,0.0175,Justin Herbert
2021091911,2944,0,LAC,DAL,I,pass_forward,0.4937,0.5008,0.1853,2.9,1.0502,-0.3156,Justin Herbert
2021091911,2966,1,LAC,DAL,C,pass_forward,0.4969,0.5351,0.6428,2.9,4.7852,0.1078,Justin Herbert
2021091911,3066,1,LAC,DAL,C,pass_forward,0.2407,0.1591,0.2615,3.0,2.8245,0.1025,Justin Herbert
2021091911,3101,0,LAC,DAL,C,pass_forward,0.3152,0.2092,0.1421,2.6,2.6494,-0.0671,Justin Herbert
2021091911,3136,0,LAC,DAL,I,pass_forward,0.423,0.2962,0.3144,2.2,3.1619,0.0182,Justin Herbert
2021091911,3158,0,LAC,DAL,IN,pass_forward,0.4257,0.3743,0.4048,2.6,2.663,0.0305,Justin Herbert
2021091911,3323,1,DAL,LAC,C,pass_forward,0.4702,0.4348,0.0606,2.6,0.6395,-0.3742,Dak Prescott
2021091911,3368,0,DAL,LAC,I,pass_forward,0.2943,0.2192,0.2365,3.0,3.5677,0.0174,Dak Prescott
2021091911,3390,0,DAL,LAC,S,qb_strip_sack,0.3066,0.2166,0.0307,2.7,0.6007,-0.186,Dak Prescott
2021091911,3506,0,LAC,DAL,C,pass_forward,0.3456,0.2888,0.4046,3.2,3.2349,0.1159,Justin Herbert
2021091911,3530,1,LAC,DAL,C,pass_forward,0.4381,0.3205,0.3345,2.5,2.9116,0.0139,Justin Herbert
2021091911,3554,0,LAC,DAL,R,run,0.3761,0.3346,0.0826,3.6,2.3717,-0.252,Justin Herbert
2021091911,3629,1,LAC,DAL,C,pass_forward,0.5277,0.5905,0.2782,3.7,1.4609,-0.3123,Justin Herbert
2021091911,3707,0,LAC,DAL,I,pass_forward,0.2968,0.3634,0.3819,2.1,3.3063,0.0185,Justin Herbert
2021091911,3729,0,LAC,DAL,S,qb_sack,0.298,0.3511,0.0402,7.6,0.6466,-0.3109,Justin Herbert
2021091911,3758,0,LAC,DAL,C,pass_forward,0.0904,0.0232,0.0183,2.5,2.1932,-0.0049,Justin Herbert
2021091911,3855,0,DAL,LAC,C,pass_forward,0.2951,0.3182,0.2706,1.8,2.3439,-0.0476,Dak Prescott
2021091911,3879,1,DAL,LAC,C,pass_forward,0.6418,0.5699,0.5333,1.9,3.1476,-0.0366,Dak Prescott
2021091911,3988,0,DAL,LAC,C,pass_forward,0.3301,0.317,0.2907,2.5,1.8704,-0.0263,Dak Prescott
2021091911,4012,1,DAL,LAC,C,pass_forward,0.5296,0.4447,0.5856,1.9,2.7987,0.1409,Dak Prescott
2021091911,4057,0,DAL,LAC,C,pass_forward,0.3236,0.3084,0.2262,1.5,3.8873,-0.0822,Dak Prescott
2021091912,76,0,SEA,TEN,I,pass_forward,0.2998,0.3633,0.3456,2.1,2.397,-0.0177,Russell Wilson
2021091912,110,0,SEA,TEN,R,run,0.2863,0.3536,0.0484,6.2,0.8538,-0.3052,Russell Wilson
2021091912,204,0,TEN,SEA,C,pass_forward,0.1915,0.332,0.4394,2.4,1.9406,0.1074,Ryan Tannehill
2021091912,255,1,SEA,TEN,C,pass_forward,0.2873,0.2513,0.354,4.1,2.4622,0.1027,Russell Wilson
2021091912,321,0,SEA,TEN,I,pass_forward,0.5546,0.5622,0.304,5.0,1.6824,-0.2581,Russell Wilson
2021091912,391,0,TEN,SEA,C,pass_forward,0.4031,0.2697,0.4124,3.2,2.6588,0.1428,Ryan Tannehill
2021091912,465,0,TEN,SEA,I,pass_forward,0.396,0.4401,0.3679,3.3,1.1856,-0.0723,Ryan Tannehill
2021091912,508,1,TEN,SEA,C,pass_forward,0.5307,0.6418,0.5849,3.4,2.5939,-0.0569,Ryan Tannehill
2021091912,532,1,TEN,SEA,C,pass_forward,0.4111,0.2966,0.5499,2.6,2.7015,0.2532,Ryan Tannehill
2021091912,577,0,TEN,SEA,C,pass_forward,0.3478,0.2878,0.292,2.4,2.3085,0.0042,Ryan Tannehill
2021091912,601,1,TEN,SEA,C,pass_forward,0.4402,0.4622,0.448,3.0,2.348,-0.0142,Ryan Tannehill
2021091912,673,0,TEN,SEA,I,pass_forward,0.3338,0.3568,0.0925,3.4,0.7951,-0.2644,Ryan Tannehill
2021091912,695,0,TEN,SEA,I,pass_forward,0.2666,0.2793,0.3024,2.0,2.1028,0.0231,Ryan Tannehill
2021091912,796,1,SEA,TEN,C,pass_forward,0.4131,0.4079,0.4644,2.4,2.404,0.0565,Russell Wilson
2021091912,841,0,SEA,TEN,C,pass_forward,0.3937,0.3753,0.4243,1.8,3.9045,0.049,Russell Wilson
2021091912,884,0,SEA,TEN,I,pass_forward,0.5437,0.6334,0.5553,1.9,2.9657,-0.0781,Russell Wilson
2021091912,943,0,SEA,TEN,S,qb_sack,0.3652,0.365,0.0902,6.1,0.5778,-0.2748,Russell Wilson
2021091912,1025,0,SEA,TEN,S,qb_sack,0.1734,0.136,0.029,4.9,0.3306,-0.107,Russell Wilson
2021091912,1091,1,TEN,SEA,C,pass_forward,0.4977,0.4711,0.5543,3.5,2.3876,0.0832,Ryan Tannehill
2021091912,1115,1,TEN,SEA,C,pass_forward,0.3956,0.2682,0.1237,4.3,2.9406,-0.1444,Ryan Tannehill
2021091912,1171,0,TEN,SEA,R,run,0.1324,0.1312,0.1104,4.7,2.4414,-0.0207,Ryan Tannehill
2021091912,1218,0,TEN,SEA,S,qb_sack,0.3422,0.2107,0.0298,2.5,0.0316,-0.1809,Ryan Tannehill
2021091912,1282,1,SEA,TEN,C,pass_forward,0.2601,0.2749,0.3552,3.0,1.053,0.0803,Russell Wilson
2021091912,1327,1,SEA,TEN,C,pass_forward,0.4211,0.3967,0.2539,3.7,2.0793,-0.1428,Russell Wilson
2021091912,1411,0,TEN,SEA,S,qb_strip_sack,0.348,0.5495,0.1123,3.3,0.9843,-0.4371,Ryan Tannehill
2021091912,1597,1,TEN,SEA,C,pass_forward,0.4276,0.4311,0.5552,2.4,2.6505,0.1241,Ryan Tannehill
2021091912,1746,0,TEN,SEA,I,pass_forward,0.3201,0.2818,0.0434,2.7,0.6505,-0.2384,Ryan Tannehill
2021091912,1839,1,SEA,TEN,C,pass_forward,0.3008,0.2809,0.2825,2.4,2.4562,0.0016,Russell Wilson
2021091912,1897,1,SEA,TEN,C,pass_forward,0.5499,0.661,0.7309,2.0,3.8002,0.0699,Russell Wilson
2021091912,1943,0,SEA,TEN,C,pass_forward,0.2371,0.315,0.268,1.9,4.0184,-0.047,Russell Wilson
2021091912,1993,0,SEA,TEN,I,pass_forward,0.1834,0.1803,0.1835,2.3,1.3292,0.0032,Russell Wilson
2021091912,2243,0,TEN,SEA,C,pass_forward,0.4228,0.4262,0.4944,1.9,3.8581,0.0683,Ryan Tannehill
2021091912,2288,1,TEN,SEA,C,pass_forward,0.3594,0.2887,0.4318,2.8,2.6427,0.1431,Ryan Tannehill
2021091912,2333,1,TEN,SEA,C,pass_forward,0.1919,0.1694,0.2167,2.9,1.969,0.0473,Ryan Tannehill
2021091912,2537,1,SEA,TEN,C,pass_forward,0.3571,0.4106,0.4089,2.5,3.2174,-0.0017,Russell Wilson
2021091912,2561,1,SEA,TEN,C,pass_forward,0.3145,0.2513,0.5042,4.8,2.3256,0.2529,Russell Wilson
2021091912,2618,0,SEA,TEN,C,pass_forward,0.1633,0.1054,0.1578,2.5,2.2225,0.0524,Russell Wilson
2021091912,2740,1,TEN,SEA,C,pass_forward,0.4111,0.5029,0.7174,2.6,2.8562,0.2145,Ryan Tannehill
2021091912,2764,1,TEN,SEA,C,pass_forward,0.3515,0.2119,0.2231,2.7,2.2632,0.0112,Ryan Tannehill
2021091912,2830,0,TEN,SEA,I,pass_forward,0.3684,0.3395,0.5172,2.3,2.459,0.1777,Ryan Tannehill
2021091912,2852,0,TEN,SEA,I,pass_forward,0.3008,0.2622,0.2677,2.2,3.3905,0.0055,Ryan Tannehill
2021091912,2874,1,TEN,SEA,C,pass_forward,0.3086,0.2954,0.3005,2.2,1.9213,0.0051,Ryan Tannehill
2021091912,2919,0,TEN,SEA,C,pass_forward,0.2448,0.1841,0.1702,2.4,4.0576,-0.014,Ryan Tannehill
2021091912,2943,0,TEN,SEA,I,pass_forward,0.4458,0.4439,0.1056,4.4,0.8628,-0.3383,Ryan Tannehill
2021091912,3078,0,SEA,TEN,C,pass_forward,0.0646,0.1028,0.0482,1.8,3.2989,-0.0545,Russell Wilson
2021091912,3102,1,SEA,TEN,C,pass_forward,0.1558,0.2067,0.2956,3.2,2.9769,0.0889,Russell Wilson
2021091912,3158,1,TEN,SEA,C,pass_forward,0.3162,0.4773,0.631,2.2,1.7305,0.1537,Ryan Tannehill
2021091912,3261,0,SEA,TEN,C,pass_forward,0.3756,0.4472,0.3526,2.8,2.4438,-0.0945,Russell Wilson
2021091912,3285,0,SEA,TEN,I,pass_forward,0.5054,0.6125,0.6408,2.2,4.1392,0.0283,Russell Wilson
2021091912,3422,1,TEN,SEA,R,run,0.2906,0.2859,0.2493,4.1,2.1651,-0.0367,Ryan Tannehill
2021091912,3443,0,TEN,SEA,I,pass_forward,0.3305,0.501,0.478,3.3,2.2214,-0.0231,Ryan Tannehill
2021091912,3497,0,TEN,SEA,S,qb_sack,0.2977,0.2479,0.0196,5.1,0.3162,-0.2283,Ryan Tannehill
2021091912,3516,0,TEN,SEA,C,pass_forward,0.0732,0.1391,0.1063,3.1,1.3073,-0.0328,Ryan Tannehill
2021091912,3540,0,TEN,SEA,I,pass_forward,0.5104,0.6206,0.0536,4.2,0.507,-0.567,Ryan Tannehill
2021091912,3597,0,SEA,TEN,I,pass_forward,0.47,0.3551,0.2485,1.7,3.094,-0.1066,Russell Wilson
2021091912,3619,0,SEA,TEN,C,pass_forward,0.4766,0.3904,0.4064,3.0,3.9719,0.0159,Russell Wilson
2021091912,3725,0,TEN,SEA,C,pass_forward,0.0935,0.0469,0.027,2.2,1.98,-0.0199,Ryan Tannehill
2021091912,3773,0,TEN,SEA,C,pass_forward,0.2937,0.2749,0.4286,3.0,3.864,0.1537,Ryan Tannehill
2021091912,3797,1,TEN,SEA,C,pass_forward,0.4761,0.4386,0.538,2.8,2.1371,0.0995,Ryan Tannehill
2021091912,3842,1,TEN,SEA,C,pass_forward,0.4791,0.4731,0.522,3.1,4.1726,0.0489,Ryan Tannehill
2021091912,3929,0,TEN,SEA,C,pass_forward,0.1833,0.225,0.2427,2.8,1.8377,0.0177,Ryan Tannehill
2021091912,3953,0,TEN,SEA,C,pass_forward,0.4498,0.35,0.4361,2.5,2.5756,0.0861,Ryan Tannehill
2021091912,4126,0,SEA,TEN,C,pass_forward,0.396,0.2893,0.4393,3.3,5.2637,0.15,Russell Wilson
2021091912,4167,0,SEA,TEN,I,pass_forward,0.4957,0.4067,0.0315,6.6,0.5284,-0.3752,Russell Wilson
2021091912,4213,1,SEA,TEN,R,run,0.4846,0.525,0.3216,5.7,4.2556,-0.2034,Russell Wilson
2021091912,4335,0,TEN,SEA,C,pass_forward,0.5308,0.3741,0.4289,3.8,2.416,0.0549,Ryan Tannehill
2021091912,4445,0,TEN,SEA,I,pass_forward,0.1028,0.188,0.2453,3.1,2.404,0.0573,Ryan Tannehill
2021091912,4489,0,TEN,SEA,I,pass_forward,0.1147,0.1002,0.0819,2.8,2.95,-0.0184,Ryan Tannehill
2021091912,4530,0,SEA,TEN,I,pass_forward,0.3985,0.3851,0.3449,3.2,2.0768,-0.0402,Russell Wilson
2021091912,4552,0,SEA,TEN,I,pass_forward,0.3497,0.2835,0.406,2.5,3.4031,0.1225,Russell Wilson
2021091912,4574,0,SEA,TEN,S,qb_sack,0.3719,0.4856,0.0188,4.8,0.2343,-0.4669,Russell Wilson
2021091913,77,0,BAL,KC,I,pass_forward,0.357,0.4272,0.6099,3.1,5.7215,0.1827,Lamar Jackson
2021091913,99,0,BAL,KC,IN,pass_forward,0.3371,0.5165,0.4287,2.4,2.1357,-0.0878,Lamar Jackson
2021091913,397,0,KC,BAL,C,pass_forward,0.2445,0.3171,0.221,3.0,4.4799,-0.0961,Patrick Mahomes
2021091913,421,1,KC,BAL,C,pass_forward,0.4987,0.6213,0.7149,4.2,2.9439,0.0936,Patrick Mahomes
2021091913,523,1,KC,BAL,C,pass_forward,0.3001,0.4219,0.5386,4.0,0.9657,0.1167,Patrick Mahomes
2021091913,579,1,BAL,KC,C,pass_forward,0.2909,0.3555,0.4478,2.8,4.3665,0.0923,Lamar Jackson
2021091913,734,0,BAL,KC,I,pass_forward,0.2057,0.2567,0.3022,2.3,4.8898,0.0455,Lamar Jackson
2021091913,780,0,BAL,KC,IN,pass_forward,0.222,0.2276,0.1352,2.5,1.1315,-0.0924,Lamar Jackson
2021091913,806,1,KC,BAL,C,pass_forward,0.2869,0.4626,0.3322,4.2,1.6148,-0.1304,Patrick Mahomes
2021091913,865,0,KC,BAL,I,pass_forward,0.0445,0.0542,0.0581,3.7,0.7566,0.0039,Patrick Mahomes
2021091913,952,0,KC,BAL,C,pass_forward,0.0453,0.0245,0.0162,1.6,3.5344,-0.0083,Patrick Mahomes
2021091913,1022,0,BAL,KC,C,pass_forward,0.3578,0.2683,0.2815,1.7,4.2735,0.0132,Lamar Jackson
2021091913,1107,1,KC,BAL,C,pass_forward,0.3059,0.4868,0.4918,2.3,3.5239,0.005,Patrick Mahomes
2021091913,1152,1,KC,BAL,C,pass_forward,0.375,0.4932,0.4611,2.7,3.3061,-0.032,Patrick Mahomes
2021091913,1176,0,KC,BAL,I,pass_forward,0.4084,0.448,0.6488,3.1,1.9749,0.2008,Patrick Mahomes
2021091913,1198,0,KC,BAL,I,pass_forward,0.374,0.2666,0.2849,3.0,1.6044,0.0184,Patrick Mahomes
2021091913,1220,0,KC,BAL,I,pass_forward,0.377,0.3228,0.1002,6.8,2.194,-0.2226,Patrick Mahomes
2021091913,1328,1,BAL,KC,C,pass_forward,0.4469,0.4692,0.6421,3.2,3.1281,0.1728,Lamar Jackson
2021091913,1352,0,BAL,KC,C,pass_forward,0.2491,0.2991,0.3928,3.6,1.5568,0.0937,Lamar Jackson
2021091913,1399,0,BAL,KC,I,pass_forward,0.2567,0.2799,0.2868,3.8,1.8094,0.0069,Lamar Jackson
2021091913,1453,0,BAL,KC,C,pass_forward,0.1323,0.1229,0.0977,2.0,4.0193,-0.0251,Lamar Jackson
2021091913,1477,1,BAL,KC,C,pass_forward,0.4229,0.4132,0.6191,4.0,2.7053,0.2059,Lamar Jackson
2021091913,1606,1,KC,BAL,C,pass_forward,0.2576,0.2824,0.3546,2.4,3.7589,0.0722,Patrick Mahomes
2021091913,1719,1,KC,BAL,C,pass_forward,0.5052,0.5568,0.4891,1.6,4.794,-0.0677,Patrick Mahomes
2021091913,1802,1,BAL,KC,C,pass_forward,0.3899,0.3086,0.2435,2.0,3.016,-0.0651,Lamar Jackson
2021091913,1939,1,BAL,KC,C,pass_forward,0.5962,0.5046,0.4927,3.2,1.5212,-0.0119,Lamar Jackson
2021091913,2012,0,BAL,KC,C,pass_forward,0.2624,0.2999,0.2859,1.7,3.4254,-0.014,Lamar Jackson
2021091913,2186,1,KC,BAL,C,pass_forward,0.5236,0.5505,0.7332,1.5,3.8591,0.1828,Patrick Mahomes
2021091913,2210,1,KC,BAL,C,pass_forward,0.3878,0.4585,0.2341,3.1,1.6352,-0.2245,Patrick Mahomes
2021091913,2255,1,KC,BAL,C,pass_forward,0.6477,0.6981,0.7969,1.5,4.2197,0.0987,Patrick Mahomes
2021091913,2388,0,BAL,KC,C,pass_forward,0.0379,0.0342,0.0477,3.5,4.1731,0.0135,Lamar Jackson
2021091913,2412,1,BAL,KC,C,pass_forward,0.5334,0.4774,0.4011,3.2,1.4714,-0.0763,Lamar Jackson
2021091913,2537,0,KC,BAL,C,pass_forward,0.4089,0.3065,0.2813,2.0,3.8777,-0.0252,Patrick Mahomes
2021091913,2561,0,KC,BAL,R,run,0.6189,0.5992,0.6411,5.5,3.4909,0.0419,Patrick Mahomes
2021091913,2593,0,KC,BAL,I,pass_forward,0.3978,0.3623,0.4056,3.8,1.5687,0.0432,Patrick Mahomes
2021091913,2615,1,KC,BAL,C,pass_forward,0.3405,0.2655,0.2118,4.8,2.2987,-0.0537,Patrick Mahomes
2021091913,2775,0,BAL,KC,S,qb_sack,0.3628,0.4173,0.0199,4.9,0.3231,-0.3975,Lamar Jackson
2021091913,2876,0,KC,BAL,C,pass_forward,0.1137,0.1008,0.1083,2.4,3.4853,0.0075,Patrick Mahomes
2021091913,2933,0,KC,BAL,IN,pass_forward,0.2466,0.1874,0.2053,4.7,0.423,0.0179,Patrick Mahomes
2021091913,2960,1,BAL,KC,R,run,0.3068,0.3539,0.3392,5.1,2.9329,-0.0148,Lamar Jackson
2021091913,3004,1,BAL,KC,C,pass_forward,0.2253,0.3932,0.5484,3.2,2.0083,0.1553,Lamar Jackson
2021091913,3068,1,BAL,KC,C,pass_forward,0.6112,0.5762,0.5955,3.1,3.0604,0.0193,Lamar Jackson
2021091913,3211,1,KC,BAL,C,pass_forward,0.4991,0.4578,0.5484,2.0,4.4444,0.0905,Patrick Mahomes
2021091913,3256,0,KC,BAL,C,pass_forward,0.2546,0.1475,0.1205,1.6,4.827,-0.0269,Patrick Mahomes
2021091913,3280,0,KC,BAL,I,pass_forward,0.3771,0.3334,0.3392,3.1,2.7337,0.0058,Patrick Mahomes
2021091913,3364,0,BAL,KC,I,pass_forward,0.3147,0.4766,0.4184,2.7,2.2243,-0.0582,Lamar Jackson
2021091913,3458,1,BAL,KC,C,pass_forward,0.2725,0.4199,0.3992,3.1,3.6201,-0.0207,Lamar Jackson
2021091913,3555,0,BAL,KC,I,pass_forward,0.3545,0.4525,0.4113,3.2,4.9761,-0.0412,Lamar Jackson
2021091913,3705,1,KC,BAL,C,pass_forward,0.3706,0.279,0.4044,2.4,2.5909,0.1254,Patrick Mahomes
2021091913,3729,1,KC,BAL,C,pass_forward,0.3473,0.2666,0.2442,2.6,2.2553,-0.0224,Patrick Mahomes
2021091913,3907,0,BAL,KC,C,pass_forward,0.5563,0.4619,0.4747,2.7,2.9125,0.0128,Lamar Jackson
2021092000,76,0,DET,GB,C,pass_forward,0.3758,0.3278,0.3777,2.0,3.2821,0.0499,Jared Goff
2021092000,105,1,DET,GB,C,pass_forward,0.6925,0.6592,0.608,5.4,1.4997,-0.0512,Jared Goff
2021092000,134,0,DET,GB,C,pass_forward,0.1378,0.2009,0.2144,2.6,4.2522,0.0135,Jared Goff
2021092000,201,1,DET,GB,C,pass_forward,0.3502,0.2829,0.3879,3.9,3.6424,0.105,Jared Goff
2021092000,325,1,GB,DET,C,pass_forward,0.3215,0.2881,0.2996,2.1,3.8783,0.0115,Aaron Rodgers
2021092000,354,0,GB,DET,R,run,0.2508,0.2752,0.1442,5.7,2.0926,-0.131,Aaron Rodgers
2021092000,579,0,DET,GB,C,pass_forward,0.3191,0.2798,0.3055,2.5,4.6173,0.0257,Jared Goff
2021092000,624,0,DET,GB,C,pass_forward,0.3574,0.3747,0.3178,2.9,1.3797,-0.0569,Jared Goff
2021092000,750,0,DET,GB,C,pass_forward,0.068,0.0722,0.0755,3.8,4.2134,0.0033,Jared Goff
2021092000,817,0,DET,GB,I,pass_forward,0.3745,0.3227,0.0511,4.0,0.9171,-0.2716,Jared Goff
2021092000,924,0,GB,DET,I,pass_forward,0.4093,0.3431,0.4289,2.6,2.7031,0.0858,Aaron Rodgers
2021092000,946,0,GB,DET,C,pass_forward,0.2726,0.2764,0.2408,1.7,3.0501,-0.0356,Aaron Rodgers
2021092000,970,0,GB,DET,S,qb_sack,0.3687,0.4007,0.0248,4.6,0.2302,-0.3758,Aaron Rodgers
2021092000,1028,1,DET,GB,C,pass_forward,0.4849,0.6319,0.6245,3.8,2.4417,-0.0073,Jared Goff
2021092000,1073,0,DET,GB,R,run,0.427,0.4804,0.3457,6.4,0.9881,-0.1346,Jared Goff
2021092000,1147,1,DET,GB,C,pass_forward,0.2776,0.238,0.2596,2.8,2.5121,0.0215,Jared Goff
2021092000,1197,1,DET,GB,C,pass_forward,0.27,0.296,0.3538,2.6,2.6535,0.0578,Jared Goff
2021092000,1357,0,GB,DET,C,pass_forward,0.2844,0.3628,0.3703,3.0,2.5252,0.0075,Aaron Rodgers
2021092000,1491,1,GB,DET,C,pass_forward,0.2875,0.6248,0.5007,2.6,2.3853,-0.1241,Aaron Rodgers
2021092000,1596,1,DET,GB,C,pass_forward,0.4244,0.3184,0.3229,5.7,2.7198,0.0045,Jared Goff
2021092000,1637,0,DET,GB,C,pass_forward,0.1988,0.2079,0.2052,1.7,4.5599,-0.0027,Jared Goff
2021092000,1678,0,DET,GB,I,pass_forward,0.2298,0.2707,0.3193,3.1,2.1637,0.0486,Jared Goff
2021092000,1700,0,DET,GB,I,pass_forward,0.2153,0.2454,0.2755,2.6,3.0802,0.0301,Jared Goff
2021092000,1873,1,GB,DET,C,pass_forward,0.4954,0.4268,0.5215,1.3,4.8722,0.0948,Aaron Rodgers
2021092000,1923,0,GB,DET,S,qb_sack,0.6264,0.5806,0.0849,3.5,0.8806,-0.4957,Aaron Rodgers
2021092000,1942,1,GB,DET,C,pass_forward,0.1883,0.196,0.2986,3.6,2.341,0.1027,Aaron Rodgers
2021092000,2041,1,GB,DET,C,pass_forward,0.4245,0.4685,0.4938,2.4,3.2223,0.0253,Aaron Rodgers
2021092000,2119,0,DET,GB,C,pass_forward,0.3342,0.4998,0.4193,3.1,1.6454,-0.0804,Jared Goff
2021092000,2164,1,DET,GB,C,pass_forward,0.6807,0.6955,0.7415,2.2,3.0837,0.046,Jared Goff
2021092000,2188,0,DET,GB,I,pass_forward,0.3567,0.4242,0.2756,4.0,2.2391,-0.1485,Jared Goff
2021092000,2248,0,DET,GB,C,pass_forward,0.3623,0.4195,0.3584,2.6,1.7616,-0.061,Jared Goff
2021092000,2272,0,DET,GB,I,pass_forward,0.6463,0.707,0.7698,2.4,3.0513,0.0628,Jared Goff
2021092000,2294,0,GB,DET,I,pass_forward,0.3253,0.2819,0.4354,2.7,2.4907,0.1535,Aaron Rodgers
2021092000,2337,1,GB,DET,C,pass_forward,0.1709,0.1896,0.1949,3.8,1.1927,0.0053,Aaron Rodgers
2021092000,2437,0,GB,DET,I,pass_forward,0.3988,0.3301,0.0812,5.7,1.005,-0.2489,Aaron Rodgers
2021092000,2483,1,GB,DET,C,pass_forward,0.4064,0.4174,0.4136,2.8,2.1545,-0.0038,Aaron Rodgers
2021092000,2531,1,GB,DET,C,pass_forward,0.5198,0.4724,0.5054,3.8,2.3346,0.033,Aaron Rodgers
2021092000,2587,0,GB,DET,R,run,0.062,0.062,0.098,4.4,2.612,0.036,Aaron Rodgers
2021092000,2645,1,GB,DET,C,pass_forward,0.259,0.2477,0.1863,2.4,3.6008,-0.0614,Aaron Rodgers
2021092000,2959,0,DET,GB,C,pass_forward,0.2083,0.3288,0.2707,2.9,1.1002,-0.058,Jared Goff
2021092000,2983,1,DET,GB,C,pass_forward,0.4853,0.5944,0.5631,1.9,3.321,-0.0312,Jared Goff
2021092000,3030,0,DET,GB,C,pass_forward,0.1319,0.0806,0.0892,2.3,3.4735,0.0086,Jared Goff
2021092000,3054,0,DET,GB,C,pass_forward,0.2856,0.2545,0.4155,3.4,2.0108,0.161,Jared Goff
2021092000,3157,1,GB,DET,C,pass_forward,0.3913,0.3249,0.321,5.4,2.3508,-0.0039,Aaron Rodgers
2021092000,3203,1,GB,DET,C,pass_forward,0.453,0.4787,0.4637,5.5,2.1403,-0.0151,Aaron Rodgers
2021092000,3294,0,GB,DET,S,qb_sack,0.2358,0.2137,0.0245,3.9,0.2879,-0.1892,Aaron Rodgers
2021092000,3343,0,DET,GB,I,pass_forward,0.2435,0.2723,0.2258,3.3,1.5089,-0.0465,Jared Goff
2021092000,3365,1,DET,GB,R,run,0.2479,0.2522,0.3918,3.6,1.5028,0.1396,Jared Goff
2021092000,3391,0,DET,GB,IN,pass_forward,0.1628,0.2632,0.0336,5.8,0.5921,-0.2296,Jared Goff
2021092000,3498,0,GB,DET,I,pass_forward,0.5388,0.514,0.5581,2.8,1.9452,0.0441,Aaron Rodgers
2021092000,3546,0,DET,GB,C,pass_forward,0.2869,0.1834,0.0871,3.0,0.9214,-0.0962,Jared Goff
2021092000,3575,1,DET,GB,C,pass_forward,0.6159,0.5853,0.5772,2.4,2.3655,-0.0082,Jared Goff
2021092000,3599,1,DET,GB,C,pass_forward,0.2558,0.3344,0.4171,2.7,1.9085,0.0827,Jared Goff
2021092000,3623,1,DET,GB,C,pass_forward,0.1628,0.2218,0.3197,2.9,2.7436,0.098,Jared Goff
2021092000,3647,0,DET,GB,I,pass_forward,0.3245,0.3034,0.3399,2.5,2.0718,0.0366,Jared Goff
2021092000,3669,0,DET,GB,C,pass_forward,0.3297,0.3578,0.4511,2.7,3.0728,0.0933,Jared Goff
2021092000,3710,0,DET,GB,I,pass_forward,0.6297,0.6669,0.2034,3.3,0.8982,-0.4635,Jared Goff
2021092000,3759,0,DET,GB,I,pass_forward,0.6113,0.5532,0.359,4.5,0.7628,-0.1942,Jared Goff
2021092300,54,0,CAR,HOU,C,pass_forward,0.3577,0.4921,0.4731,2.0,2.5348,-0.019,Sam Darnold
2021092300,78,0,CAR,HOU,I,pass_forward,0.6173,0.629,0.6992,2.4,2.7965,0.0702,Sam Darnold
2021092300,100,0,CAR,HOU,I,pass_forward,0.6003,0.5905,0.5671,2.2,3.0328,-0.0234,Sam Darnold
2021092300,319,0,CAR,HOU,I,pass_forward,0.3374,0.3833,0.3052,6.2,1.0845,-0.078,Sam Darnold
2021092300,341,1,CAR,HOU,C,pass_forward,0.3418,0.3195,0.1429,5.5,0.73,-0.1767,Sam Darnold
2021092300,365,1,CAR,HOU,C,pass_forward,0.3888,0.3093,0.1996,3.6,2.7439,-0.1097,Sam Darnold
2021092300,415,1,CAR,HOU,C,pass_forward,0.3615,0.3916,0.4184,3.0,1.8111,0.0268,Sam Darnold
2021092300,596,0,HOU,CAR,C,pass_forward,0.3837,0.3887,0.3779,2.2,3.1396,-0.0108,Davis Mills
2021092300,620,0,HOU,CAR,S,run,0.4343,0.4456,0.3177,5.0,1.5646,-0.1279,Davis Mills
2021092300,692,1,CAR,HOU,C,pass_forward,0.375,0.5463,0.5371,2.7,1.7779,-0.0092,Sam Darnold
2021092300,838,1,CAR,HOU,C,pass_forward,0.4999,0.4757,0.4394,4.3,2.5538,-0.0363,Sam Darnold
2021092300,904,0,CAR,HOU,I,pass_forward,0.3992,0.3082,0.2515,3.6,2.6215,-0.0567,Sam Darnold
2021092300,926,1,CAR,HOU,C,pass_forward,0.2773,0.2744,0.4126,3.6,2.5508,0.1381,Sam Darnold
2021092300,971,0,CAR,HOU,I,pass_forward,0.3208,0.3314,0.4051,3.2,2.0039,0.0737,Sam Darnold
2021092300,1023,0,CAR,HOU,C,pass_forward,0.1729,0.1491,0.1079,2.1,3.08,-0.0412,Sam Darnold
2021092300,1359,0,CAR,HOU,S,qb_strip_sack,0.4284,0.3925,0.0302,3.9,0.7951,-0.3623,Sam Darnold
2021092300,1395,0,CAR,HOU,I,pass_forward,0.164,0.1233,0.0816,2.5,1.6125,-0.0417,Sam Darnold
2021092300,1511,0,HOU,CAR,S,qb_sack,0.3562,0.363,0.3238,3.5,0.2195,-0.0391,Davis Mills
2021092300,1530,0,HOU,CAR,C,pass_forward,0.1753,0.1701,0.2761,3.7,2.1247,0.106,Davis Mills
2021092300,1573,0,CAR,HOU,I,pass_forward,0.3201,0.2698,0.3762,3.0,2.7522,0.1064,Sam Darnold
2021092300,1595,0,CAR,HOU,C,pass_forward,0.3213,0.284,0.2949,2.6,1.6197,0.011,Sam Darnold
2021092300,1697,0,HOU,CAR,C,pass_forward,0.2673,0.2254,0.108,2.1,0.9708,-0.1173,Davis Mills
2021092300,1721,1,HOU,CAR,C,pass_forward,0.5745,0.6808,0.5428,2.8,3.2117,-0.1379,Davis Mills
2021092300,1766,1,HOU,CAR,C,pass_forward,0.478,0.4829,0.6017,2.3,2.5179,0.1188,Davis Mills
2021092300,1812,1,HOU,CAR,C,pass_forward,0.1823,0.1884,0.1672,1.7,2.9426,-0.0211,Davis Mills
2021092300,1853,1,HOU,CAR,C,pass_forward,0.5454,0.6432,0.7225,2.2,2.7564,0.0793,Davis Mills
2021092300,1904,1,CAR,HOU,C,pass_forward,0.3259,0.3194,0.4405,3.0,2.0081,0.1211,Sam Darnold
2021092300,1945,0,CAR,HOU,S,qb_strip_sack,0.3797,0.2865,0.0363,3.9,0.8157,-0.2502,Sam Darnold
2021092300,2015,0,HOU,CAR,I,pass_forward,0.4466,0.4797,0.3561,2.9,2.053,-0.1236,Davis Mills
2021092300,2037,1,HOU,CAR,C,pass_forward,0.397,0.277,0.2631,1.8,3.5991,-0.0138,Davis Mills
2021092300,2084,0,HOU,CAR,C,pass_forward,0.4836,0.4294,0.3599,1.6,4.43,-0.0695,Davis Mills
2021092300,2108,1,HOU,CAR,C,pass_forward,0.5637,0.6204,0.3854,2.4,3.0641,-0.235,Davis Mills
2021092300,2132,0,HOU,CAR,I,pass_forward,0.2733,0.2495,0.2577,2.1,2.3213,0.0082,Davis Mills
2021092300,2266,0,HOU,CAR,I,pass_forward,0.4746,0.599,0.5606,3.4,2.2095,-0.0384,Davis Mills
2021092300,2292,0,HOU,CAR,I,pass_forward,0.5688,0.5653,0.2598,3.9,0.6641,-0.3055,Davis Mills
2021092300,2377,1,CAR,HOU,C,pass_forward,0.4038,0.4338,0.4014,1.8,3.2268,-0.0324,Sam Darnold
2021092300,2422,0,CAR,HOU,R,run,0.3596,0.3231,0.2549,5.0,0.4111,-0.0681,Sam Darnold
2021092300,2476,1,CAR,HOU,C,pass_forward,0.3804,0.3061,0.3926,2.4,2.093,0.0865,Sam Darnold
2021092300,2524,1,CAR,HOU,C,pass_forward,0.4905,0.3136,0.1951,3.4,2.5331,-0.1185,Sam Darnold
2021092300,2643,0,HOU,CAR,S,qb_sack,0.4112,0.428,0.0222,4.2,0.0316,-0.4058,Davis Mills
2021092300,2750,0,CAR,HOU,C,pass_forward,0.0809,0.0685,0.0724,2.7,1.4903,0.004,Sam Darnold
2021092300,2774,1,CAR,HOU,C,pass_forward,0.3768,0.3995,0.2247,2.4,1.319,-0.1748,Sam Darnold
2021092300,2896,1,CAR,HOU,C,pass_forward,0.1887,0.1689,0.3159,3.1,1.7695,0.147,Sam Darnold
2021092300,2952,0,CAR,HOU,I,pass_forward,0.3809,0.406,0.2301,2.6,1.8752,-0.1759,Sam Darnold
2021092300,2974,0,CAR,HOU,C,pass_forward,0.375,0.4134,0.4016,2.3,2.1617,-0.0118,Sam Darnold
2021092300,3049,1,HOU,CAR,C,pass_forward,0.3324,0.2792,0.5269,2.6,3.39,0.2478,Davis Mills
2021092300,3073,1,HOU,CAR,C,pass_forward,0.2851,0.2507,0.3741,2.3,2.0396,0.1234,Davis Mills
2021092300,3097,0,HOU,CAR,I,pass_forward,0.2727,0.2489,0.2642,4.1,1.7871,0.0153,Davis Mills
2021092300,3119,1,HOU,CAR,C,pass_forward,0.2932,0.2887,0.1967,1.7,2.8398,-0.092,Davis Mills
2021092300,3143,0,HOU,CAR,I,pass_forward,0.2872,0.2778,0.2356,2.0,2.6863,-0.0421,Davis Mills
2021092300,3165,0,HOU,CAR,C,pass_forward,0.2932,0.2764,0.3546,3.3,0.4201,0.0782,Davis Mills
2021092300,3189,0,HOU,CAR,S,qb_sack,0.4004,0.4578,0.0302,3.9,0.1,-0.4275,Davis Mills
2021092300,3263,1,CAR,HOU,C,pass_forward,0.4516,0.4078,0.3982,1.6,3.4572,-0.0095,Sam Darnold
2021092300,3329,0,CAR,HOU,I,pass_forward,0.3221,0.4141,0.5032,3.9,2.8493,0.0891,Sam Darnold
2021092300,3351,1,CAR,HOU,C,pass_forward,0.3363,0.3276,0.4357,3.8,1.4916,0.1081,Sam Darnold
2021092300,3375,1,CAR,HOU,C,pass_forward,0.4515,0.4864,0.4537,3.5,2.4276,-0.0327,Sam Darnold
2021092300,3458,0,CAR,HOU,I,pass_forward,0.6165,0.6855,0.7096,1.4,3.5836,0.0241,Sam Darnold
2021092300,3573,1,HOU,CAR,C,pass_forward,0.2794,0.3016,0.279,2.3,2.8104,-0.0226,Davis Mills
2021092300,3602,0,HOU,CAR,I,pass_forward,0.2789,0.2629,0.0717,3.1,0.4061,-0.1912,Davis Mills
2021092300,3665,0,HOU,CAR,C,pass_forward,0.1036,0.1556,0.1845,3.5,2.3576,0.0289,Davis Mills
2021092300,3716,0,HOU,CAR,C,pass_forward,0.2438,0.2823,0.2316,3.4,1.3601,-0.0507,Davis Mills
2021092600,80,0,BUF,WAS,I,pass_forward,0.2719,0.2897,0.3169,2.0,4.0142,0.0273,Josh Allen
2021092600,125,1,BUF,WAS,C,pass_forward,0.1311,0.221,0.3581,4.4,1.0845,0.1371,Josh Allen
2021092600,149,0,BUF,WAS,R,run,0.2627,0.2531,0.3479,4.8,2.1866,0.0948,Josh Allen
2021092600,170,1,BUF,WAS,C,pass_forward,0.3892,0.4593,0.5468,1.9,4.305,0.0876,Josh Allen
2021092600,194,1,BUF,WAS,C,pass_forward,0.3672,0.3505,0.3857,2.8,2.018,0.0352,Josh Allen
2021092600,223,0,BUF,WAS,C,pass_forward,0.2414,0.2982,0.1988,5.0,3.94,-0.0993,Josh Allen
2021092600,258,1,BUF,WAS,C,pass_forward,0.3005,0.2664,0.2627,5.5,2.3362,-0.0036,Josh Allen
2021092600,346,0,WAS,BUF,C,pass_forward,0.5624,0.5561,0.523,2.9,2.379,-0.0331,Taylor Heinicke
2021092600,489,0,BUF,WAS,C,pass_forward,0.3077,0.3691,0.383,2.3,2.7549,0.0139,Josh Allen
2021092600,555,0,BUF,WAS,I,pass_forward,0.3099,0.2854,0.222,2.8,1.2371,-0.0633,Josh Allen
2021092600,610,1,BUF,WAS,C,pass_forward,0.5249,0.5511,0.4604,3.2,1.4052,-0.0907,Josh Allen
2021092600,638,0,BUF,WAS,I,pass_forward,0.3476,0.3204,0.3204,3.8,2.4145,0.0,Josh Allen
2021092600,660,0,BUF,WAS,C,pass_forward,0.3599,0.2873,0.4201,3.1,1.8672,0.1328,Josh Allen
2021092600,729,0,WAS,BUF,I,pass_forward,0.2994,0.2407,0.5904,2.8,1.9633,0.3497,Taylor Heinicke
2021092600,772,1,WAS,BUF,C,pass_forward,0.3703,0.3585,0.2527,3.9,1.4521,-0.1058,Taylor Heinicke
2021092600,887,1,BUF,WAS,C,pass_forward,0.3665,0.3028,0.2977,2.2,5.145,-0.0052,Josh Allen
2021092600,972,0,BUF,WAS,C,pass_forward,0.215,0.2513,0.2416,1.8,3.9422,-0.0096,Josh Allen
2021092600,1017,1,BUF,WAS,C,pass_forward,0.4731,0.4748,0.5276,4.2,1.0576,0.0528,Josh Allen
2021092600,1077,1,WAS,BUF,C,pass_forward,0.3311,0.3434,0.1926,6.1,2.274,-0.1508,Taylor Heinicke
2021092600,1127,0,WAS,BUF,IN,pass_forward,0.5028,0.5377,0.5576,5.0,1.8681,0.0199,Taylor Heinicke
2021092600,1174,0,BUF,WAS,I,pass_forward,0.3484,0.3947,0.2174,5.7,1.7519,-0.1773,Josh Allen
2021092600,1200,1,BUF,WAS,C,pass_forward,0.3374,0.4054,0.4595,2.3,3.4392,0.0541,Josh Allen
2021092600,1394,1,WAS,BUF,C,pass_forward,0.5181,0.5326,0.4836,3.2,2.9811,-0.049,Taylor Heinicke
2021092600,1418,0,WAS,BUF,I,pass_forward,0.5088,0.5619,0.2788,2.7,1.5245,-0.2831,Taylor Heinicke
2021092600,1440,1,WAS,BUF,R,run,0.4967,0.4987,0.0997,5.8,1.7901,-0.399,Taylor Heinicke
2021092600,1497,1,BUF,WAS,C,pass_forward,0.3199,0.3373,0.5783,4.3,1.2551,0.241,Josh Allen
2021092600,1547,0,BUF,WAS,C,pass_forward,0.4605,0.4904,0.5732,1.8,3.4889,0.0828,Josh Allen
2021092600,1571,0,BUF,WAS,I,pass_forward,0.54,0.6067,0.2844,2.7,1.1141,-0.3223,Josh Allen
2021092600,1636,0,WAS,BUF,R,run,0.362,0.3958,0.3178,4.2,2.1949,-0.0779,Taylor Heinicke
2021092600,1683,0,WAS,BUF,C,pass_forward,0.3894,0.4036,0.4694,2.9,2.7017,0.0658,Taylor Heinicke
2021092600,1758,1,BUF,WAS,C,pass_forward,0.3003,0.2744,0.2978,2.7,1.6547,0.0234,Josh Allen
2021092600,1925,0,BUF,WAS,I,pass_forward,0.5983,0.4779,0.0265,6.3,0.6984,-0.4514,Josh Allen
2021092600,2084,0,WAS,BUF,C,pass_forward,0.3171,0.2803,0.2898,1.9,3.5708,0.0094,Taylor Heinicke
2021092600,2108,0,WAS,BUF,I,pass_forward,0.5912,0.5275,0.531,2.7,2.4158,0.0034,Taylor Heinicke
2021092600,2130,0,WAS,BUF,I,pass_forward,0.5353,0.5225,0.5722,2.9,2.8503,0.0497,Taylor Heinicke
2021092600,2173,1,BUF,WAS,C,pass_forward,0.3069,0.3675,0.4582,3.0,2.3205,0.0907,Josh Allen
2021092600,2202,1,BUF,WAS,C,pass_forward,0.3105,0.2719,0.335,4.4,1.4115,0.0631,Josh Allen
2021092600,2243,1,BUF,WAS,C,pass_forward,0.2106,0.2554,0.3241,2.9,3.1594,0.0687,Josh Allen
2021092600,2289,0,BUF,WAS,C,pass_forward,0.1783,0.3367,0.2846,1.6,3.2255,-0.0522,Josh Allen
2021092600,2369,1,WAS,BUF,C,pass_forward,0.3127,0.5283,0.2616,4.0,2.2516,-0.2667,Taylor Heinicke
2021092600,2441,0,WAS,BUF,I,pass_forward,0.241,0.2731,0.372,3.1,2.5303,0.0989,Taylor Heinicke
2021092600,2507,1,BUF,WAS,C,pass_forward,0.168,0.3325,0.3769,2.7,2.0207,0.0444,Josh Allen
2021092600,2531,0,BUF,WAS,C,pass_forward,0.2499,0.4316,0.326,1.7,4.6349,-0.1056,Josh Allen
2021092600,2576,0,BUF,WAS,C,pass_forward,0.2666,0.3272,0.3417,2.1,3.2561,0.0145,Josh Allen
2021092600,2690,0,BUF,WAS,I,pass_forward,0.5444,0.5919,0.4573,2.6,2.2886,-0.1346,Josh Allen
2021092600,2712,1,BUF,WAS,C,pass_forward,0.5706,0.6292,0.342,2.3,1.0747,-0.2872,Josh Allen
2021092600,2736,1,BUF,WAS,C,pass_forward,0.2991,0.3364,0.42,2.6,3.1193,0.0836,Josh Allen
2021092600,2879,1,BUF,WAS,C,pass_forward,0.3904,0.4571,0.4736,3.0,2.4044,0.0165,Josh Allen
2021092600,3063,0,WAS,BUF,IN,pass_forward,0.2685,0.343,0.3064,5.3,1.0317,-0.0366,Taylor Heinicke
2021092600,3089,0,BUF,WAS,I,pass_forward,0.1632,0.1815,0.2487,3.4,2.5518,0.0672,Josh Allen
2021092600,3136,0,BUF,WAS,I,pass_forward,0.5264,0.5822,0.2909,2.7,1.1241,-0.2913,Josh Allen
2021092600,3245,0,WAS,BUF,S,run,0.4183,0.4044,0.386,6.7,1.5438,-0.0184,Taylor Heinicke
2021092600,3278,0,WAS,BUF,I,pass_forward,0.3756,0.3925,0.4047,2.5,2.7202,0.0122,Taylor Heinicke
2021092600,3325,0,BUF,WAS,I,pass_forward,0.3331,0.3217,0.5107,1.8,2.7554,0.189,Josh Allen
2021092600,3387,0,BUF,WAS,I,pass_forward,0.6896,0.6136,0.1958,6.2,1.2007,-0.4177,Josh Allen
2021092600,3449,0,WAS,BUF,I,pass_forward,0.1609,0.1989,0.1894,3.5,1.6451,-0.0095,Taylor Heinicke
2021092600,3471,1,WAS,BUF,C,pass_forward,0.1764,0.2026,0.2751,2.6,2.1173,0.0725,Taylor Heinicke
2021092600,3495,0,WAS,BUF,R,run,0.2902,0.2707,0.2701,2.8,2.5181,-0.0005,Taylor Heinicke
2021092600,3516,0,WAS,BUF,C,pass_forward,0.6182,0.6115,0.7233,2.1,3.0443,0.1118,Taylor Heinicke
2021092600,3544,0,WAS,BUF,R,run,0.3155,0.4655,0.4764,4.7,1.1888,0.0109,Taylor Heinicke
2021092600,3590,1,BUF,WAS,C,pass_forward,0.4283,0.3569,0.4273,2.0,2.6032,0.0705,Josh Allen
2021092600,3639,1,BUF,WAS,R,run,0.4913,0.6054,0.4739,4.7,1.5809,-0.1315,Josh Allen
2021092600,3793,1,WAS,BUF,C,pass_forward,0.2473,0.1461,0.1736,2.2,3.5203,0.0276,Taylor Heinicke
2021092600,3875,1,WAS,BUF,C,pass_forward,0.2928,0.2312,0.2626,1.9,3.215,0.0314,Taylor Heinicke
2021092600,3899,0,WAS,BUF,I,pass_forward,0.3746,0.3866,0.3559,6.7,0.5109,-0.0307,Taylor Heinicke
2021092600,3942,0,WAS,BUF,R,run,0.3747,0.3948,0.2019,7.5,1.2632,-0.1928,Taylor Heinicke
2021092600,3968,1,WAS,BUF,C,pass_forward,0.5895,0.5636,0.7921,2.3,2.6328,0.2284,Taylor Heinicke
2021092600,4095,0,BUF,WAS,C,pass_forward,0.209,0.2178,0.3783,1.7,5.4209,0.1604,Mitchell Trubisky
2021092600,4119,1,BUF,WAS,R,run,0.2992,0.3086,0.3888,3.1,1.2077,0.0802,Mitchell Trubisky
2021092601,55,0,CLE,CHI,I,pass_forward,0.4154,0.1995,0.1655,4.7,3.2696,-0.034,Baker Mayfield
2021092601,77,0,CLE,CHI,I,pass_forward,0.3899,0.2713,0.2244,1.9,3.7284,-0.0469,Baker Mayfield
2021092601,99,1,CLE,CHI,C,pass_forward,0.3579,0.3519,0.3479,3.3,1.5034,-0.004,Baker Mayfield
2021092601,144,0,CLE,CHI,I,pass_forward,0.4865,0.434,0.4851,2.1,5.0437,0.0511,Baker Mayfield
2021092601,166,1,CLE,CHI,R,run,0.3951,0.4147,0.5027,4.4,0.7855,0.088,Baker Mayfield
2021092601,252,0,CLE,CHI,I,pass_forward,0.4494,0.3927,0.3919,2.9,2.5367,-0.0009,Baker Mayfield
2021092601,274,0,CLE,CHI,S,qb_sack,0.4232,0.4448,0.0846,4.8,0.14,-0.3602,Baker Mayfield
2021092601,358,0,CHI,CLE,R,run,0.3841,0.3554,0.4627,3.6,2.0251,0.1073,Justin Fields
2021092601,506,1,CLE,CHI,C,pass_forward,0.3496,0.3418,0.2423,2.4,2.7932,-0.0995,Baker Mayfield
2021092601,553,1,CLE,CHI,C,pass_forward,0.1438,0.1638,0.1451,2.4,4.134,-0.0187,Baker Mayfield
2021092601,603,0,CLE,CHI,C,pass_forward,0.3512,0.4006,0.3852,1.8,3.5484,-0.0154,Baker Mayfield
2021092601,627,0,CLE,CHI,C,pass_forward,0.5608,0.5285,0.5246,2.2,4.0668,-0.0038,Baker Mayfield
2021092601,651,0,CLE,CHI,S,qb_sack,0.6506,0.6046,0.2836,4.6,0.478,-0.321,Baker Mayfield
2021092601,693,0,CHI,CLE,S,qb_sack,0.3197,0.2918,0.0612,4.6,0.197,-0.2306,Justin Fields
2021092601,733,0,CHI,CLE,C,pass_forward,0.0688,0.081,0.0536,2.0,1.8049,-0.0273,Justin Fields
2021092601,799,0,CLE,CHI,C,pass_forward,0.2832,0.3456,0.3649,3.6,0.6172,0.0193,Baker Mayfield
2021092601,908,0,CLE,CHI,R,run,0.3398,0.4155,0.3759,5.0,1.8827,-0.0395,Baker Mayfield
2021092601,982,0,CLE,CHI,I,pass_forward,0.1706,0.1261,0.2673,3.2,3.1397,0.1412,Baker Mayfield
2021092601,1092,0,CHI,CLE,S,qb_sack,0.3549,0.445,0.0273,3.9,0.1253,-0.4177,Justin Fields
2021092601,1112,0,CHI,CLE,S,qb_sack,0.2495,0.1477,0.0385,5.4,0.4005,-0.1092,Justin Fields
2021092601,1205,0,CLE,CHI,I,pass_forward,0.5758,0.3924,0.4872,2.2,2.7197,0.0948,Baker Mayfield
2021092601,1227,1,CLE,CHI,C,pass_forward,0.3894,0.3947,0.376,3.2,2.1852,-0.0187,Baker Mayfield
2021092601,1255,0,CLE,CHI,C,pass_forward,0.3526,0.3654,0.4533,4.2,2.6981,0.0878,Baker Mayfield
2021092601,1321,0,CLE,CHI,I,autoevent_passforward,0.2535,0.2315,0.2776,2.7,5.7015,0.0461,Baker Mayfield
2021092601,1354,0,CLE,CHI,S,qb_sack,0.2497,0.2869,0.0346,4.0,0.5412,-0.2523,Baker Mayfield
2021092601,1467,0,CHI,CLE,C,pass_forward,0.337,0.2535,0.1972,4.2,3.9301,-0.0563,Justin Fields
2021092601,1536,0,CHI,CLE,S,qb_sack,0.5736,0.5306,0.1372,5.9,0.3547,-0.3934,Justin Fields
2021092601,1650,1,CLE,CHI,C,pass_forward,0.487,0.5169,0.4783,2.5,3.1303,-0.0386,Baker Mayfield
2021092601,1695,1,CLE,CHI,C,pass_forward,0.3078,0.291,0.3879,2.5,3.9108,0.0969,Baker Mayfield
2021092601,1742,0,CLE,CHI,C,pass_forward,0.2898,0.4455,0.4134,1.9,4.4024,-0.0321,Baker Mayfield
2021092601,1783,1,CLE,CHI,C,pass_forward,0.6682,0.5942,0.6073,2.2,4.0919,0.0131,Baker Mayfield
2021092601,1824,0,CLE,CHI,I,pass_forward,0.3907,0.2891,0.2132,1.8,3.4806,-0.0759,Baker Mayfield
2021092601,1930,1,CLE,CHI,C,pass_forward,0.1523,0.1652,0.1637,2.3,4.2186,-0.0016,Baker Mayfield
2021092601,2063,0,CHI,CLE,I,pass_forward,0.321,0.293,0.288,1.9,2.768,-0.0049,Justin Fields
2021092601,2085,0,CHI,CLE,I,pass_forward,0.3355,0.3107,0.272,2.2,1.9285,-0.0387,Justin Fields
2021092601,2107,0,CHI,CLE,S,qb_sack,0.3354,0.3971,0.0485,5.2,0.2941,-0.3486,Justin Fields
2021092601,2172,0,CLE,CHI,R,run,0.2855,0.3063,0.3481,2.8,2.6946,0.0418,Baker Mayfield
2021092601,2193,1,CLE,CHI,C,pass_forward,0.3999,0.511,0.5064,2.8,2.706,-0.0046,Baker Mayfield
2021092601,2275,0,CLE,CHI,S,qb_sack,0.0504,0.1255,0.1086,5.9,0.4801,-0.0169,Baker Mayfield
2021092601,2294,0,CLE,CHI,R,run,0.0492,0.0783,0.1019,4.5,1.8427,0.0236,Baker Mayfield
2021092601,2382,0,CHI,CLE,I,pass_forward,0.4664,0.3555,0.0988,4.5,1.4009,-0.2567,Justin Fields
2021092601,2404,0,CHI,CLE,S,qb_sack,0.3621,0.3692,0.2003,6.1,0.9758,-0.1689,Justin Fields
2021092601,2507,0,CLE,CHI,S,qb_sack,0.3849,0.3711,0.0194,4.8,0.1487,-0.3516,Baker Mayfield
2021092601,2568,0,CHI,CLE,I,pass_forward,0.3163,0.3022,0.0329,3.6,0.6923,-0.2693,Justin Fields
2021092601,2612,1,CHI,CLE,C,pass_forward,0.3224,0.2893,0.3044,1.9,2.8023,0.0151,Justin Fields
2021092601,2636,0,CHI,CLE,I,pass_forward,0.3195,0.3123,0.3728,2.6,3.3003,0.0606,Justin Fields
2021092601,2787,0,CHI,CLE,S,qb_sack,0.2892,0.4255,0.0253,3.4,0.446,-0.4003,Justin Fields
2021092601,2810,0,CHI,CLE,C,pass_forward,0.1582,0.1619,0.1256,2.5,1.3462,-0.0362,Justin Fields
2021092601,2889,1,CLE,CHI,C,pass_forward,0.3923,0.3051,0.2216,2.1,1.9772,-0.0835,Baker Mayfield
2021092601,2924,0,CLE,CHI,I,pass_forward,0.3567,0.3418,0.2864,4.6,2.752,-0.0554,Baker Mayfield
2021092601,3011,0,CLE,CHI,I,pass_forward,0.5304,0.6217,0.2423,3.0,1.1068,-0.3794,Baker Mayfield
2021092601,3108,0,CHI,CLE,I,pass_forward,0.2865,0.3128,0.2983,2.2,2.7307,-0.0145,Justin Fields
2021092601,3163,0,CHI,CLE,I,pass_forward,0.3373,0.2595,0.2745,2.0,3.0004,0.015,Justin Fields
2021092601,3206,0,CHI,CLE,I,pass_forward,0.4243,0.3569,0.3832,2.0,2.3355,0.0263,Justin Fields
2021092601,3345,0,CLE,CHI,I,pass_forward,0.5662,0.6371,0.531,3.3,2.5318,-0.1062,Baker Mayfield
2021092601,3469,0,CHI,CLE,I,pass_forward,0.4156,0.3642,0.31,2.1,2.73,-0.0542,Justin Fields
2021092601,3491,0,CHI,CLE,S,qb_sack,0.3849,0.35,0.0304,3.9,0.5608,-0.3196,Justin Fields
2021092601,3843,0,CHI,CLE,I,pass_forward,0.3029,0.2835,0.4169,3.1,2.0592,0.1334,Justin Fields
2021092601,3887,0,CHI,CLE,I,pass_forward,0.3025,0.4169,0.3235,2.9,2.9264,-0.0934,Justin Fields
2021092601,3909,0,CHI,CLE,S,qb_sack,0.3144,0.3738,0.0329,6.5,0.0825,-0.3409,Justin Fields
2021092602,55,0,DET,BAL,I,pass_forward,0.3707,0.3696,0.307,4.3,2.323,-0.0626,Jared Goff
2021092602,79,1,DET,BAL,C,pass_forward,0.33,0.4799,0.2257,3.4,2.2973,-0.2542,Jared Goff
2021092602,140,0,DET,BAL,I,pass_forward,0.2648,0.2744,0.2838,1.9,3.409,0.0094,Jared Goff
2021092602,183,0,DET,BAL,I,pass_forward,0.3022,0.3925,0.3199,2.4,2.129,-0.0726,Jared Goff
2021092602,224,0,BAL,DET,C,pass_forward,0.1603,0.2885,0.2403,1.9,3.4863,-0.0481,Lamar Jackson
2021092602,386,0,DET,BAL,S,qb_sack,0.4712,0.4809,0.4191,3.2,0.4919,-0.0618,Jared Goff
2021092602,470,1,BAL,DET,C,pass_forward,0.2648,0.3695,0.3898,2.6,3.034,0.0203,Lamar Jackson
2021092602,494,1,BAL,DET,C,pass_forward,0.339,0.3444,0.3099,3.1,4.1222,-0.0345,Lamar Jackson
2021092602,653,0,DET,BAL,C,pass_forward,0.5215,0.3339,0.3202,3.1,2.1735,-0.0137,Jared Goff
2021092602,677,0,DET,BAL,C,pass_forward,0.4844,0.4793,0.5462,3.5,4.0052,0.0669,Jared Goff
2021092602,777,0,BAL,DET,I,pass_forward,0.3137,0.4759,0.6077,3.2,2.3714,0.1318,Lamar Jackson
2021092602,799,1,BAL,DET,R,run,0.3456,0.6112,0.6739,3.6,2.567,0.0627,Lamar Jackson
2021092602,898,0,BAL,DET,C,pass_forward,0.1048,0.1171,0.139,2.2,3.2401,0.0219,Lamar Jackson
2021092602,941,0,BAL,DET,R,run,0.3669,0.3478,0.3764,3.8,1.4047,0.0285,Lamar Jackson
2021092602,981,0,DET,BAL,I,pass_forward,0.3113,0.3093,0.1698,4.5,2.4035,-0.1395,Jared Goff
2021092602,1058,0,DET,BAL,R,run,0.3624,0.46,0.5904,4.4,0.9729,0.1304,Jared Goff
2021092602,1152,0,BAL,DET,I,pass_forward,0.3927,0.3208,0.4855,3.8,4.4876,0.1646,Lamar Jackson
2021092602,1174,1,BAL,DET,C,pass_forward,0.3298,0.3802,0.2656,3.0,2.6717,-0.1146,Lamar Jackson
2021092602,1224,0,BAL,DET,I,pass_forward,0.2105,0.2579,0.3775,4.1,5.5242,0.1196,Lamar Jackson
2021092602,1246,0,BAL,DET,R,run,0.3192,0.3346,0.2782,3.8,2.5844,-0.0565,Lamar Jackson
2021092602,1301,0,DET,BAL,C,pass_forward,0.3318,0.3137,0.3294,2.0,3.5893,0.0157,Jared Goff
2021092602,1384,0,DET,BAL,I,pass_forward,0.3164,0.3852,0.5338,3.2,2.2177,0.1486,Jared Goff
2021092602,1427,0,DET,BAL,S,qb_sack,0.3903,0.4584,0.0847,3.7,0.3479,-0.3737,Jared Goff
2021092602,1596,1,BAL,DET,C,pass_forward,0.2958,0.3346,0.5045,4.1,2.4948,0.17,Lamar Jackson
2021092602,1658,0,BAL,DET,S,qb_sack,0.1533,0.1769,0.0819,4.7,0.722,-0.095,Lamar Jackson
2021092602,1677,0,BAL,DET,I,pass_forward,0.0558,0.0285,0.0156,7.7,1.584,-0.0129,Lamar Jackson
2021092602,1699,1,BAL,DET,C,pass_forward,0.0494,0.0275,0.0324,3.1,1.6448,0.0049,Lamar Jackson
2021092602,1755,0,DET,BAL,C,pass_forward,0.2808,0.293,0.2622,2.1,4.6747,-0.0307,Jared Goff
2021092602,1800,0,DET,BAL,C,pass_forward,0.4687,0.5407,0.5416,2.0,3.2092,0.0009,Jared Goff
2021092602,1941,0,BAL,DET,I,pass_forward,0.2433,0.2696,0.2835,2.9,2.8017,0.0139,Lamar Jackson
2021092602,1975,1,BAL,DET,C,pass_forward,0.2433,0.2423,0.2471,6.6,1.5403,0.0048,Lamar Jackson
2021092602,2004,0,BAL,DET,I,pass_forward,0.2624,0.3332,0.194,4.4,1.6024,-0.1392,Lamar Jackson
2021092602,2030,0,BAL,DET,C,pass_forward,0.3083,0.3596,0.3445,3.1,2.1374,-0.0151,Lamar Jackson
2021092602,2135,1,DET,BAL,C,pass_forward,0.3371,0.3625,0.3372,2.8,3.0432,-0.0253,Jared Goff
2021092602,2164,1,DET,BAL,C,pass_forward,0.2886,0.1938,0.2552,3.7,3.9635,0.0615,Jared Goff
2021092602,2205,0,DET,BAL,I,pass_forward,0.2807,0.3496,0.21,6.4,0.4342,-0.1396,Jared Goff
2021092602,2305,0,BAL,DET,C,pass_forward,0.4252,0.2335,0.1326,7.4,1.0504,-0.1009,Lamar Jackson
2021092602,2361,1,BAL,DET,C,pass_forward,0.3588,0.4139,0.4514,4.0,1.6533,0.0375,Lamar Jackson
2021092602,2390,0,BAL,DET,I,pass_forward,0.3117,0.3418,0.3429,2.7,3.6181,0.0012,Lamar Jackson
2021092602,2433,0,BAL,DET,I,pass_forward,0.3838,0.2987,0.3643,3.6,0.858,0.0656,Lamar Jackson
2021092602,2501,0,DET,BAL,C,pass_forward,0.2659,0.2979,0.3266,2.7,1.6866,0.0287,Jared Goff
2021092602,2525,1,DET,BAL,C,pass_forward,0.437,0.4522,0.5128,1.9,4.6005,0.0606,Jared Goff
2021092602,2570,0,DET,BAL,C,pass_forward,0.2736,0.2906,0.31,2.9,2.0518,0.0194,Jared Goff
2021092602,2615,1,DET,BAL,C,pass_forward,0.2705,0.3725,0.3474,2.9,1.6844,-0.0251,Jared Goff
2021092602,2639,1,DET,BAL,C,pass_forward,0.2908,0.2813,0.2231,2.6,2.4137,-0.0583,Jared Goff
2021092602,2699,1,DET,BAL,C,pass_forward,0.2397,0.2284,0.3252,2.3,4.3212,0.0968,Jared Goff
2021092602,2805,0,BAL,DET,C,pass_forward,0.3677,0.3152,0.4412,3.0,3.6927,0.1261,Lamar Jackson
2021092602,2850,0,BAL,DET,R,run,0.3606,0.3136,0.2956,4.7,1.3857,-0.0181,Lamar Jackson
2021092602,2918,1,BAL,DET,C,pass_forward,0.4756,0.5817,0.6249,3.0,3.7624,0.0432,Lamar Jackson
2021092602,2942,0,BAL,DET,I,pass_forward,0.2477,0.2785,0.5638,2.7,2.3375,0.2852,Lamar Jackson
2021092602,2980,0,BAL,DET,C,pass_forward,0.3434,0.2653,0.2662,4.3,2.1869,0.0009,Lamar Jackson
2021092602,3009,0,BAL,DET,I,pass_forward,0.5883,0.5517,0.0901,8.0,1.0735,-0.4616,Lamar Jackson
2021092602,3166,0,DET,BAL,I,pass_forward,0.4716,0.4985,0.3406,5.1,2.7405,-0.1578,Jared Goff
2021092602,3192,1,DET,BAL,C,pass_forward,0.4275,0.4783,0.3088,2.3,1.1216,-0.1695,Jared Goff
2021092602,3343,1,DET,BAL,C,pass_forward,0.4188,0.3328,0.28,1.9,4.3461,-0.0528,Jared Goff
2021092602,3495,1,BAL,DET,C,pass_forward,0.2969,0.1757,0.2769,3.9,2.7412,0.1011,Lamar Jackson
2021092602,3561,0,BAL,DET,S,qb_sack,0.4402,0.4639,0.125,4.2,0.3126,-0.3389,Lamar Jackson
2021092602,3580,0,BAL,DET,IN,pass_forward,0.3749,0.3131,0.2387,4.4,2.1822,-0.0743,Lamar Jackson
2021092602,3606,1,DET,BAL,C,pass_forward,0.3295,0.3097,0.1461,3.4,2.3146,-0.1637,Jared Goff
2021092602,3651,1,DET,BAL,C,pass_forward,0.3656,0.3005,0.3423,2.7,1.836,0.0418,Jared Goff
2021092602,3926,0,BAL,DET,S,qb_sack,0.3772,0.31,0.0228,4.6,0.4201,-0.2872,Lamar Jackson
2021092602,3945,0,BAL,DET,I,pass_forward,0.2067,0.1867,0.1253,2.7,1.4103,-0.0614,Lamar Jackson
2021092602,3967,0,BAL,DET,S,qb_sack,0.2199,0.2867,0.061,8.8,0.253,-0.2257,Lamar Jackson
2021092602,4003,1,BAL,DET,C,pass_forward,0.0938,0.0825,0.1592,5.1,3.7211,0.0767,Lamar Jackson
2021092602,4058,0,BAL,DET,I,pass_forward,0.2912,0.3526,0.3824,1.9,4.9145,0.0298,Lamar Jackson
2021092603,76,0,JAX,ARI,C,pass_forward,0.3391,0.3323,0.3868,2.2,2.8717,0.0545,Trevor Lawrence
2021092603,100,0,JAX,ARI,I,pass_forward,0.5236,0.5184,0.6177,2.7,2.3686,0.0994,Trevor Lawrence
2021092603,223,0,ARI,JAX,C,pass_forward,0.353,0.3685,0.3951,2.1,3.726,0.0266,Kyler Murray
2021092603,244,0,ARI,JAX,I,pass_forward,0.7115,0.8158,0.868,2.4,3.8882,0.0521,Kyler Murray
2021092603,339,0,JAX,ARI,C,pass_forward,0.515,0.5266,0.5816,3.1,2.77,0.055,Trevor Lawrence
2021092603,389,0,ARI,JAX,C,pass_forward,0.34,0.288,0.4214,2.5,2.533,0.1335,Kyler Murray
2021092603,413,1,ARI,JAX,C,pass_forward,0.5419,0.6116,0.6962,1.7,4.3792,0.0846,Kyler Murray
2021092603,437,1,ARI,JAX,C,pass_forward,0.2914,0.2911,0.5342,2.3,4.7183,0.2432,Kyler Murray
2021092603,580,0,JAX,ARI,I,pass_forward,0.2615,0.3085,0.4165,2.9,1.7465,0.1079,Trevor Lawrence
2021092603,602,0,JAX,ARI,C,pass_forward,0.2486,0.2701,0.1971,2.5,2.1576,-0.073,Trevor Lawrence
2021092603,647,1,JAX,ARI,C,pass_forward,0.2967,0.3214,0.3046,3.7,1.2996,-0.0167,Trevor Lawrence
2021092603,719,0,JAX,ARI,I,pass_forward,0.5027,0.4808,0.2105,2.4,1.2928,-0.2702,Trevor Lawrence
2021092603,781,0,ARI,JAX,C,pass_forward,0.2389,0.1012,0.0946,2.8,1.4459,-0.0066,Kyler Murray
2021092603,889,1,JAX,ARI,C,pass_forward,0.4186,0.4318,0.3085,2.9,4.9306,-0.1233,Trevor Lawrence
2021092603,953,1,JAX,ARI,C,pass_forward,0.2298,0.2264,0.3463,2.9,4.4395,0.1199,Trevor Lawrence
2021092603,1029,0,JAX,ARI,IN,pass_forward,0.3412,0.3451,0.1056,2.8,0.9351,-0.2395,Trevor Lawrence
2021092603,1055,0,ARI,JAX,R,run,0.4072,0.3195,0.3717,4.1,1.0531,0.0522,Kyler Murray
2021092603,1143,0,ARI,JAX,C,pass_forward,0.0636,0.0758,0.1077,3.1,2.8906,0.032,Kyler Murray
2021092603,1167,0,ARI,JAX,C,pass_forward,0.1409,0.1801,0.3395,3.0,4.065,0.1594,Kyler Murray
2021092603,1191,0,ARI,JAX,I,pass_forward,0.4828,0.5028,0.1719,3.2,1.8827,-0.3308,Kyler Murray
2021092603,1302,0,JAX,ARI,R,run,0.4435,0.4565,0.5134,4.0,1.8704,0.0569,Trevor Lawrence
2021092603,1396,1,ARI,JAX,C,pass_forward,0.3449,0.2477,0.3505,3.4,4.0072,0.1027,Kyler Murray
2021092603,1600,0,JAX,ARI,C,pass_forward,0.3322,0.2953,0.1897,3.0,1.3801,-0.1055,Trevor Lawrence
2021092603,1735,0,JAX,ARI,C,pass_forward,0.1357,0.1808,0.1041,2.6,1.4534,-0.0768,Trevor Lawrence
2021092603,1759,1,JAX,ARI,C,pass_forward,0.5554,0.5682,0.5496,3.3,1.6978,-0.0186,Trevor Lawrence
2021092603,1800,0,JAX,ARI,C,pass_forward,0.2779,0.2314,0.391,2.2,3.1627,0.1596,Trevor Lawrence
2021092603,1824,1,JAX,ARI,C,pass_forward,0.3074,0.4128,0.3835,3.0,1.7664,-0.0294,Trevor Lawrence
2021092603,1875,0,ARI,JAX,R,run,0.413,0.2886,0.324,3.0,2.2027,0.0354,Kyler Murray
2021092603,1934,1,ARI,JAX,C,pass_forward,0.3116,0.2921,0.5113,3.6,2.1539,0.2192,Kyler Murray
2021092603,2046,0,ARI,JAX,C,pass_forward,0.2619,0.2805,0.251,1.7,3.8939,-0.0295,Kyler Murray
2021092603,2147,0,ARI,JAX,IN,pass_forward,0.281,0.228,0.3422,3.2,2.2299,0.1143,Kyler Murray
2021092603,2221,0,JAX,ARI,I,pass_forward,0.543,0.5839,0.5879,2.1,2.6946,0.004,Trevor Lawrence
2021092603,2262,0,ARI,JAX,R,run,0.3352,0.39,0.1853,4.5,1.1456,-0.2047,Kyler Murray
2021092603,2283,1,ARI,JAX,C,pass_forward,0.4132,0.4663,0.6331,3.1,5.3888,0.1668,Kyler Murray
2021092603,2307,0,ARI,JAX,C,pass_forward,0.2715,0.3857,0.4635,3.8,3.9181,0.0778,Kyler Murray
2021092603,2410,0,ARI,JAX,I,pass_forward,0.5531,0.5844,0.6406,2.1,3.9176,0.0562,Kyler Murray
2021092603,2432,1,ARI,JAX,C,pass_forward,0.5405,0.552,0.248,5.4,2.1523,-0.304,Kyler Murray
2021092603,2456,0,ARI,JAX,I,pass_forward,0.2947,0.3034,0.4254,3.0,4.9364,0.1221,Kyler Murray
2021092603,2478,0,ARI,JAX,I,pass_forward,0.2972,0.3253,0.2552,2.1,3.8615,-0.0701,Kyler Murray
2021092603,2506,0,ARI,JAX,C,pass_forward,0.3236,0.3396,0.4134,3.3,3.032,0.0738,Kyler Murray
2021092603,2845,1,ARI,JAX,C,pass_forward,0.3132,0.3572,0.5275,2.8,4.7242,0.1702,Kyler Murray
2021092603,3104,0,JAX,ARI,R,run,0.1304,0.09,0.1804,5.9,2.351,0.0904,Trevor Lawrence
2021092603,3164,1,ARI,JAX,C,pass_forward,0.2971,0.3081,0.5043,3.5,3.9802,0.1963,Kyler Murray
2021092603,3209,0,ARI,JAX,C,pass_forward,0.2977,0.2502,0.4044,3.0,1.6411,0.1542,Kyler Murray
2021092603,3233,1,ARI,JAX,C,pass_forward,0.4319,0.4107,0.4596,3.4,1.8835,0.049,Kyler Murray
2021092603,3327,0,ARI,JAX,C,pass_forward,0.4719,0.353,0.4732,1.9,3.2202,0.1202,Kyler Murray
2021092603,3457,1,JAX,ARI,C,pass_forward,0.3049,0.3367,0.3946,2.6,2.5544,0.0579,Trevor Lawrence
2021092603,3481,0,JAX,ARI,S,qb_sack,0.2526,0.2114,0.0419,3.7,0.4123,-0.1694,Trevor Lawrence
2021092603,3500,0,JAX,ARI,C,pass_forward,0.1454,0.1701,0.2688,5.5,1.8102,0.0987,Trevor Lawrence
2021092603,3582,1,JAX,ARI,C,pass_forward,0.2706,0.2564,0.3841,2.3,3.227,0.1277,Trevor Lawrence
2021092603,3606,0,JAX,ARI,C,pass_forward,0.2729,0.1745,0.2513,3.3,2.1557,0.0768,Trevor Lawrence
2021092603,3732,1,ARI,JAX,C,pass_forward,0.4442,0.3859,0.1061,4.7,0.9354,-0.2798,Kyler Murray
2021092603,3997,1,JAX,ARI,C,pass_forward,0.2967,0.3248,0.3908,1.8,3.4849,0.066,Trevor Lawrence
2021092603,4045,1,JAX,ARI,C,pass_forward,0.2619,0.2818,0.3733,2.9,2.4763,0.0915,Trevor Lawrence
2021092603,4070,0,JAX,ARI,I,pass_forward,0.2811,0.2432,0.3629,2.2,3.4036,0.1197,Trevor Lawrence
2021092603,4116,0,JAX,ARI,I,pass_forward,0.5624,0.5458,0.4988,5.7,0.9985,-0.047,Trevor Lawrence
2021092603,4138,1,JAX,ARI,C,pass_forward,0.5519,0.5203,0.1881,4.7,1.1942,-0.3322,Trevor Lawrence
2021092603,4162,0,JAX,ARI,C,pass_forward,0.1216,0.1099,0.157,3.4,1.314,0.0471,Trevor Lawrence
2021092603,4186,0,JAX,ARI,S,qb_strip_sack,0.3428,0.4826,0.0381,3.1,0.1414,-0.4445,Trevor Lawrence
2021092604,100,0,LAC,KC,C,pass_forward,0.3253,0.3781,0.3814,2.0,3.6602,0.0033,Justin Herbert
2021092604,210,0,KC,LAC,I,pass_forward,0.3144,0.4275,0.5845,3.6,1.6476,0.157,Patrick Mahomes
2021092604,232,1,KC,LAC,R,run,0.3016,0.3475,0.2881,5.1,3.6123,-0.0594,Patrick Mahomes
2021092604,304,1,KC,LAC,R,run,0.2925,0.2516,0.3527,3.5,5.4388,0.1011,Patrick Mahomes
2021092604,330,0,KC,LAC,C,pass_forward,0.3545,0.2415,0.3019,1.9,4.6991,0.0604,Patrick Mahomes
2021092604,399,0,KC,LAC,IN,pass_forward,0.3657,0.414,0.5028,4.2,1.941,0.0888,Patrick Mahomes
2021092604,425,0,LAC,KC,C,pass_forward,0.2495,0.089,0.1408,2.0,2.4961,0.0518,Justin Herbert
2021092604,492,1,LAC,KC,C,pass_forward,0.6075,0.6892,0.6404,1.9,4.3817,-0.0488,Justin Herbert
2021092604,521,0,LAC,KC,I,pass_forward,0.3364,0.3402,0.2823,3.0,2.4852,-0.0579,Justin Herbert
2021092604,564,0,LAC,KC,R,run,0.2844,0.3217,0.2637,3.4,1.0141,-0.058,Justin Herbert
2021092604,673,0,KC,LAC,C,pass_forward,0.3568,0.3319,0.1411,4.2,1.0124,-0.1909,Patrick Mahomes
2021092604,737,0,KC,LAC,C,pass_forward,0.2464,0.1947,0.219,2.4,3.523,0.0243,Patrick Mahomes
2021092604,788,0,LAC,KC,C,pass_forward,0.4081,0.3476,0.405,3.6,1.9266,0.0574,Justin Herbert
2021092604,854,0,LAC,KC,I,pass_forward,0.4037,0.2803,0.2921,2.9,3.191,0.0118,Justin Herbert
2021092604,876,1,LAC,KC,C,pass_forward,0.3593,0.3131,0.2517,1.9,2.6878,-0.0614,Justin Herbert
2021092604,940,1,LAC,KC,C,pass_forward,0.5194,0.4008,0.5184,4.1,2.1132,0.1176,Justin Herbert
2021092604,985,1,LAC,KC,C,pass_forward,0.6016,0.5683,0.6042,2.6,1.9593,0.036,Justin Herbert
2021092604,1125,1,KC,LAC,C,pass_forward,0.5049,0.5392,0.556,2.0,3.6451,0.0168,Patrick Mahomes
2021092604,1236,0,LAC,KC,C,pass_forward,0.2983,0.3137,0.2922,2.0,3.4005,-0.0215,Justin Herbert
2021092604,1260,1,LAC,KC,C,pass_forward,0.6255,0.6791,0.7354,3.1,1.9242,0.0563,Justin Herbert
2021092604,1305,1,LAC,KC,C,pass_forward,0.1541,0.2136,0.1776,2.6,3.6081,-0.036,Justin Herbert
2021092604,1411,0,KC,LAC,S,qb_sack,0.3313,0.3872,0.0144,4.4,0.392,-0.3728,Patrick Mahomes
2021092604,1460,0,LAC,KC,C,pass_forward,0.3794,0.3032,0.5306,3.4,1.713,0.2273,Justin Herbert
2021092604,1484,1,LAC,KC,C,pass_forward,0.4851,0.5002,0.4735,3.0,2.0756,-0.0267,Justin Herbert
2021092604,1529,0,LAC,KC,C,pass_forward,0.1539,0.3096,0.2253,1.9,3.6154,-0.0843,Justin Herbert
2021092604,1553,0,LAC,KC,I,pass_forward,0.5345,0.6077,0.5806,8.1,1.3059,-0.0271,Justin Herbert
2021092604,1629,0,KC,LAC,C,pass_forward,0.2929,0.2558,0.2693,2.7,2.1667,0.0135,Patrick Mahomes
2021092604,1653,0,KC,LAC,I,pass_forward,0.4946,0.5181,0.3613,3.8,2.216,-0.1568,Patrick Mahomes
2021092604,1675,1,KC,LAC,C,pass_forward,0.4136,0.4323,0.4412,3.1,3.2048,0.0089,Patrick Mahomes
2021092604,1716,1,KC,LAC,C,pass_forward,0.2131,0.3364,0.3299,2.9,2.1586,-0.0064,Patrick Mahomes
2021092604,1740,0,KC,LAC,I,pass_forward,0.1758,0.3928,0.4585,3.3,1.853,0.0656,Patrick Mahomes
2021092604,1762,0,KC,LAC,C,pass_forward,0.1541,0.451,0.4466,2.0,4.2375,-0.0045,Patrick Mahomes
2021092604,1847,0,KC,LAC,I,pass_forward,0.1773,0.1412,0.1001,4.3,1.55,-0.0412,Patrick Mahomes
2021092604,1869,0,KC,LAC,I,pass_forward,0.1542,0.1449,0.194,4.0,1.4524,0.0491,Patrick Mahomes
2021092604,2045,1,KC,LAC,C,pass_forward,0.2945,0.3009,0.4775,3.1,2.2615,0.1767,Patrick Mahomes
2021092604,2090,0,KC,LAC,I,pass_forward,0.2665,0.314,0.3515,3.0,1.4988,0.0375,Patrick Mahomes
2021092604,2133,1,KC,LAC,C,pass_forward,0.3581,0.4168,0.4118,2.4,2.605,-0.0051,Patrick Mahomes
2021092604,2157,0,KC,LAC,C,pass_forward,0.2767,0.2183,0.3743,2.8,1.9,0.1559,Patrick Mahomes
2021092604,2284,0,KC,LAC,I,pass_forward,0.2482,0.2239,0.1768,5.0,1.6323,-0.0471,Patrick Mahomes
2021092604,2409,0,LAC,KC,S,qb_sack,0.5323,0.5697,0.0331,6.5,0.2828,-0.5366,Justin Herbert
2021092604,2428,0,LAC,KC,I,pass_forward,0.224,0.3466,0.1346,7.0,1.7388,-0.212,Justin Herbert
2021092604,2496,1,KC,LAC,C,pass_forward,0.4149,0.397,0.4194,2.4,2.0946,0.0224,Patrick Mahomes
2021092604,2564,1,KC,LAC,C,pass_forward,0.3033,0.2749,0.4208,4.4,1.1896,0.1458,Patrick Mahomes
2021092604,2657,0,KC,LAC,C,pass_forward,0.0946,0.0581,0.0976,4.3,2.5877,0.0395,Patrick Mahomes
2021092604,2702,0,KC,LAC,I,pass_forward,0.303,0.2787,0.1705,2.6,1.1389,-0.1082,Patrick Mahomes
2021092604,2857,1,LAC,KC,C,pass_forward,0.7504,0.7926,0.8171,2.9,1.4375,0.0244,Justin Herbert
2021092604,2881,0,LAC,KC,I,pass_forward,0.3343,0.2835,0.2554,2.5,1.8777,-0.0281,Justin Herbert
2021092604,2914,1,LAC,KC,C,pass_forward,0.3166,0.269,0.2291,1.7,3.7304,-0.0399,Justin Herbert
2021092604,2959,0,LAC,KC,C,pass_forward,0.3935,0.3575,0.4269,2.6,2.5933,0.0694,Justin Herbert
2021092604,2983,0,LAC,KC,C,pass_forward,0.6609,0.6142,0.482,1.5,3.2421,-0.1322,Justin Herbert
2021092604,3026,1,LAC,KC,C,pass_forward,0.5438,0.4969,0.1304,2.8,0.8713,-0.3665,Justin Herbert
2021092604,3071,1,LAC,KC,C,pass_forward,0.2191,0.2566,0.133,2.3,1.9185,-0.1236,Justin Herbert
2021092604,3134,0,KC,LAC,C,pass_forward,0.4142,0.299,0.1692,3.1,2.3982,-0.1298,Patrick Mahomes
2021092604,3206,1,KC,LAC,C,pass_forward,0.5712,0.5904,0.4892,2.2,2.9296,-0.1012,Patrick Mahomes
2021092604,3344,1,KC,LAC,C,pass_forward,0.1573,0.2658,0.1952,2.5,3.3266,-0.0705,Patrick Mahomes
2021092604,3368,0,KC,LAC,R,run,0.3052,0.3445,0.1248,6.0,2.3309,-0.2197,Patrick Mahomes
2021092604,3588,0,LAC,KC,I,pass_forward,0.188,0.1813,0.1802,1.8,3.5041,-0.0012,Justin Herbert
2021092604,3610,0,LAC,KC,R,run,0.2003,0.1438,0.1926,3.9,1.6697,0.0489,Justin Herbert
2021092604,3733,0,LAC,KC,I,pass_forward,0.4413,0.3153,0.1863,4.0,1.65,-0.1291,Justin Herbert
2021092604,3755,0,LAC,KC,I,pass_forward,0.3624,0.4148,0.088,4.8,0.5991,-0.3268,Justin Herbert
2021092604,3849,0,KC,LAC,I,pass_forward,0.3865,0.3981,0.2956,2.8,1.6179,-0.1024,Patrick Mahomes
2021092604,3871,0,KC,LAC,IN,pass_forward,0.3547,0.371,0.297,6.5,2.2238,-0.074,Patrick Mahomes
2021092604,3897,0,LAC,KC,I,pass_forward,0.2866,0.2291,0.3216,2.1,4.1003,0.0925,Justin Herbert
2021092604,3940,1,LAC,KC,C,pass_forward,0.6015,0.5792,0.6232,2.0,3.7632,0.044,Justin Herbert
2021092604,3981,0,LAC,KC,C,pass_forward,0.2879,0.2743,0.2306,1.7,3.4628,-0.0437,Justin Herbert
2021092604,4022,0,LAC,KC,I,pass_forward,0.647,0.5275,0.6408,1.7,2.6025,0.1133,Justin Herbert
2021092604,4044,0,LAC,KC,I,pass_forward,0.6694,0.4838,0.3549,1.8,1.6237,-0.1289,Justin Herbert
2021092604,4145,1,LAC,KC,C,pass_forward,0.2639,0.2393,0.2342,1.9,3.7764,-0.005,Justin Herbert
2021092604,4231,0,KC,LAC,I,pass_forward,0.3497,0.3004,0.1339,4.1,1.0108,-0.1665,Patrick Mahomes
2021092604,4253,1,KC,LAC,R,run,0.3502,0.2717,0.3212,5.6,1.3939,0.0494,Patrick Mahomes
2021092604,4285,0,KC,LAC,I,pass_forward,0.2928,0.2713,0.1941,2.9,1.4412,-0.0773,Patrick Mahomes
2021092604,4307,0,KC,LAC,I,pass_forward,0.2933,0.2501,0.1587,3.0,1.144,-0.0914,Patrick Mahomes
2021092604,4355,0,KC,LAC,I,pass_forward,0.2867,0.2619,0.1777,5.7,0.9969,-0.0842,Patrick Mahomes
2021092605,100,0,NO,NE,I,pass_forward,0.2843,0.3585,0.3851,2.7,2.492,0.0266,Jameis Winston
2021092605,180,0,NE,NO,I,pass_forward,0.5169,0.6465,0.7272,2.5,2.4976,0.0807,Mac Jones
2021092605,202,0,NE,NO,I,pass_forward,0.5176,0.6802,0.4155,2.5,2.0835,-0.2647,Mac Jones
2021092605,342,1,NO,NE,C,pass_forward,0.3569,0.3616,0.4497,3.5,3.3365,0.0881,Jameis Winston
2021092605,366,1,NO,NE,C,pass_forward,0.4009,0.2846,0.3416,4.1,2.3693,0.057,Jameis Winston
2021092605,436,0,NO,NE,I,pass_forward,0.303,0.2217,0.2486,2.0,4.1003,0.0269,Jameis Winston
2021092605,481,1,NO,NE,C,pass_forward,0.4158,0.4035,0.4012,2.3,2.7531,-0.0024,Jameis Winston
2021092605,537,0,NE,NO,S,qb_sack,0.3089,0.5125,0.0445,3.7,0.461,-0.4681,Mac Jones
2021092605,580,0,NE,NO,C,pass_forward,0.1608,0.1413,0.2621,3.9,2.4629,0.1208,Mac Jones
2021092605,668,1,NO,NE,C,pass_forward,0.3028,0.3919,0.3524,3.1,1.841,-0.0395,Jameis Winston
2021092605,718,0,NO,NE,C,pass_forward,0.4422,0.4812,0.3771,3.5,1.8634,-0.1041,Jameis Winston
2021092605,771,0,NO,NE,C,pass_forward,0.3513,0.2395,0.2041,3.8,1.3816,-0.0355,Jameis Winston
2021092605,795,0,NO,NE,I,pass_forward,0.4138,0.4399,0.4362,4.7,2.3768,-0.0037,Jameis Winston
2021092605,940,0,NE,NO,C,pass_forward,0.1575,0.0964,0.101,2.2,2.5554,0.0045,Mac Jones
2021092605,964,0,NE,NO,I,pass_forward,0.3997,0.4998,0.2377,3.6,1.2594,-0.2621,Mac Jones
2021092605,1026,0,NO,NE,I,pass_forward,0.3584,0.3929,0.4606,4.1,2.4703,0.0676,Jameis Winston
2021092605,1069,0,NO,NE,R,run,0.3056,0.4532,0.2627,4.6,0.4948,-0.1905,Jameis Winston
2021092605,1192,0,NE,NO,I,pass_forward,0.3725,0.2677,0.0922,2.6,0.9481,-0.1755,Mac Jones
2021092605,1220,0,NE,NO,C,pass_forward,0.2084,0.2674,0.3126,3.3,1.7511,0.0452,Mac Jones
2021092605,1244,1,NE,NO,C,pass_forward,0.3509,0.3675,0.4565,2.5,2.0961,0.089,Mac Jones
2021092605,1273,0,NE,NO,I,pass_forward,0.4133,0.3223,0.1945,3.9,1.6786,-0.1278,Mac Jones
2021092605,1307,0,NE,NO,I,pass_forward,0.353,0.3504,0.3218,2.3,3.0579,-0.0287,Mac Jones
2021092605,1329,0,NE,NO,C,pass_forward,0.3189,0.2951,0.2453,4.0,1.5021,-0.0497,Mac Jones
2021092605,1443,1,NO,NE,C,pass_forward,0.3622,0.4094,0.4578,2.4,2.6982,0.0484,Jameis Winston
2021092605,1493,0,NO,NE,S,qb_sack,0.5043,0.6764,0.1765,3.7,0.2625,-0.4999,Jameis Winston
2021092605,1580,1,NE,NO,C,pass_forward,0.4292,0.3529,0.503,4.0,3.3693,0.1501,Mac Jones
2021092605,1604,0,NE,NO,I,pass_forward,0.3791,0.2546,0.2137,3.8,1.5562,-0.0408,Mac Jones
2021092605,1626,0,NE,NO,I,pass_forward,0.3267,0.4627,0.2254,2.8,1.423,-0.2372,Mac Jones
2021092605,1648,0,NE,NO,IN,pass_forward,0.3315,0.4016,0.0368,2.9,0.6888,-0.3648,Mac Jones
2021092605,1784,0,NO,NE,S,run,0.4058,0.5615,0.0804,3.4,0.9209,-0.481,Jameis Winston
2021092605,1820,1,NO,NE,C,pass_forward,0.2181,0.3875,0.0526,4.0,0.0721,-0.335,Jameis Winston
2021092605,1887,1,NE,NO,C,pass_forward,0.2163,0.2766,0.2773,1.8,3.6646,0.0007,Mac Jones
2021092605,1940,0,NE,NO,R,run,0.2856,0.2718,0.3013,3.0,1.9091,0.0295,Mac Jones
2021092605,1978,0,NE,NO,C,pass_forward,0.3566,0.3856,0.3174,1.6,3.4531,-0.0682,Mac Jones
2021092605,2164,0,NE,NO,IN,pass_forward,0.3626,0.3397,0.4255,2.5,2.2246,0.0858,Mac Jones
2021092605,2243,0,NE,NO,C,pass_forward,0.3307,0.3856,0.3641,2.0,2.1889,-0.0215,Mac Jones
2021092605,2381,0,NO,NE,I,pass_forward,0.2912,0.4023,0.2945,8.3,1.4803,-0.1078,Jameis Winston
2021092605,2414,0,NO,NE,C,pass_forward,0.2049,0.2781,0.3131,2.9,4.4704,0.035,Jameis Winston
2021092605,2526,0,NE,NO,C,pass_forward,0.1183,0.0311,0.0394,2.7,1.6601,0.0083,Mac Jones
2021092605,2550,0,NE,NO,C,pass_forward,0.2674,0.4001,0.4759,1.8,4.1934,0.0758,Mac Jones
2021092605,2574,1,NE,NO,C,pass_forward,0.5446,0.5702,0.6081,3.6,4.0519,0.0379,Mac Jones
2021092605,2619,0,NE,NO,C,pass_forward,0.4354,0.3831,0.5046,2.6,3.6242,0.1215,Mac Jones
2021092605,2668,0,NE,NO,I,pass_forward,0.2925,0.3261,0.2909,3.0,2.2454,-0.0353,Mac Jones
2021092605,2690,0,NE,NO,C,pass_forward,0.2805,0.2491,0.2713,2.5,2.1262,0.0222,Mac Jones
2021092605,2735,0,NE,NO,C,pass_forward,0.2586,0.1964,0.1844,2.0,2.0377,-0.012,Mac Jones
2021092605,2759,0,NE,NO,C,pass_forward,0.4958,0.4752,0.4834,2.5,2.1997,0.0082,Mac Jones
2021092605,2783,1,NE,NO,C,pass_forward,0.6188,0.6217,0.5685,2.1,4.5795,-0.0532,Mac Jones
2021092605,2849,0,NE,NO,C,pass_forward,0.1334,0.148,0.2879,2.6,4.4961,0.14,Mac Jones
2021092605,2915,0,NO,NE,R,run,0.3406,0.4004,0.0782,6.6,0.8721,-0.3222,Jameis Winston
2021092605,2957,0,NO,NE,I,pass_forward,0.2144,0.2946,0.1946,4.5,0.461,-0.1,Jameis Winston
2021092605,3023,0,NE,NO,I,pass_forward,0.289,0.2612,0.4653,3.9,2.7699,0.2041,Mac Jones
2021092605,3045,1,NE,NO,C,pass_forward,0.2965,0.3664,0.3318,2.8,2.1719,-0.0346,Mac Jones
2021092605,3069,0,NE,NO,C,pass_forward,0.3525,0.2694,0.3823,2.8,3.5519,0.1129,Mac Jones
2021092605,3093,0,NE,NO,S,qb_sack,0.5162,0.5001,0.0384,5.3,0.5756,-0.4617,Mac Jones
2021092605,3112,0,NE,NO,R,run,0.1109,0.0245,0.0409,3.6,2.0024,0.0164,Mac Jones
2021092605,3197,0,NO,NE,S,run,0.2107,0.2158,0.0193,5.0,0.5187,-0.1965,Jameis Winston
2021092605,3241,0,NE,NO,I,pass_forward,0.3451,0.3115,0.3604,2.9,2.3882,0.0489,Mac Jones
2021092605,3296,1,NE,NO,R,run,0.4124,0.3327,0.3104,3.9,1.325,-0.0223,Mac Jones
2021092605,3317,1,NE,NO,C,pass_forward,0.3832,0.3963,0.1972,1.5,1.6711,-0.199,Mac Jones
2021092605,3373,0,NO,NE,I,pass_forward,0.3814,0.2305,0.2324,5.6,4.1689,0.002,Jameis Winston
2021092605,3435,1,NO,NE,C,pass_forward,0.3954,0.3819,0.4434,3.3,3.9579,0.0615,Jameis Winston
2021092605,3506,1,NO,NE,C,pass_forward,0.4827,0.4991,0.5586,2.5,3.2744,0.0595,Jameis Winston
2021092605,3684,1,NO,NE,R,run,0.4516,0.2886,0.2367,1.2,4.5379,-0.0519,Taysom Hill
2021092605,3769,0,NE,NO,C,pass_forward,0.3109,0.3012,0.1241,4.0,0.8793,-0.1771,Mac Jones
2021092605,3815,1,NE,NO,C,pass_forward,0.5151,0.6672,0.6823,1.7,4.2376,0.0151,Mac Jones
2021092605,3856,0,NE,NO,I,pass_forward,0.2718,0.3091,0.3818,3.0,2.5033,0.0728,Mac Jones
2021092605,3878,0,NE,NO,C,pass_forward,0.2768,0.3105,0.2878,1.8,3.5874,-0.0226,Mac Jones
2021092605,3907,0,NE,NO,C,pass_forward,0.4506,0.4417,0.3561,3.7,1.7477,-0.0855,Mac Jones
2021092605,3974,0,NE,NO,I,pass_forward,0.2765,0.2273,0.2981,4.1,4.4633,0.0708,Mac Jones
2021092605,4020,0,NE,NO,C,pass_forward,0.198,0.0734,0.1257,3.6,3.2986,0.0523,Mac Jones
2021092605,4061,1,NE,NO,C,pass_forward,0.5017,0.5164,0.4992,2.9,3.1308,-0.0172,Mac Jones
2021092605,4090,0,NE,NO,I,pass_forward,0.2235,0.2837,0.3351,4.3,2.2506,0.0515,Mac Jones
2021092605,4112,0,NE,NO,I,pass_forward,0.1495,0.1386,0.1156,3.7,1.4001,-0.023,Mac Jones
2021092605,4140,0,NE,NO,I,pass_forward,0.1495,0.1476,0.1955,3.9,1.14,0.0479,Mac Jones
2021092605,4162,0,NE,NO,IN,pass_forward,0.1351,0.2115,0.2727,3.0,2.3259,0.0612,Mac Jones
2021092606,76,0,ATL,NYG,C,pass_forward,0.3993,0.5466,0.568,3.6,2.5341,0.0215,Matt Ryan
2021092606,159,0,ATL,NYG,C,pass_forward,0.3157,0.3468,0.5706,3.6,2.25,0.2239,Matt Ryan
2021092606,232,1,NYG,ATL,C,pass_forward,0.2278,0.2671,0.4539,3.5,2.2876,0.1868,Daniel Jones
2021092606,293,0,NYG,ATL,R,run,0.0395,0.0764,0.0819,2.9,1.7535,0.0055,Daniel Jones
2021092606,319,0,NYG,ATL,C,pass_forward,0.1479,0.1818,0.1839,2.3,2.1845,0.0021,Daniel Jones
2021092606,343,1,NYG,ATL,C,pass_forward,0.559,0.5793,0.6123,2.7,2.2942,0.033,Daniel Jones
2021092606,414,1,NYG,ATL,R,run,0.4428,0.3672,0.2813,1.6,2.1839,-0.0859,Daniel Jones
2021092606,462,0,NYG,ATL,S,qb_sack,0.4474,0.3428,0.045,2.7,0.4111,-0.2977,Daniel Jones
2021092606,481,0,NYG,ATL,R,run,0.1042,0.0212,0.051,4.6,1.3895,0.0298,Daniel Jones
2021092606,551,1,ATL,NYG,C,pass_forward,0.2528,0.4176,0.6088,2.6,2.501,0.1911,Matt Ryan
2021092606,617,0,ATL,NYG,I,pass_forward,0.5267,0.6087,0.6302,2.9,2.0435,0.0216,Matt Ryan
2021092606,677,1,NYG,ATL,C,pass_forward,0.3037,0.3985,0.2888,3.5,1.4617,-0.1097,Daniel Jones
2021092606,727,0,NYG,ATL,C,pass_forward,0.1561,0.1278,0.2113,2.3,3.4294,0.0836,Daniel Jones
2021092606,751,0,NYG,ATL,I,pass_forward,0.4372,0.4883,0.5231,2.3,3.3797,0.0348,Daniel Jones
2021092606,814,0,ATL,NYG,I,pass_forward,0.3452,0.308,0.4149,3.0,3.0274,0.1069,Matt Ryan
2021092606,836,0,ATL,NYG,C,pass_forward,0.3554,0.3482,0.1083,4.9,1.1216,-0.2399,Matt Ryan
2021092606,860,0,ATL,NYG,C,pass_forward,0.4636,0.3597,0.397,2.9,2.4601,0.0373,Matt Ryan
2021092606,903,0,NYG,ATL,I,pass_forward,0.302,0.3133,0.2632,4.6,2.3531,-0.0501,Daniel Jones
2021092606,1017,1,NYG,ATL,C,pass_forward,0.3337,0.2811,0.2416,2.2,1.8028,-0.0395,Daniel Jones
2021092606,1041,1,NYG,ATL,C,pass_forward,0.3643,0.355,0.2603,3.6,2.064,-0.0947,Daniel Jones
2021092606,1086,0,NYG,ATL,I,pass_forward,0.444,0.4095,0.5111,2.9,3.3092,0.1017,Daniel Jones
2021092606,1108,1,NYG,ATL,C,pass_forward,0.4438,0.4251,0.3664,3.2,1.6568,-0.0587,Daniel Jones
2021092606,1271,0,NYG,ATL,C,pass_forward,0.0569,0.0222,0.0361,3.1,2.4483,0.0139,Daniel Jones
2021092606,1339,0,ATL,NYG,C,pass_forward,0.267,0.2304,0.2168,1.8,2.9443,-0.0136,Matt Ryan
2021092606,1405,0,ATL,NYG,I,pass_forward,0.4614,0.3058,0.377,3.1,2.2306,0.0712,Matt Ryan
2021092606,1427,1,ATL,NYG,C,pass_forward,0.3405,0.3301,0.4418,2.7,2.5457,0.1117,Matt Ryan
2021092606,1488,0,ATL,NYG,C,pass_forward,0.0618,0.0279,0.0172,2.8,2.7694,-0.0107,Matt Ryan
2021092606,1512,0,ATL,NYG,C,pass_forward,0.1026,0.0622,0.0755,2.3,3.1132,0.0132,Matt Ryan
2021092606,1536,0,ATL,NYG,I,pass_forward,0.2608,0.4089,0.2704,5.6,2.6866,-0.1385,Matt Ryan
2021092606,1653,0,NYG,ATL,I,pass_forward,0.2289,0.1368,0.2506,3.0,2.4463,0.1137,Daniel Jones
2021092606,1736,0,NYG,ATL,I,pass_forward,0.2336,0.2432,0.2644,3.0,2.1801,0.0213,Daniel Jones
2021092606,1838,1,ATL,NYG,C,pass_forward,0.4731,0.3936,0.4505,2.0,2.915,0.0569,Matt Ryan
2021092606,1867,1,ATL,NYG,C,pass_forward,0.2609,0.3077,0.4273,2.7,2.4896,0.1196,Matt Ryan
2021092606,1902,0,ATL,NYG,C,pass_forward,0.2632,0.4508,0.4942,3.0,2.3526,0.0434,Matt Ryan
2021092606,1931,0,ATL,NYG,I,pass_forward,0.3604,0.4023,0.341,2.3,2.3291,-0.0613,Matt Ryan
2021092606,1987,1,ATL,NYG,C,pass_forward,0.2862,0.3211,0.3682,3.1,1.8535,0.047,Matt Ryan
2021092606,2043,0,NYG,ATL,C,pass_forward,0.2932,0.2642,0.4032,2.8,3.3659,0.139,Daniel Jones
2021092606,2067,1,NYG,ATL,C,pass_forward,0.3084,0.2659,0.2287,2.4,1.8219,-0.0372,Daniel Jones
2021092606,2115,0,ATL,NYG,I,pass_forward,0.347,0.2248,0.2262,4.0,1.2732,0.0014,Matt Ryan
2021092606,2137,0,ATL,NYG,C,pass_forward,0.3336,0.3208,0.2153,3.6,0.6754,-0.1055,Matt Ryan
2021092606,2161,0,ATL,NYG,S,qb_strip_sack,0.1897,0.3309,0.1808,2.8,1.5991,-0.1501,Matt Ryan
2021092606,2314,1,NYG,ATL,C,pass_forward,0.4868,0.431,0.5381,2.8,1.4841,0.1072,Daniel Jones
2021092606,2338,1,NYG,ATL,C,pass_forward,0.2671,0.263,0.2112,2.8,1.5731,-0.0519,Daniel Jones
2021092606,2388,0,NYG,ATL,I,pass_forward,0.3002,0.3595,0.3305,6.3,0.9866,-0.029,Daniel Jones
2021092606,2423,0,NYG,ATL,R,run,0.3154,0.3404,0.1877,3.1,1.9126,-0.1527,Daniel Jones
2021092606,2469,0,ATL,NYG,S,qb_sack,0.3512,0.3745,0.0239,4.9,0.5099,-0.3506,Matt Ryan
2021092606,2488,0,ATL,NYG,I,pass_forward,0.0821,0.0751,0.0815,2.8,2.8674,0.0064,Matt Ryan
2021092606,2522,0,ATL,NYG,C,pass_forward,0.1172,0.0688,0.1085,2.5,2.4495,0.0397,Matt Ryan
2021092606,2622,0,NYG,ATL,C,pass_forward,0.1017,0.1283,0.1094,2.2,2.9608,-0.0189,Daniel Jones
2021092606,2688,0,NYG,ATL,I,pass_forward,0.3095,0.2275,0.3499,2.4,3.3617,0.1224,Daniel Jones
2021092606,2734,0,NYG,ATL,I,pass_forward,0.5649,0.5481,0.4926,2.6,2.1974,-0.0555,Daniel Jones
2021092606,2875,0,ATL,NYG,C,pass_forward,0.4574,0.4429,0.3866,4.2,2.3034,-0.0563,Matt Ryan
2021092606,2899,0,ATL,NYG,I,pass_forward,0.5769,0.5899,0.1408,2.8,1.2794,-0.4491,Matt Ryan
2021092606,2946,1,NYG,ATL,R,run,0.3264,0.2532,0.5447,2.6,2.3201,0.2915,Daniel Jones
2021092606,3036,1,NYG,ATL,C,pass_forward,0.472,0.4475,0.5136,2.1,2.9574,0.0661,Daniel Jones
2021092606,3121,1,NYG,ATL,C,pass_forward,0.4193,0.4408,0.4641,2.5,2.7812,0.0234,Daniel Jones
2021092606,3162,1,NYG,ATL,C,pass_forward,0.3428,0.3671,0.5444,3.3,2.2539,0.1773,Daniel Jones
2021092606,3298,0,ATL,NYG,C,pass_forward,0.5084,0.5541,0.4694,3.3,1.722,-0.0847,Matt Ryan
2021092606,3339,1,ATL,NYG,C,pass_forward,0.3756,0.3896,0.4184,2.4,2.6762,0.0288,Matt Ryan
2021092606,3384,1,ATL,NYG,C,pass_forward,0.3734,0.4616,0.4361,2.3,2.583,-0.0255,Matt Ryan
2021092606,3439,0,ATL,NYG,C,pass_forward,0.3567,0.4718,0.5275,4.9,2.4768,0.0557,Matt Ryan
2021092606,3468,1,ATL,NYG,C,pass_forward,0.5284,0.5356,0.5871,2.4,2.2825,0.0515,Matt Ryan
2021092606,3492,0,ATL,NYG,S,run,0.2387,0.2609,0.1643,3.5,1.4849,-0.0966,Matt Ryan
2021092606,3511,0,ATL,NYG,C,pass_forward,0.1371,0.0961,0.1109,2.0,3.0027,0.0148,Matt Ryan
2021092606,3564,0,ATL,NYG,C,pass_forward,0.3397,0.3948,0.4239,3.3,1.8612,0.029,Matt Ryan
2021092606,3588,0,ATL,NYG,I,pass_forward,0.3043,0.2252,0.2295,2.5,2.3648,0.0043,Matt Ryan
2021092606,3664,1,ATL,NYG,C,pass_forward,0.5104,0.684,0.605,1.9,2.2269,-0.0789,Matt Ryan
2021092606,3720,0,NYG,ATL,C,pass_forward,0.3421,0.3211,0.2332,2.1,1.7923,-0.0878,Daniel Jones
2021092606,3770,0,NYG,ATL,C,pass_forward,0.3132,0.2752,0.3581,2.6,3.3169,0.0829,Daniel Jones
2021092606,3848,0,NYG,ATL,I,pass_forward,0.3525,0.2802,0.3694,2.5,2.4839,0.0892,Daniel Jones
2021092606,3870,0,NYG,ATL,S,qb_strip_sack,0.3525,0.2907,0.2021,2.9,1.4209,-0.0886,Daniel Jones
2021092606,4022,1,ATL,NYG,C,pass_forward,0.3987,0.349,0.3987,2.8,2.1943,0.0497,Matt Ryan
2021092607,132,0,PIT,CIN,I,pass_forward,0.3391,0.4069,0.4244,2.2,2.39,0.0174,Ben Roethlisberger
2021092607,204,0,CIN,PIT,I,pass_forward,0.3632,0.4089,0.3828,3.2,1.7465,-0.0261,Joe Burrow
2021092607,533,0,CIN,PIT,IN,pass_forward,0.5096,0.5115,0.5588,2.7,2.7708,0.0473,Joe Burrow
2021092607,580,0,PIT,CIN,I,pass_forward,0.4318,0.3897,0.2762,2.9,3.1643,-0.1135,Ben Roethlisberger
2021092607,629,0,PIT,CIN,IN,pass_forward,0.2476,0.3919,0.0994,3.2,0.9024,-0.2925,Ben Roethlisberger
2021092607,697,1,CIN,PIT,C,pass_forward,0.4087,0.4415,0.4427,2.5,2.3712,0.0012,Joe Burrow
2021092607,765,0,CIN,PIT,C,pass_forward,0.3149,0.3117,0.3807,2.5,3.547,0.069,Joe Burrow
2021092607,789,1,CIN,PIT,C,pass_forward,0.535,0.5655,0.6737,2.5,3.0006,0.1082,Joe Burrow
2021092607,845,0,PIT,CIN,S,qb_sack,0.3768,0.3893,0.0418,5.9,0.114,-0.3475,Ben Roethlisberger
2021092607,962,0,PIT,CIN,C,pass_forward,0.2365,0.1886,0.202,2.9,1.8907,0.0135,Ben Roethlisberger
2021092607,1099,0,PIT,CIN,C,pass_forward,0.3478,0.3226,0.3595,2.3,2.16,0.037,Ben Roethlisberger
2021092607,1123,0,PIT,CIN,I,pass_forward,0.6433,0.3716,0.4343,1.4,4.6391,0.0626,Ben Roethlisberger
2021092607,1227,0,CIN,PIT,R,run,0.2936,0.2614,0.3295,3.2,2.4342,0.0681,Joe Burrow
2021092607,1288,0,PIT,CIN,C,pass_forward,0.3618,0.2542,0.1995,1.8,4.3959,-0.0546,Ben Roethlisberger
2021092607,1312,1,PIT,CIN,C,pass_forward,0.6155,0.4959,0.4782,2.3,2.5454,-0.0177,Ben Roethlisberger
2021092607,1336,0,PIT,CIN,S,qb_sack,0.337,0.3304,0.0556,9.3,0.3384,-0.2748,Ben Roethlisberger
2021092607,1355,1,PIT,CIN,C,pass_forward,0.1752,0.1063,0.1045,2.5,1.8843,-0.0018,Ben Roethlisberger
2021092607,1477,0,PIT,CIN,C,pass_forward,0.2728,0.3442,0.2376,3.7,1.0622,-0.1065,Ben Roethlisberger
2021092607,1501,1,PIT,CIN,C,pass_forward,0.627,0.6063,0.609,2.7,2.0073,0.0027,Ben Roethlisberger
2021092607,1587,1,PIT,CIN,C,pass_forward,0.4631,0.4842,0.5197,2.2,4.643,0.0354,Ben Roethlisberger
2021092607,1684,0,CIN,PIT,C,pass_forward,0.3233,0.2751,0.406,2.7,2.8208,0.1309,Joe Burrow
2021092607,1752,1,CIN,PIT,C,pass_forward,0.3086,0.2905,0.2646,1.9,3.4852,-0.026,Joe Burrow
2021092607,1793,1,CIN,PIT,C,pass_forward,0.3002,0.35,0.4752,2.5,2.3197,0.1253,Joe Burrow
2021092607,1849,0,PIT,CIN,I,pass_forward,0.3675,0.2581,0.2333,2.0,3.9386,-0.0248,Ben Roethlisberger
2021092607,1871,0,PIT,CIN,I,pass_forward,0.3675,0.2922,0.0596,6.6,0.8542,-0.2326,Ben Roethlisberger
2021092607,2072,1,CIN,PIT,C,pass_forward,0.336,0.2664,0.2858,2.3,3.1735,0.0193,Joe Burrow
2021092607,2151,0,CIN,PIT,C,pass_forward,0.1212,0.175,0.1446,1.8,3.6147,-0.0304,Joe Burrow
2021092607,2218,1,CIN,PIT,C,pass_forward,0.5625,0.5686,0.5574,2.6,3.2066,-0.0112,Joe Burrow
2021092607,2301,0,CIN,PIT,C,pass_forward,0.1034,0.1003,0.0934,2.1,2.005,-0.0069,Joe Burrow
2021092607,2325,0,CIN,PIT,I,pass_forward,0.2321,0.1821,0.2264,2.4,3.0645,0.0443,Joe Burrow
2021092607,2381,0,PIT,CIN,C,pass_forward,0.2667,0.2812,0.2495,1.8,4.6472,-0.0317,Ben Roethlisberger
2021092607,2427,0,PIT,CIN,IN,pass_forward,0.4287,0.4816,0.5633,3.5,2.07,0.0817,Ben Roethlisberger
2021092607,2506,1,CIN,PIT,C,pass_forward,0.2182,0.21,0.265,4.0,3.3731,0.055,Joe Burrow
2021092607,2569,1,PIT,CIN,C,pass_forward,0.2683,0.3985,0.4335,2.6,3.1748,0.0349,Ben Roethlisberger
2021092607,2614,1,PIT,CIN,C,pass_forward,0.2972,0.3113,0.2651,2.6,1.5138,-0.0461,Ben Roethlisberger
2021092607,2683,0,PIT,CIN,I,pass_forward,0.2826,0.1573,0.1801,2.6,2.3901,0.0228,Ben Roethlisberger
2021092607,2705,0,PIT,CIN,I,pass_forward,0.3016,0.2788,0.2711,2.7,1.9193,-0.0076,Ben Roethlisberger
2021092607,2797,0,CIN,PIT,C,pass_forward,0.3485,0.3701,0.3469,2.0,3.508,-0.0232,Joe Burrow
2021092607,2878,0,PIT,CIN,I,pass_forward,0.2179,0.068,0.1111,2.8,3.6897,0.0431,Ben Roethlisberger
2021092607,2923,1,PIT,CIN,C,pass_forward,0.1763,0.4421,0.3369,2.3,3.17,-0.1052,Ben Roethlisberger
2021092607,3011,1,PIT,CIN,C,pass_forward,0.4097,0.4241,0.3441,2.3,2.1915,-0.0801,Ben Roethlisberger
2021092607,3040,0,PIT,CIN,C,pass_forward,0.2833,0.2749,0.241,2.2,2.4308,-0.0339,Ben Roethlisberger
2021092607,3070,0,PIT,CIN,C,pass_forward,0.3063,0.3428,0.3307,3.0,2.7511,-0.0121,Ben Roethlisberger
2021092607,3094,1,PIT,CIN,C,pass_forward,0.6283,0.609,0.5396,1.5,5.4417,-0.0694,Ben Roethlisberger
2021092607,3118,0,PIT,CIN,C,pass_forward,0.3135,0.2684,0.2263,2.3,2.1456,-0.0421,Ben Roethlisberger
2021092607,3142,0,PIT,CIN,C,pass_forward,0.5077,0.4682,0.5829,2.2,2.8829,0.1147,Ben Roethlisberger
2021092607,3215,0,PIT,CIN,I,pass_forward,0.2701,0.2473,0.3193,2.3,2.9752,0.072,Ben Roethlisberger
2021092607,3237,0,PIT,CIN,C,pass_forward,0.2701,0.2542,0.2614,2.0,3.168,0.0072,Ben Roethlisberger
2021092607,3261,1,PIT,CIN,C,pass_forward,0.6716,0.5931,0.6575,1.1,4.5657,0.0644,Ben Roethlisberger
2021092607,3320,0,PIT,CIN,S,qb_sack,0.1757,0.1489,0.0177,5.5,0.4123,-0.1312,Ben Roethlisberger
2021092607,3362,0,PIT,CIN,C,pass_forward,0.1067,0.0405,0.0261,1.6,4.6287,-0.0144,Ben Roethlisberger
2021092607,3386,0,PIT,CIN,C,pass_forward,0.1647,0.1106,0.1233,1.5,4.33,0.0127,Ben Roethlisberger
2021092607,3457,0,CIN,PIT,I,pass_forward,0.2585,0.2646,0.2464,2.0,2.94,-0.0182,Joe Burrow
2021092607,3523,0,CIN,PIT,C,pass_forward,0.3121,0.2494,0.2317,1.7,3.0934,-0.0177,Joe Burrow
2021092607,3566,0,PIT,CIN,I,pass_forward,0.292,0.2835,0.2795,2.1,1.678,-0.004,Ben Roethlisberger
2021092607,3588,0,PIT,CIN,I,pass_forward,0.2984,0.4787,0.2624,2.3,1.2233,-0.2163,Ben Roethlisberger
2021092607,3610,1,PIT,CIN,C,pass_forward,0.2994,0.325,0.4887,2.9,3.2305,0.1637,Ben Roethlisberger
2021092607,3634,1,PIT,CIN,C,pass_forward,0.2622,0.2792,0.4046,2.3,1.7241,0.1254,Ben Roethlisberger
2021092607,3663,0,PIT,CIN,C,pass_forward,0.2863,0.296,0.414,2.8,2.1552,0.1181,Ben Roethlisberger
2021092607,3687,1,PIT,CIN,C,pass_forward,0.5908,0.5549,0.655,3.6,2.0082,0.1001,Ben Roethlisberger
2021092607,3711,0,PIT,CIN,C,pass_forward,0.296,0.2606,0.2919,2.8,2.6375,0.0313,Ben Roethlisberger
2021092607,3738,1,PIT,CIN,C,pass_forward,0.732,0.6447,0.7314,1.6,4.0232,0.0867,Ben Roethlisberger
2021092607,3768,0,PIT,CIN,S,qb_sack,0.2554,0.2319,0.0565,4.5,0.4623,-0.1755,Ben Roethlisberger
2021092607,3804,0,PIT,CIN,C,pass_forward,0.1042,0.0361,0.0333,2.7,1.2446,-0.0028,Ben Roethlisberger
2021092607,3828,0,PIT,CIN,I,pass_forward,0.2568,0.2934,0.2771,3.1,1.8892,-0.0163,Ben Roethlisberger
2021092607,3867,0,PIT,CIN,C,pass_forward,0.2579,0.2552,0.2124,1.7,4.1448,-0.0428,Ben Roethlisberger
2021092607,4054,0,PIT,CIN,C,autoevent_passforward,0.2724,0.2665,0.3181,1.6,2.4162,0.0516,Ben Roethlisberger
2021092607,4078,0,PIT,CIN,I,autoevent_passforward,0.6413,0.6419,0.6399,1.8,2.4763,-0.002,Ben Roethlisberger
2021092607,4100,0,PIT,CIN,I,autoevent_passforward,0.5883,0.6046,0.7246,0.6,4.0327,0.1199,Ben Roethlisberger
2021092607,4122,0,PIT,CIN,I,autoevent_passforward,0.5883,0.6262,0.6577,2.4,1.9242,0.0314,Ben Roethlisberger
2021092608,98,0,TEN,IND,S,qb_sack,0.2936,0.2317,0.0206,2.4,0.2404,-0.2112,Ryan Tannehill
2021092608,178,0,IND,TEN,I,pass_forward,0.3405,0.3791,0.3627,3.0,1.7423,-0.0164,Carson Wentz
2021092608,267,1,TEN,IND,R,run,0.5017,0.5183,0.5011,3.3,1.3086,-0.0172,Ryan Tannehill
2021092608,288,0,TEN,IND,C,pass_forward,0.2991,0.2921,0.4388,2.7,2.7374,0.1467,Ryan Tannehill
2021092608,333,0,TEN,IND,I,pass_forward,0.6971,0.6028,0.5237,2.6,3.4438,-0.0791,Ryan Tannehill
2021092608,355,1,TEN,IND,C,pass_forward,0.5199,0.4576,0.3238,2.9,2.3087,-0.1338,Ryan Tannehill
2021092608,426,0,TEN,IND,I,pass_forward,0.3775,0.4572,0.4019,3.4,2.2798,-0.0554,Ryan Tannehill
2021092608,448,1,TEN,IND,C,pass_forward,0.3743,0.3834,0.3589,2.4,2.5523,-0.0245,Ryan Tannehill
2021092608,532,0,IND,TEN,I,pass_forward,0.3211,0.2944,0.2628,3.6,0.611,-0.0316,Carson Wentz
2021092608,565,0,IND,TEN,C,pass_forward,0.1041,0.0878,0.0938,2.6,1.9597,0.006,Carson Wentz
2021092608,589,0,IND,TEN,I,pass_forward,0.2924,0.3794,0.1883,3.4,1.4763,-0.1911,Carson Wentz
2021092608,657,0,TEN,IND,C,pass_forward,0.2029,0.2301,0.2768,1.9,2.7561,0.0467,Ryan Tannehill
2021092608,702,0,TEN,IND,I,pass_forward,0.3694,0.3168,0.2412,2.1,3.4211,-0.0756,Ryan Tannehill
2021092608,724,0,TEN,IND,C,pass_forward,0.3576,0.2968,0.3071,3.4,2.6025,0.0103,Ryan Tannehill
2021092608,823,0,TEN,IND,IN,pass_forward,0.5108,0.4603,0.4784,4.1,1.975,0.0182,Ryan Tannehill
2021092608,929,1,IND,TEN,C,pass_forward,0.4518,0.5318,0.6408,1.8,4.1111,0.109,Carson Wentz
2021092608,1144,1,TEN,IND,C,pass_forward,0.4557,0.4452,0.5628,2.6,2.4326,0.1176,Ryan Tannehill
2021092608,1236,0,TEN,IND,C,pass_forward,0.4552,0.4795,0.529,1.9,3.7583,0.0495,Ryan Tannehill
2021092608,1281,1,TEN,IND,C,pass_forward,0.184,0.1366,0.1858,2.3,3.4257,0.0492,Ryan Tannehill
2021092608,1365,0,IND,TEN,C,pass_forward,0.1099,0.0759,0.1601,3.6,1.9105,0.0842,Carson Wentz
2021092608,1572,0,TEN,IND,I,pass_forward,0.3003,0.283,0.3533,2.5,3.4551,0.0703,Ryan Tannehill
2021092608,1632,0,TEN,IND,IN,pass_forward,0.477,0.4135,0.4177,2.0,2.5712,0.0042,Ryan Tannehill
2021092608,1658,0,IND,TEN,S,qb_sack,0.3356,0.2555,0.0253,4.4,0.4346,-0.2302,Carson Wentz
2021092608,1727,1,IND,TEN,C,pass_forward,0.312,0.3014,0.3944,3.3,1.6372,0.0931,Carson Wentz
2021092608,1857,0,IND,TEN,C,pass_forward,0.2857,0.256,0.2444,2.1,3.1964,-0.0116,Carson Wentz
2021092608,1998,0,IND,TEN,C,pass_forward,0.5255,0.5602,0.4889,2.9,2.0408,-0.0713,Carson Wentz
2021092608,2043,0,IND,TEN,I,pass_forward,0.371,0.3824,0.401,2.5,2.7862,0.0187,Carson Wentz
2021092608,2135,0,IND,TEN,C,pass_forward,0.3785,0.3991,0.3887,2.4,2.6609,-0.0104,Carson Wentz
2021092608,2180,0,IND,TEN,I,pass_forward,0.446,0.365,0.4546,2.7,3.1598,0.0895,Carson Wentz
2021092608,2202,0,IND,TEN,I,pass_forward,0.4328,0.3547,0.3059,2.3,3.7689,-0.0488,Carson Wentz
2021092608,2224,0,IND,TEN,I,pass_forward,0.46,0.3811,0.4115,2.9,3.5624,0.0304,Carson Wentz
2021092608,2332,0,TEN,IND,I,pass_forward,0.386,0.3478,0.057,3.4,0.4085,-0.2908,Ryan Tannehill
2021092608,2411,1,TEN,IND,R,run,0.4419,0.5223,0.2756,4.8,2.2444,-0.2467,Ryan Tannehill
2021092608,2432,1,TEN,IND,C,pass_forward,0.4191,0.2898,0.4919,3.0,2.3664,0.2022,Ryan Tannehill
2021092608,2456,1,TEN,IND,C,pass_forward,0.3979,0.3517,0.4463,2.2,2.3247,0.0946,Ryan Tannehill
2021092608,2538,0,IND,TEN,I,pass_forward,0.349,0.2562,0.3514,2.4,1.7752,0.0952,Carson Wentz
2021092608,2622,0,IND,TEN,S,qb_sack,0.3447,0.2333,0.0961,4.1,0.2236,-0.1372,Carson Wentz
2021092608,2790,0,TEN,IND,C,pass_forward,0.4484,0.4364,0.0886,2.8,0.9527,-0.3478,Ryan Tannehill
2021092608,2814,1,TEN,IND,C,pass_forward,0.2799,0.2417,0.256,2.3,2.1974,0.0142,Ryan Tannehill
2021092608,2868,1,IND,TEN,C,pass_forward,0.2998,0.3194,0.3434,4.7,1.4523,0.0241,Carson Wentz
2021092608,2892,0,IND,TEN,I,pass_forward,0.286,0.2443,0.2772,3.1,2.5744,0.033,Carson Wentz
2021092608,2936,1,IND,TEN,C,pass_forward,0.2856,0.2342,0.2883,2.2,3.5362,0.0541,Carson Wentz
2021092608,2977,0,IND,TEN,I,pass_forward,0.3581,0.3822,0.4103,2.7,2.1,0.0282,Carson Wentz
2021092608,3024,0,IND,TEN,I,pass_forward,0.351,0.4649,0.1606,2.6,0.9661,-0.3043,Carson Wentz
2021092608,3150,1,TEN,IND,C,pass_forward,0.414,0.3256,0.1973,1.5,2.606,-0.1283,Ryan Tannehill
2021092608,3174,1,TEN,IND,C,pass_forward,0.3373,0.3741,0.5355,2.8,2.3312,0.1613,Ryan Tannehill
2021092608,3240,1,TEN,IND,C,pass_forward,0.5615,0.5414,0.6962,3.6,3.5046,0.1548,Ryan Tannehill
2021092608,3361,0,TEN,IND,I,pass_forward,0.261,0.3692,0.1863,3.4,2.0392,-0.1829,Ryan Tannehill
2021092608,3482,0,IND,TEN,I,pass_forward,0.2751,0.2888,0.3217,2.9,1.9502,0.0329,Carson Wentz
2021092608,3534,0,IND,TEN,C,pass_forward,0.2751,0.274,0.2271,2.5,1.8553,-0.0469,Carson Wentz
2021092608,3563,0,IND,TEN,C,pass_forward,0.5031,0.4863,0.5807,3.9,0.9618,0.0944,Carson Wentz
2021092608,3604,1,IND,TEN,C,pass_forward,0.5161,0.5383,0.4799,1.8,2.5005,-0.0584,Carson Wentz
2021092608,3628,0,IND,TEN,C,pass_forward,0.2279,0.3319,0.1233,3.1,0.8766,-0.2085,Carson Wentz
2021092608,3652,0,IND,TEN,I,pass_forward,0.5202,0.4909,0.5603,3.8,1.5388,0.0693,Carson Wentz
2021092608,3691,0,IND,TEN,I,pass_forward,0.4866,0.503,0.4541,2.6,1.5305,-0.0489,Carson Wentz
2021092609,54,0,DEN,NYJ,C,pass_forward,0.3194,0.2789,0.2404,1.7,3.093,-0.0386,Teddy Bridgewater
2021092609,107,0,DEN,NYJ,I,pass_forward,0.3177,0.4331,0.4391,3.2,2.0524,0.006,Teddy Bridgewater
2021092609,150,0,DEN,NYJ,I,pass_forward,0.4959,0.5357,0.0677,3.7,0.3087,-0.468,Teddy Bridgewater
2021092609,199,1,NYJ,DEN,C,pass_forward,0.269,0.4167,0.4678,2.8,2.0594,0.051,Zach Wilson
2021092609,265,0,NYJ,DEN,I,pass_forward,0.4373,0.5145,0.5723,2.7,3.4008,0.0578,Zach Wilson
2021092609,327,1,DEN,NYJ,C,pass_forward,0.3511,0.4812,0.4226,3.1,1.6914,-0.0586,Teddy Bridgewater
2021092609,409,0,DEN,NYJ,C,pass_forward,0.3659,0.3098,0.358,2.6,2.1411,0.0482,Teddy Bridgewater
2021092609,452,1,DEN,NYJ,C,pass_forward,0.3621,0.4107,0.3309,3.4,1.2602,-0.0798,Teddy Bridgewater
2021092609,497,1,DEN,NYJ,C,pass_forward,0.3531,0.4586,0.2289,5.4,1.535,-0.2297,Teddy Bridgewater
2021092609,653,0,NYJ,DEN,I,pass_forward,0.4213,0.44,0.5547,3.2,3.312,0.1147,Zach Wilson
2021092609,675,0,NYJ,DEN,S,qb_sack,0.4345,0.4564,0.0942,4.5,1.0304,-0.3622,Zach Wilson
2021092609,712,1,DEN,NYJ,C,pass_forward,0.3031,0.3318,0.3824,4.0,1.9491,0.0506,Teddy Bridgewater
2021092609,757,0,DEN,NYJ,I,pass_forward,0.3196,0.2953,0.2072,2.6,2.3799,-0.088,Teddy Bridgewater
2021092609,779,0,DEN,NYJ,C,pass_forward,0.3183,0.3202,0.2729,1.7,2.6073,-0.0473,Teddy Bridgewater
2021092609,833,0,DEN,NYJ,I,pass_forward,0.5143,0.5979,0.502,2.8,1.9537,-0.0959,Teddy Bridgewater
2021092609,910,0,NYJ,DEN,C,pass_forward,0.3578,0.3508,0.5201,2.9,2.7987,0.1694,Zach Wilson
2021092609,934,1,NYJ,DEN,C,pass_forward,0.4783,0.658,0.6471,2.8,2.022,-0.0109,Zach Wilson
2021092609,958,0,NYJ,DEN,C,pass_forward,0.3173,0.3022,0.3361,2.0,4.6823,0.0339,Zach Wilson
2021092609,1003,1,NYJ,DEN,C,pass_forward,0.623,0.6137,0.6505,2.0,2.6912,0.0368,Zach Wilson
2021092609,1051,0,NYJ,DEN,I,pass_forward,0.4459,0.5144,0.239,3.2,1.0177,-0.2754,Zach Wilson
2021092609,1073,1,NYJ,DEN,C,pass_forward,0.452,0.4878,0.542,3.0,3.038,0.0542,Zach Wilson
2021092609,1142,0,NYJ,DEN,I,pass_forward,0.2049,0.2169,0.1551,6.9,1.1504,-0.0617,Zach Wilson
2021092609,1277,0,DEN,NYJ,C,pass_forward,0.1582,0.3126,0.4043,3.0,3.2014,0.0917,Teddy Bridgewater
2021092609,1319,0,NYJ,DEN,S,qb_sack,0.3089,0.4829,0.092,5.0,0.4338,-0.3909,Zach Wilson
2021092609,1360,0,NYJ,DEN,S,qb_sack,0.2466,0.2226,0.0231,4.7,0.2789,-0.1996,Zach Wilson
2021092609,1413,0,DEN,NYJ,I,pass_forward,0.3414,0.2995,0.5258,3.3,2.6509,0.2264,Teddy Bridgewater
2021092609,1460,1,DEN,NYJ,R,run,0.4078,0.3371,0.4057,4.1,1.4043,0.0686,Teddy Bridgewater
2021092609,1519,1,DEN,NYJ,C,pass_forward,0.4598,0.4679,0.4826,2.3,2.3681,0.0147,Teddy Bridgewater
2021092609,1543,0,DEN,NYJ,C,pass_forward,0.1939,0.33,0.3534,2.2,2.1197,0.0235,Teddy Bridgewater
2021092609,1770,1,NYJ,DEN,C,pass_forward,0.3834,0.2126,0.2234,2.5,2.7601,0.0108,Zach Wilson
2021092609,1799,0,NYJ,DEN,S,qb_sack,0.3409,0.2797,0.0671,5.6,0.4826,-0.2126,Zach Wilson
2021092609,1835,0,NYJ,DEN,I,pass_forward,0.2069,0.0795,0.1451,2.9,1.5701,0.0656,Zach Wilson
2021092609,1912,0,NYJ,DEN,I,pass_forward,0.3717,0.3831,0.6263,2.6,2.5205,0.2432,Zach Wilson
2021092609,1988,0,NYJ,DEN,I,pass_forward,0.5203,0.5303,0.4429,2.7,1.6592,-0.0874,Zach Wilson
2021092609,2122,1,DEN,NYJ,C,pass_forward,0.2054,0.3244,0.3586,3.6,2.3121,0.0342,Teddy Bridgewater
2021092609,2191,0,DEN,NYJ,S,qb_sack,0.2068,0.3397,0.0374,4.0,0.0632,-0.3023,Teddy Bridgewater
2021092609,2328,0,NYJ,DEN,C,pass_forward,0.1507,0.0913,0.1234,2.8,3.6695,0.0321,Zach Wilson
2021092609,2352,0,NYJ,DEN,I,pass_forward,0.2237,0.3402,0.3598,2.9,1.5793,0.0196,Zach Wilson
2021092609,2452,0,DEN,NYJ,C,pass_forward,0.0338,0.0577,0.0381,2.8,2.022,-0.0196,Teddy Bridgewater
2021092609,2476,0,DEN,NYJ,R,run,0.2254,0.2054,0.2443,4.3,1.837,0.0389,Teddy Bridgewater
2021092609,2549,1,NYJ,DEN,C,pass_forward,0.3944,0.5481,0.343,3.8,2.0019,-0.2051,Zach Wilson
2021092609,2620,0,NYJ,DEN,C,pass_forward,0.1548,0.1542,0.1711,2.6,1.584,0.0169,Zach Wilson
2021092609,2644,0,NYJ,DEN,C,pass_forward,0.2932,0.3298,0.3698,1.9,3.1101,0.0399,Zach Wilson
2021092609,2714,0,NYJ,DEN,I,pass_forward,0.5251,0.5863,0.6802,1.9,3.1288,0.0938,Zach Wilson
2021092609,2835,0,DEN,NYJ,C,pass_forward,0.2423,0.2578,0.3279,4.0,2.0447,0.0702,Teddy Bridgewater
2021092609,2875,1,DEN,NYJ,C,pass_forward,0.4734,0.3986,0.4575,3.7,2.4216,0.0589,Teddy Bridgewater
2021092609,2920,1,DEN,NYJ,C,pass_forward,0.1826,0.2797,0.2074,2.2,3.1845,-0.0723,Teddy Bridgewater
2021092609,3044,1,NYJ,DEN,C,pass_forward,0.257,0.3005,0.3056,2.1,2.9533,0.005,Zach Wilson
2021092609,3068,1,NYJ,DEN,C,pass_forward,0.2473,0.3395,0.4062,3.3,2.2944,0.0667,Zach Wilson
2021092609,3097,0,NYJ,DEN,I,pass_forward,0.223,0.2896,0.5072,2.8,3.5101,0.2176,Zach Wilson
2021092609,3119,0,NYJ,DEN,IN,pass_forward,0.223,0.2786,0.4266,2.9,2.2263,0.148,Zach Wilson
2021092609,3187,1,DEN,NYJ,C,pass_forward,0.294,0.3613,0.3123,2.5,3.5075,-0.049,Teddy Bridgewater
2021092609,3258,0,NYJ,DEN,C,pass_forward,0.256,0.2976,0.3777,2.5,2.523,0.0801,Zach Wilson
2021092609,3282,0,NYJ,DEN,I,pass_forward,0.5485,0.4286,0.5366,3.3,2.703,0.108,Zach Wilson
2021092609,3304,0,NYJ,DEN,I,pass_forward,0.5067,0.4673,0.3036,5.4,0.8631,-0.1637,Zach Wilson
2021092609,3343,0,NYJ,DEN,S,qb_sack,0.5293,0.4922,0.0283,3.8,0.2341,-0.464,Zach Wilson
2021092609,3575,1,NYJ,DEN,C,pass_forward,0.2187,0.2794,0.3414,2.5,2.6443,0.062,Zach Wilson
2021092609,3604,0,NYJ,DEN,I,pass_forward,0.2257,0.352,0.4761,3.3,2.0903,0.1241,Zach Wilson
2021092609,3626,1,NYJ,DEN,C,pass_forward,0.3073,0.4259,0.3042,2.3,1.8775,-0.1217,Zach Wilson
2021092609,3655,0,NYJ,DEN,IN,pass_forward,0.2959,0.2454,0.162,4.5,0.8902,-0.0834,Zach Wilson
2021092610,75,0,LV,MIA,I,pass_forward,0.4262,0.454,0.4143,2.2,2.7213,-0.0398,Derek Carr
2021092610,97,0,LV,MIA,S,qb_sack,0.3968,0.4413,0.198,2.8,1.0187,-0.2432,Derek Carr
2021092610,162,0,MIA,LV,I,pass_forward,0.5727,0.566,0.5298,2.0,2.8742,-0.0362,Jacoby Brissett
2021092610,184,1,MIA,LV,C,pass_forward,0.5894,0.5212,0.5216,1.9,2.528,0.0003,Jacoby Brissett
2021092610,229,0,MIA,LV,I,autoevent_passforward,0.4818,0.4582,0.0567,3.2,0.3225,-0.4015,Jacoby Brissett
2021092610,251,0,MIA,LV,R,run,0.4502,0.3821,0.4317,3.3,2.2602,0.0496,Jacoby Brissett
2021092610,318,1,LV,MIA,C,pass_forward,0.3195,0.4473,0.4747,2.5,2.7579,0.0274,Derek Carr
2021092610,342,0,LV,MIA,C,pass_forward,0.298,0.2785,0.2549,2.4,2.444,-0.0236,Derek Carr
2021092610,387,1,LV,MIA,C,pass_forward,0.3185,0.3127,0.337,2.7,2.2217,0.0243,Derek Carr
2021092610,631,1,MIA,LV,C,pass_forward,0.3651,0.44,0.5318,2.7,2.8766,0.0918,Jacoby Brissett
2021092610,714,0,LV,MIA,I,pass_forward,0.2344,0.2993,0.3003,2.8,1.721,0.0011,Derek Carr
2021092610,736,1,LV,MIA,C,pass_forward,0.2326,0.2894,0.4273,2.9,2.769,0.1379,Derek Carr
2021092610,760,0,LV,MIA,I,pass_forward,0.2374,0.3457,0.3674,2.1,3.2437,0.0218,Derek Carr
2021092610,782,0,LV,MIA,I,pass_forward,0.2526,0.2904,0.3536,2.9,2.8583,0.0631,Derek Carr
2021092610,804,1,LV,MIA,C,pass_forward,0.2526,0.4858,0.264,3.0,1.4354,-0.2218,Derek Carr
2021092610,839,0,LV,MIA,I,pass_forward,0.264,0.3303,0.1219,3.5,1.4168,-0.2084,Derek Carr
2021092610,881,0,LV,MIA,I,pass_forward,0.0895,0.0246,0.0089,3.2,0.2983,-0.0157,Derek Carr
2021092610,903,0,LV,MIA,C,pass_forward,0.0885,0.0286,0.023,2.9,3.3682,-0.0056,Derek Carr
2021092610,957,0,MIA,LV,C,pass_forward,0.1639,0.354,0.2673,1.7,4.5238,-0.0867,Jacoby Brissett
2021092610,1045,0,LV,MIA,I,pass_forward,0.4065,0.4824,0.196,3.2,0.7819,-0.2864,Derek Carr
2021092610,1078,1,LV,MIA,C,pass_forward,0.3752,0.4646,0.47,4.0,3.8237,0.0053,Derek Carr
2021092610,1124,1,LV,MIA,C,pass_forward,0.3896,0.4097,0.3535,2.0,3.1487,-0.0561,Derek Carr
2021092610,1169,0,LV,MIA,I,pass_forward,0.5478,0.6313,0.4394,3.3,1.4921,-0.1919,Derek Carr
2021092610,1191,0,LV,MIA,S,qb_sack,0.5284,0.6284,0.0299,3.9,0.5924,-0.5985,Derek Carr
2021092610,1247,1,MIA,LV,C,pass_forward,0.4208,0.4631,0.5211,3.8,0.9315,0.058,Jacoby Brissett
2021092610,1292,1,MIA,LV,C,pass_forward,0.4233,0.48,0.4176,4.4,2.2208,-0.0624,Jacoby Brissett
2021092610,1465,0,LV,MIA,C,pass_forward,0.2842,0.2196,0.1784,2.1,2.3635,-0.0412,Derek Carr
2021092610,1521,1,LV,MIA,C,pass_forward,0.3684,0.4925,0.4925,3.4,2.1422,0.0,Derek Carr
2021092610,1545,0,LV,MIA,I,pass_forward,0.2765,0.2726,0.162,3.7,1.1834,-0.1106,Derek Carr
2021092610,1584,1,LV,MIA,C,pass_forward,0.3647,0.2922,0.2882,2.6,2.2527,-0.004,Derek Carr
2021092610,1650,1,LV,MIA,C,pass_forward,0.6007,0.5546,0.537,1.4,4.2741,-0.0176,Derek Carr
2021092610,1723,1,LV,MIA,C,pass_forward,0.5727,0.4989,0.5579,1.8,2.1639,0.059,Derek Carr
2021092610,1832,0,MIA,LV,S,qb_sack,0.2951,0.2694,0.014,5.0,0.114,-0.2554,Jacoby Brissett
2021092610,1906,1,MIA,LV,R,run,0.4095,0.4372,0.3136,5.3,2.1933,-0.1237,Jacoby Brissett
2021092610,1927,1,MIA,LV,C,pass_forward,0.4091,0.2851,0.3542,4.2,3.4821,0.0692,Jacoby Brissett
2021092610,1968,0,MIA,LV,C,pass_forward,0.3183,0.2744,0.2799,2.4,2.1177,0.0055,Jacoby Brissett
2021092610,1992,1,MIA,LV,C,pass_forward,0.7651,0.6582,0.637,1.9,2.482,-0.0213,Jacoby Brissett
2021092610,2033,0,MIA,LV,I,pass_forward,0.2027,0.2546,0.0393,2.6,0.5738,-0.2153,Jacoby Brissett
2021092610,2064,0,MIA,LV,C,pass_forward,0.2159,0.2834,0.2792,2.7,2.2102,-0.0042,Jacoby Brissett
2021092610,2244,0,MIA,LV,C,pass_forward,0.1024,0.1332,0.1439,1.5,3.0126,0.0107,Jacoby Brissett
2021092610,2325,0,LV,MIA,I,pass_forward,0.2967,0.3217,0.4718,4.3,2.4481,0.1501,Derek Carr
2021092610,2371,1,LV,MIA,C,pass_forward,0.3859,0.4932,0.3323,2.1,1.4773,-0.1609,Derek Carr
2021092610,2526,0,LV,MIA,C,pass_forward,0.083,0.0324,0.0427,2.7,3.2117,0.0102,Derek Carr
2021092610,2550,1,LV,MIA,C,pass_forward,0.3102,0.1953,0.2191,3.4,1.2209,0.0238,Derek Carr
2021092610,2607,0,MIA,LV,I,pass_forward,0.2962,0.3355,0.2622,2.3,1.8822,-0.0733,Jacoby Brissett
2021092610,2653,0,MIA,LV,C,pass_forward,0.3937,0.4643,0.3995,2.3,2.6705,-0.0648,Jacoby Brissett
2021092610,2688,0,MIA,LV,I,pass_forward,0.3173,0.2772,0.3431,3.0,1.5092,0.0659,Jacoby Brissett
2021092610,2731,0,MIA,LV,I,pass_forward,0.4369,0.6419,0.368,6.1,1.0323,-0.2739,Jacoby Brissett
2021092610,2825,1,LV,MIA,C,pass_forward,0.4443,0.4139,0.4313,3.0,1.7934,0.0174,Derek Carr
2021092610,2881,0,LV,MIA,I,pass_forward,0.0564,0.016,0.0276,1.9,2.3577,0.0116,Derek Carr
2021092610,2903,0,LV,MIA,C,pass_forward,0.054,0.0227,0.0405,3.2,2.5516,0.0178,Derek Carr
2021092610,2927,1,LV,MIA,C,pass_forward,0.1838,0.1755,0.2202,3.5,3.3792,0.0447,Derek Carr
2021092610,2972,0,LV,MIA,I,pass_forward,0.2963,0.3948,0.2263,4.2,2.2306,-0.1685,Derek Carr
2021092610,3013,1,LV,MIA,C,pass_forward,0.372,0.3789,0.3814,2.3,2.5489,0.0024,Derek Carr
2021092610,3128,0,MIA,LV,I,pass_forward,0.3017,0.2939,0.3876,3.1,1.9155,0.0937,Jacoby Brissett
2021092610,3171,1,MIA,LV,C,pass_forward,0.4378,0.4592,0.5219,1.6,2.9983,0.0627,Jacoby Brissett
2021092610,3195,0,MIA,LV,C,pass_forward,0.3034,0.249,0.3355,2.2,2.9374,0.0865,Jacoby Brissett
2021092610,3219,1,MIA,LV,C,pass_forward,0.6931,0.5832,0.6411,2.1,2.7951,0.0579,Jacoby Brissett
2021092610,3264,1,MIA,LV,R,run,0.4525,0.3918,0.2874,3.0,1.5079,-0.1045,Jacoby Brissett
2021092610,3285,0,MIA,LV,R,run,0.3044,0.2866,0.1831,4.6,2.0906,-0.1035,Jacoby Brissett
2021092610,3306,0,MIA,LV,C,pass_forward,0.4531,0.4379,0.5254,2.9,2.9382,0.0875,Jacoby Brissett
2021092610,3330,0,MIA,LV,S,qb_sack,0.5479,0.5617,0.0201,4.8,0.3008,-0.5415,Jacoby Brissett
2021092610,3410,0,LV,MIA,C,pass_forward,0.5134,0.5074,0.4397,2.1,2.6169,-0.0677,Derek Carr
2021092610,3434,0,LV,MIA,I,pass_forward,0.4799,0.6703,0.4633,2.5,1.8841,-0.2071,Derek Carr
2021092610,3481,0,MIA,LV,C,pass_forward,0.2648,0.2696,0.2941,2.8,1.7996,0.0246,Jacoby Brissett
2021092610,3505,0,MIA,LV,I,pass_forward,0.4108,0.4944,0.5547,3.5,0.3981,0.0603,Jacoby Brissett
2021092610,3582,0,MIA,LV,C,pass_forward,0.2642,0.2536,0.219,2.0,3.49,-0.0346,Jacoby Brissett
2021092610,3745,0,LV,MIA,S,qb_sack,0.1648,0.219,0.0246,3.7,0.228,-0.1945,Derek Carr
2021092610,3806,0,MIA,LV,C,pass_forward,0.2475,0.2512,0.2122,1.9,2.2711,-0.039,Jacoby Brissett
2021092610,3830,1,MIA,LV,C,pass_forward,0.7125,0.7274,0.7332,2.8,2.5154,0.0058,Jacoby Brissett
2021092610,3854,0,MIA,LV,C,pass_forward,0.2974,0.2572,0.2824,4.4,0.9315,0.0252,Jacoby Brissett
2021092610,3878,0,MIA,LV,I,pass_forward,0.6429,0.6756,0.3714,5.8,1.5487,-0.3041,Jacoby Brissett
2021092610,3900,0,MIA,LV,I,pass_forward,0.5788,0.5511,0.477,2.1,2.4468,-0.0741,Jacoby Brissett
2021092610,3949,1,MIA,LV,C,pass_forward,0.3381,0.3671,0.396,3.0,3.662,0.0289,Jacoby Brissett
2021092610,3990,0,MIA,LV,C,pass_forward,0.248,0.2702,0.2308,1.9,3.0487,-0.0394,Jacoby Brissett
2021092610,4014,1,MIA,LV,C,pass_forward,0.4229,0.4978,0.5426,2.3,3.3525,0.0448,Jacoby Brissett
2021092610,4038,0,MIA,LV,C,pass_forward,0.2485,0.3097,0.3194,2.7,2.4893,0.0097,Jacoby Brissett
2021092610,4227,1,MIA,LV,R,run,0.2745,0.5277,0.5878,3.5,1.1543,0.0601,Jacoby Brissett
2021092610,4358,1,LV,MIA,C,pass_forward,0.5013,0.6105,0.653,2.4,4.694,0.0425,Derek Carr
2021092610,4403,1,LV,MIA,C,pass_forward,0.2664,0.351,0.3798,3.5,1.8196,0.0288,Derek Carr
2021092610,4448,0,LV,MIA,I,pass_forward,0.2357,0.4167,0.3217,2.6,2.18,-0.095,Derek Carr
2021092610,4470,0,LV,MIA,I,pass_forward,0.2357,0.3353,0.21,3.1,1.8947,-0.1253,Derek Carr
2021092610,4526,0,MIA,LV,I,pass_forward,0.2643,0.3501,0.4039,3.1,3.1358,0.0538,Jacoby Brissett
2021092610,4583,0,MIA,LV,I,pass_forward,0.0543,0.0446,0.0244,3.3,0.5415,-0.0202,Jacoby Brissett
2021092610,4631,0,MIA,LV,I,pass_forward,0.0554,0.0313,0.1016,3.5,2.6438,0.0703,Jacoby Brissett
2021092610,4670,1,MIA,LV,C,pass_forward,0.0481,0.2765,0.3074,4.6,0.5629,0.0309,Jacoby Brissett
2021092610,4694,0,MIA,LV,I,pass_forward,0.2417,0.3237,0.3064,2.2,2.9833,-0.0173,Jacoby Brissett
2021092610,4767,0,MIA,LV,I,pass_forward,0.279,0.2617,0.2169,3.3,1.36,-0.0448,Jacoby Brissett
2021092610,4793,0,MIA,LV,C,pass_forward,0.2704,0.2797,0.3294,2.1,2.7733,0.0497,Jacoby Brissett
2021092610,4883,0,LV,MIA,I,pass_forward,0.283,0.2959,0.2967,3.2,1.8383,0.0008,Derek Carr
2021092610,4928,1,LV,MIA,C,pass_forward,0.1122,0.1603,0.1369,3.0,1.6819,-0.0234,Derek Carr
2021092611,75,0,TB,LA,C,pass_forward,0.2856,0.2809,0.2479,2.5,2.0907,-0.033,Tom Brady
2021092611,124,0,TB,LA,I,pass_forward,0.5266,0.451,0.5474,2.5,3.2311,0.0964,Tom Brady
2021092611,171,0,LA,TB,I,pass_forward,0.269,0.2795,0.221,2.2,2.3726,-0.0584,Matthew Stafford
2021092611,214,0,LA,TB,I,pass_forward,0.5056,0.5765,0.2113,2.8,1.0807,-0.3653,Matthew Stafford
2021092611,275,0,TB,LA,C,pass_forward,0.3743,0.4152,0.4482,2.3,3.5627,0.033,Tom Brady
2021092611,299,0,TB,LA,C,pass_forward,0.5112,0.5665,0.643,2.0,4.0401,0.0765,Tom Brady
2021092611,397,0,LA,TB,I,pass_forward,0.4071,0.2704,0.3911,2.4,2.183,0.1207,Matthew Stafford
2021092611,453,0,LA,TB,I,pass_forward,0.4028,0.2819,0.3212,3.2,1.5338,0.0393,Matthew Stafford
2021092611,505,1,TB,LA,C,pass_forward,0.3528,0.4078,0.3808,3.2,2.8478,-0.0269,Tom Brady
2021092611,553,1,TB,LA,C,pass_forward,0.2813,0.2796,0.3023,2.2,2.5663,0.0227,Tom Brady
2021092611,582,0,TB,LA,C,pass_forward,0.4289,0.3263,0.2706,3.5,1.6808,-0.0557,Tom Brady
2021092611,627,0,TB,LA,I,pass_forward,0.4748,0.4965,0.2142,2.9,0.8476,-0.2823,Tom Brady
2021092611,748,1,LA,TB,C,pass_forward,0.2277,0.2542,0.3611,3.4,3.7359,0.1069,Matthew Stafford
2021092611,780,1,LA,TB,C,pass_forward,0.3036,0.305,0.2993,2.0,2.1883,-0.0057,Matthew Stafford
2021092611,996,1,LA,TB,C,pass_forward,0.5218,0.593,0.5289,3.6,2.9376,-0.0641,Matthew Stafford
2021092611,1020,0,LA,TB,C,pass_forward,0.2501,0.203,0.2346,2.0,3.0371,0.0316,Matthew Stafford
2021092611,1157,0,TB,LA,I,pass_forward,0.4948,0.502,0.5255,2.9,1.6617,0.0235,Tom Brady
2021092611,1179,1,TB,LA,C,pass_forward,0.4838,0.4325,0.5267,2.1,3.1185,0.0942,Tom Brady
2021092611,1255,1,TB,LA,C,pass_forward,0.5228,0.5202,0.5662,2.5,2.2864,0.0459,Tom Brady
2021092611,1338,1,TB,LA,C,pass_forward,0.2249,0.1456,0.1696,2.6,3.4648,0.0239,Tom Brady
2021092611,1438,1,TB,LA,C,pass_forward,0.3542,0.3366,0.4457,3.8,2.5998,0.1091,Tom Brady
2021092611,1596,0,LA,TB,C,pass_forward,0.3113,0.1936,0.1987,1.9,3.6572,0.0051,Matthew Stafford
2021092611,1736,1,LA,TB,C,pass_forward,0.5221,0.547,0.5999,1.8,4.7406,0.0529,Matthew Stafford
2021092611,1760,0,LA,TB,I,pass_forward,0.2735,0.282,0.2048,3.8,1.2209,-0.0772,Matthew Stafford
2021092611,1782,1,LA,TB,C,pass_forward,0.2735,0.2933,0.4999,2.7,2.4842,0.2066,Matthew Stafford
2021092611,1806,0,LA,TB,I,pass_forward,0.2572,0.4185,0.3572,2.5,1.9191,-0.0613,Matthew Stafford
2021092611,1828,1,LA,TB,C,pass_forward,0.2911,0.3526,0.311,2.6,2.4121,-0.0416,Matthew Stafford
2021092611,1857,1,LA,TB,C,pass_forward,0.4626,0.435,0.7013,1.7,3.4698,0.2663,Matthew Stafford
2021092611,1948,0,TB,LA,I,pass_forward,0.0956,0.033,0.0408,3.0,2.9601,0.0078,Tom Brady
2021092611,2011,1,TB,LA,C,pass_forward,0.3402,0.2613,0.3016,2.4,3.7245,0.0403,Tom Brady
2021092611,2057,0,TB,LA,S,qb_strip_sack,0.3149,0.3114,0.041,3.3,0.7111,-0.2704,Tom Brady
2021092611,2131,0,TB,LA,C,pass_forward,0.1363,0.1209,0.0806,2.4,2.9998,-0.0403,Tom Brady
2021092611,2258,0,LA,TB,I,pass_forward,0.3935,0.3106,0.3715,3.2,2.0298,0.0609,Matthew Stafford
2021092611,2280,1,LA,TB,C,pass_forward,0.3121,0.3042,0.2898,3.9,2.2285,-0.0144,Matthew Stafford
2021092611,2359,1,TB,LA,C,pass_forward,0.1267,0.1166,0.2076,3.7,1.9177,0.091,Tom Brady
2021092611,2404,1,TB,LA,C,pass_forward,0.4587,0.4158,0.5425,2.4,2.6323,0.1267,Tom Brady
2021092611,2428,0,TB,LA,I,pass_forward,0.3236,0.463,0.3419,2.9,2.2627,-0.1211,Tom Brady
2021092611,2450,1,TB,LA,C,pass_forward,0.3101,0.2908,0.3198,2.1,2.8768,0.029,Tom Brady
2021092611,2479,0,TB,LA,C,pass_forward,0.3262,0.4094,0.3071,2.3,2.6754,-0.1023,Tom Brady
2021092611,2506,1,TB,LA,C,pass_forward,0.6206,0.6079,0.6465,2.2,3.6007,0.0386,Tom Brady
2021092611,2641,0,LA,TB,I,pass_forward,0.37,0.2879,0.1692,5.4,2.6666,-0.1187,Matthew Stafford
2021092611,2663,1,LA,TB,C,pass_forward,0.3563,0.3075,0.4209,2.9,4.0549,0.1134,Matthew Stafford
2021092611,2687,0,LA,TB,I,pass_forward,0.3246,0.2477,0.1976,5.1,3.4102,-0.0502,Matthew Stafford
2021092611,2709,0,LA,TB,C,pass_forward,0.306,0.2945,0.4191,2.7,3.2544,0.1246,Matthew Stafford
2021092611,2733,1,LA,TB,C,pass_forward,0.456,0.4889,0.5873,3.1,4.9186,0.0984,Matthew Stafford
2021092611,2762,1,LA,TB,C,pass_forward,0.1996,0.1918,0.2543,2.8,2.6261,0.0625,Matthew Stafford
2021092611,2818,1,TB,LA,C,pass_forward,0.2752,0.2811,0.4068,3.1,3.0594,0.1258,Tom Brady
2021092611,2842,0,TB,LA,R,run,0.277,0.2773,0.3219,4.1,0.7877,0.0446,Tom Brady
2021092611,2863,0,TB,LA,S,qb_sack,0.5091,0.5276,0.0722,4.3,0.2193,-0.4555,Tom Brady
2021092611,2968,0,LA,TB,I,pass_forward,0.3741,0.3532,0.4332,3.6,2.4852,0.08,Matthew Stafford
2021092611,3048,1,TB,LA,C,pass_forward,0.2632,0.2433,0.3154,2.2,3.3977,0.0722,Tom Brady
2021092611,3072,0,TB,LA,I,pass_forward,0.2744,0.3255,0.4212,3.0,3.1446,0.0957,Tom Brady
2021092611,3094,1,TB,LA,C,pass_forward,0.2759,0.2536,0.3554,2.7,2.689,0.1018,Tom Brady
2021092611,3118,1,TB,LA,C,pass_forward,0.2729,0.3613,0.4675,3.2,4.4686,0.1061,Tom Brady
2021092611,3147,0,TB,LA,I,pass_forward,0.3657,0.3234,0.352,3.4,2.7106,0.0287,Tom Brady
2021092611,3169,0,TB,LA,I,pass_forward,0.3495,0.3788,0.4604,2.5,3.111,0.0816,Tom Brady
2021092611,3191,0,TB,LA,I,pass_forward,0.3836,0.333,0.3318,3.7,1.6371,-0.0012,Tom Brady
2021092611,3319,1,LA,TB,C,pass_forward,0.4243,0.4511,0.4983,2.8,2.3805,0.0471,Matthew Stafford
2021092611,3348,0,LA,TB,C,pass_forward,0.2683,0.38,0.234,2.1,2.7743,-0.146,Matthew Stafford
2021092611,3530,0,LA,TB,C,pass_forward,0.5166,0.6088,0.5273,3.2,3.2465,-0.0816,Matthew Stafford
2021092611,3627,1,TB,LA,C,pass_forward,0.2704,0.275,0.4011,3.3,2.6751,0.1262,Tom Brady
2021092611,3656,0,TB,LA,I,pass_forward,0.3303,0.3786,0.3919,2.5,3.1631,0.0133,Tom Brady
2021092611,3678,0,TB,LA,I,pass_forward,0.332,0.2846,0.5475,4.5,0.7801,0.2629,Tom Brady
2021092611,3728,0,TB,LA,C,pass_forward,0.3228,0.2619,0.3383,3.0,3.3425,0.0764,Tom Brady
2021092611,3757,0,TB,LA,I,pass_forward,0.5552,0.5732,0.5969,1.9,4.7519,0.0237,Tom Brady
2021092611,3800,0,LA,TB,S,qb_sack,0.3782,0.4951,0.0299,3.8,0.3883,-0.4651,Matthew Stafford
2021092611,3908,0,TB,LA,C,pass_forward,0.3751,0.1804,0.1713,2.5,2.3369,-0.0092,Tom Brady
2021092611,3932,0,TB,LA,C,pass_forward,0.3526,0.3713,0.5129,3.2,3.6306,0.1415,Tom Brady
2021092611,3956,1,TB,LA,C,pass_forward,0.7202,0.715,0.7027,1.9,3.0742,-0.0123,Tom Brady
2021092611,3985,0,TB,LA,C,pass_forward,0.3304,0.2619,0.1439,2.5,0.9677,-0.1179,Tom Brady
2021092611,4009,1,TB,LA,C,pass_forward,0.5709,0.4724,0.5161,2.4,2.2158,0.0438,Tom Brady
2021092611,4033,1,TB,LA,C,pass_forward,0.3311,0.2674,0.3936,2.9,3.4088,0.1262,Tom Brady
2021092611,4057,0,TB,LA,I,pass_forward,0.322,0.2431,0.2236,3.7,1.1049,-0.0195,Tom Brady
2021092611,4103,0,TB,LA,R,run,0.2705,0.247,0.3964,3.1,1.6722,0.1493,Tom Brady
2021092611,4165,0,TB,LA,S,qb_sack,0.2441,0.1841,0.0424,3.3,0.6607,-0.1418,Tom Brady
2021092611,4225,1,TB,LA,C,pass_forward,0.4202,0.3574,0.3611,1.9,3.5418,0.0037,Tom Brady
2021092611,4254,1,TB,LA,C,pass_forward,0.351,0.3969,0.4821,2.6,2.0251,0.0852,Tom Brady
2021092612,54,1,SEA,MIN,C,pass_forward,0.3221,0.3536,0.2339,3.9,1.1821,-0.1198,Russell Wilson
2021092612,141,0,SEA,MIN,C,pass_forward,0.272,0.2549,0.5103,3.4,1.6298,0.2554,Russell Wilson
2021092612,186,1,SEA,MIN,C,pass_forward,0.5731,0.656,0.6389,3.5,2.6412,-0.0171,Russell Wilson
2021092612,210,0,SEA,MIN,I,pass_forward,0.2405,0.2846,0.2186,3.8,2.1849,-0.066,Russell Wilson
2021092612,232,1,SEA,MIN,C,pass_forward,0.2474,0.2387,0.2792,2.0,4.5513,0.0405,Russell Wilson
2021092612,356,1,MIN,SEA,C,pass_forward,0.3123,0.3638,0.4933,3.4,2.0976,0.1295,Kirk Cousins
2021092612,404,1,MIN,SEA,C,pass_forward,0.5149,0.5438,0.5798,2.0,3.7885,0.036,Kirk Cousins
2021092612,449,1,MIN,SEA,C,pass_forward,0.3457,0.4867,0.5265,2.2,2.3386,0.0399,Kirk Cousins
2021092612,505,0,SEA,MIN,R,run,0.3115,0.2365,0.3246,7.8,1.0955,0.0881,Russell Wilson
2021092612,547,1,SEA,MIN,C,pass_forward,0.4402,0.546,0.3611,1.9,1.7972,-0.1849,Russell Wilson
2021092612,571,1,SEA,MIN,C,pass_forward,0.3699,0.3738,0.431,2.4,2.3835,0.0572,Russell Wilson
2021092612,637,0,SEA,MIN,R,run,0.3117,0.2802,0.389,3.3,2.7127,0.1088,Russell Wilson
2021092612,717,0,SEA,MIN,I,pass_forward,0.2264,0.2278,0.1976,4.5,2.6461,-0.0302,Russell Wilson
2021092612,825,0,MIN,SEA,I,pass_forward,0.4656,0.4369,0.3165,3.4,1.7405,-0.1204,Kirk Cousins
2021092612,847,0,MIN,SEA,I,pass_forward,0.3891,0.5595,0.3875,2.5,1.092,-0.172,Kirk Cousins
2021092612,909,1,SEA,MIN,C,pass_forward,0.3256,0.2621,0.4109,3.1,2.8045,0.1488,Russell Wilson
2021092612,1056,0,MIN,SEA,C,pass_forward,0.3266,0.4701,0.6189,3.1,1.9509,0.1488,Kirk Cousins
2021092612,1197,1,MIN,SEA,C,pass_forward,0.2522,0.3472,0.3632,2.8,2.758,0.016,Kirk Cousins
2021092612,1221,0,MIN,SEA,C,pass_forward,0.2569,0.2091,0.2431,2.2,2.7145,0.034,Kirk Cousins
2021092612,1299,1,MIN,SEA,C,pass_forward,0.1673,0.1437,0.2173,2.7,3.4257,0.0736,Kirk Cousins
2021092612,1394,1,SEA,MIN,C,pass_forward,0.7213,0.6808,0.7944,2.4,2.4755,0.1136,Russell Wilson
2021092612,1448,0,SEA,MIN,I,pass_forward,0.3575,0.238,0.2457,2.9,2.2502,0.0077,Russell Wilson
2021092612,1470,0,SEA,MIN,C,pass_forward,0.3324,0.2975,0.2601,2.0,3.3871,-0.0374,Russell Wilson
2021092612,1494,0,SEA,MIN,I,pass_forward,0.6335,0.659,0.3435,5.5,1.6243,-0.3155,Russell Wilson
2021092612,1655,0,MIN,SEA,C,pass_forward,0.2962,0.3032,0.3266,2.5,2.1365,0.0235,Kirk Cousins
2021092612,1717,1,MIN,SEA,C,pass_forward,0.6161,0.6222,0.4984,2.7,1.6308,-0.1237,Kirk Cousins
2021092612,1741,0,MIN,SEA,I,pass_forward,0.2558,0.3143,0.2485,1.9,2.1921,-0.0658,Kirk Cousins
2021092612,1789,1,MIN,SEA,C,pass_forward,0.2817,0.3736,0.3754,1.8,3.4854,0.0018,Kirk Cousins
2021092612,1830,1,MIN,SEA,C,pass_forward,0.1445,0.2405,0.2083,1.7,3.4581,-0.0322,Kirk Cousins
2021092612,1871,1,MIN,SEA,C,pass_forward,0.3549,0.452,0.4012,2.6,3.375,-0.0508,Kirk Cousins
2021092612,1927,1,SEA,MIN,C,pass_forward,0.3248,0.268,0.35,2.6,2.1041,0.082,Russell Wilson
2021092612,1968,1,SEA,MIN,C,pass_forward,0.3604,0.2526,0.3938,3.2,4.5866,0.1413,Russell Wilson
2021092612,1997,1,SEA,MIN,C,pass_forward,0.2914,0.2673,0.3275,2.8,3.235,0.0602,Russell Wilson
2021092612,2097,0,MIN,SEA,C,pass_forward,0.3428,0.3332,0.2631,2.0,1.7901,-0.0702,Kirk Cousins
2021092612,2121,1,MIN,SEA,C,pass_forward,0.203,0.1681,0.197,3.0,2.6744,0.0289,Kirk Cousins
2021092612,2211,0,MIN,SEA,I,pass_forward,0.3608,0.4151,0.6321,2.9,2.2801,0.217,Kirk Cousins
2021092612,2254,1,MIN,SEA,C,pass_forward,0.5857,0.6058,0.6651,2.2,3.8278,0.0593,Kirk Cousins
2021092612,2304,1,MIN,SEA,C,pass_forward,0.4492,0.4876,0.3318,1.7,2.2498,-0.1558,Kirk Cousins
2021092612,2349,0,MIN,SEA,I,pass_forward,0.1832,0.1779,0.2438,3.1,4.041,0.0659,Kirk Cousins
2021092612,2514,0,SEA,MIN,S,qb_sack,0.2816,0.2924,0.0199,5.3,0.1836,-0.2725,Russell Wilson
2021092612,2617,1,MIN,SEA,C,pass_forward,0.2058,0.2232,0.2549,3.4,3.0299,0.0317,Kirk Cousins
2021092612,2662,0,MIN,SEA,I,pass_forward,0.5603,0.5267,0.5709,4.9,2.1413,0.0442,Kirk Cousins
2021092612,2684,1,MIN,SEA,C,pass_forward,0.4676,0.4302,0.479,2.1,3.2186,0.0488,Kirk Cousins
2021092612,2729,1,MIN,SEA,C,pass_forward,0.316,0.3096,0.4384,2.8,3.0802,0.1287,Kirk Cousins
2021092612,2772,0,MIN,SEA,C,pass_forward,0.2821,0.3284,0.4026,3.8,2.39,0.0742,Kirk Cousins
2021092612,2827,0,MIN,SEA,I,pass_forward,0.5159,0.5094,0.3009,4.4,1.4543,-0.2084,Kirk Cousins
2021092612,2904,1,SEA,MIN,C,pass_forward,0.2933,0.2931,0.3046,2.3,2.7692,0.0115,Russell Wilson
2021092612,2928,0,SEA,MIN,C,pass_forward,0.2894,0.2934,0.3353,2.5,3.2882,0.0419,Russell Wilson
2021092612,3044,0,SEA,MIN,I,pass_forward,0.4366,0.5456,0.53,2.2,2.4113,-0.0156,Russell Wilson
2021092612,3138,1,MIN,SEA,C,pass_forward,0.6229,0.7605,0.7168,2.7,2.4907,-0.0437,Kirk Cousins
2021092612,3209,1,MIN,SEA,C,pass_forward,0.4454,0.4954,0.1529,2.0,1.1069,-0.3425,Kirk Cousins
2021092612,3411,1,SEA,MIN,C,pass_forward,0.2768,0.2931,0.2789,2.4,1.9803,-0.0142,Russell Wilson
2021092612,3468,0,SEA,MIN,S,qb_sack,0.3035,0.3717,0.0668,4.0,0.3354,-0.3048,Russell Wilson
2021092612,3487,0,SEA,MIN,R,run,0.1209,0.0719,0.1036,4.0,2.103,0.0317,Russell Wilson
2021092612,3508,0,SEA,MIN,I,pass_forward,0.2097,0.249,0.1529,4.7,2.0897,-0.0961,Russell Wilson
2021092612,3530,0,SEA,MIN,I,pass_forward,0.2471,0.2471,0.3019,3.8,2.2188,0.0548,Russell Wilson
2021092612,3632,1,MIN,SEA,C,pass_forward,0.3619,0.4694,0.3071,2.3,1.4637,-0.1623,Kirk Cousins
2021092612,3782,0,SEA,MIN,C,pass_forward,0.2353,0.1308,0.2071,2.8,2.3195,0.0763,Russell Wilson
2021092612,3811,1,SEA,MIN,C,pass_forward,0.5532,0.4823,0.5205,2.5,3.7771,0.0382,Russell Wilson
2021092612,3840,0,SEA,MIN,I,pass_forward,0.2431,0.3573,0.3994,2.2,3.3406,0.0421,Russell Wilson
2021092613,98,1,GB,SF,C,pass_forward,0.5577,0.5516,0.4477,2.2,3.0384,-0.1039,Aaron Rodgers
2021092613,338,1,SF,GB,C,pass_forward,0.3434,0.4066,0.457,1.7,3.4471,0.0505,Jimmy Garoppolo
2021092613,387,0,SF,GB,C,pass_forward,0.2241,0.1379,0.1337,2.0,3.9342,-0.0042,Jimmy Garoppolo
2021092613,415,0,SF,GB,I,pass_forward,0.4537,0.4753,0.3751,3.0,1.3534,-0.1002,Jimmy Garoppolo
2021092613,471,1,GB,SF,C,pass_forward,0.3698,0.3093,0.2667,1.6,2.401,-0.0426,Aaron Rodgers
2021092613,495,0,GB,SF,C,pass_forward,0.3261,0.2784,0.2732,2.0,3.423,-0.0052,Aaron Rodgers
2021092613,527,1,GB,SF,C,pass_forward,0.3602,0.3132,0.4429,3.7,3.7503,0.1297,Aaron Rodgers
2021092613,602,1,GB,SF,C,pass_forward,0.4347,0.3493,0.5237,4.7,1.2034,0.1744,Aaron Rodgers
2021092613,752,0,SF,GB,I,pass_forward,0.5642,0.6368,0.2449,2.8,1.1807,-0.3919,Jimmy Garoppolo
2021092613,931,0,GB,SF,C,pass_forward,0.3859,0.4308,0.3225,3.2,2.8166,-0.1083,Aaron Rodgers
2021092613,970,0,GB,SF,S,qb_sack,0.3689,0.3977,0.0487,3.8,0.8324,-0.349,Aaron Rodgers
2021092613,1007,0,SF,GB,IN,pass_forward,0.2623,0.3732,0.2994,3.3,1.9942,-0.0738,Jimmy Garoppolo
2021092613,1141,0,GB,SF,C,pass_forward,0.5687,0.4466,0.4138,1.9,3.4468,-0.0328,Aaron Rodgers
2021092613,1174,0,GB,SF,I,pass_forward,0.6902,0.3263,0.1538,3.4,1.5869,-0.1725,Aaron Rodgers
2021092613,1200,0,SF,GB,I,pass_forward,0.2414,0.1654,0.2084,2.8,2.7197,0.0429,Jimmy Garoppolo
2021092613,1226,0,SF,GB,C,pass_forward,0.2171,0.1459,0.125,1.8,2.9762,-0.0209,Jimmy Garoppolo
2021092613,1257,1,SF,GB,C,pass_forward,0.5609,0.6914,0.6085,2.2,3.1204,-0.0828,Jimmy Garoppolo
2021092613,1306,1,SF,GB,C,pass_forward,0.4124,0.5194,0.5327,3.0,2.0761,0.0134,Jimmy Garoppolo
2021092613,1355,1,SF,GB,C,pass_forward,0.2967,0.411,0.3894,2.9,3.6181,-0.0217,Jimmy Garoppolo
2021092613,1379,0,SF,GB,S,qb_sack,0.369,0.2965,0.0235,5.8,0.0894,-0.273,Jimmy Garoppolo
2021092613,1402,0,SF,GB,C,pass_forward,0.1662,0.0513,0.0465,2.3,3.8862,-0.0048,Jimmy Garoppolo
2021092613,1497,0,GB,SF,I,pass_forward,0.4674,0.2261,0.3419,2.6,2.5989,0.1158,Aaron Rodgers
2021092613,1625,1,GB,SF,C,pass_forward,0.7461,0.696,0.7922,1.9,3.2829,0.0962,Aaron Rodgers
2021092613,1696,1,GB,SF,C,pass_forward,0.694,0.5413,0.6333,1.9,3.5602,0.0921,Aaron Rodgers
2021092613,1862,1,SF,GB,C,pass_forward,0.3371,0.2983,0.27,1.9,3.7221,-0.0282,Jimmy Garoppolo
2021092613,1886,0,SF,GB,I,pass_forward,0.2189,0.2962,0.2784,1.9,2.972,-0.0178,Jimmy Garoppolo
2021092613,1921,1,SF,GB,C,pass_forward,0.223,0.2413,0.3973,2.6,4.0885,0.156,Jimmy Garoppolo
2021092613,1962,0,SF,GB,C,pass_forward,0.2085,0.1589,0.2539,3.2,2.0859,0.095,Jimmy Garoppolo
2021092613,2011,0,SF,GB,I,pass_forward,0.2062,0.3078,0.3013,1.6,3.3374,-0.0065,Jimmy Garoppolo
2021092613,2133,0,SF,GB,I,pass_forward,0.3488,0.7859,0.8068,2.0,2.8245,0.0209,Jimmy Garoppolo
2021092613,2155,0,SF,GB,I,pass_forward,0.3523,0.7254,0.0484,3.6,0.461,-0.677,Jimmy Garoppolo
2021092613,2258,0,SF,GB,C,pass_forward,0.4229,0.227,0.1726,3.4,1.6325,-0.0545,Jimmy Garoppolo
2021092613,2453,0,SF,GB,C,pass_forward,0.384,0.3445,0.5135,3.5,3.5723,0.169,Jimmy Garoppolo
2021092613,2481,1,SF,GB,C,pass_forward,0.3172,0.3207,0.4202,3.2,3.7465,0.0995,Jimmy Garoppolo
2021092613,2530,0,SF,GB,I,pass_forward,0.2542,0.2717,0.1963,5.2,2.449,-0.0753,Jimmy Garoppolo
2021092613,2552,1,SF,GB,C,pass_forward,0.3215,0.2701,0.2383,2.6,2.6759,-0.0318,Jimmy Garoppolo
2021092613,2675,0,GB,SF,I,pass_forward,0.5835,0.5231,0.514,2.7,2.0077,-0.0091,Aaron Rodgers
2021092613,2792,0,SF,GB,I,pass_forward,0.5253,0.6414,0.0353,2.4,0.4219,-0.6061,Jimmy Garoppolo
2021092613,2856,0,GB,SF,C,pass_forward,0.4178,0.3453,0.286,2.1,3.9044,-0.0592,Aaron Rodgers
2021092613,2906,0,GB,SF,C,pass_forward,0.3794,0.2474,0.1997,3.4,1.5792,-0.0477,Aaron Rodgers
2021092613,3119,1,GB,SF,C,pass_forward,0.6266,0.6097,0.607,2.8,1.4649,-0.0027,Aaron Rodgers
2021092613,3182,0,SF,GB,S,run,0.3516,0.3537,0.1009,5.1,1.0002,-0.2527,Jimmy Garoppolo
2021092613,3201,0,SF,GB,S,qb_sack,0.3397,0.3706,0.0192,5.3,0.2746,-0.3514,Jimmy Garoppolo
2021092613,3356,1,SF,GB,C,pass_forward,0.4315,0.4968,0.576,2.4,3.5256,0.0791,Jimmy Garoppolo
2021092613,3380,0,SF,GB,C,pass_forward,0.3086,0.2408,0.254,3.1,2.2318,0.0132,Jimmy Garoppolo
2021092613,3548,0,GB,SF,I,pass_forward,0.3215,0.305,0.4341,3.3,3.2244,0.1291,Aaron Rodgers
2021092613,3574,0,GB,SF,I,pass_forward,0.4075,0.3948,0.4085,2.7,1.9857,0.0137,Aaron Rodgers
2021092613,3613,0,GB,SF,I,pass_forward,0.3557,0.3302,0.4207,2.7,2.9602,0.0905,Aaron Rodgers
2021092613,3681,0,SF,GB,C,pass_forward,0.4403,0.4267,0.2513,3.8,2.4296,-0.1753,Jimmy Garoppolo
2021092613,3771,0,SF,GB,I,pass_forward,0.3274,0.294,0.2983,1.9,4.0402,0.0043,Jimmy Garoppolo
2021092613,3902,0,GB,SF,I,pass_forward,0.6641,0.5695,0.5466,1.9,3.6607,-0.0229,Aaron Rodgers
2021092613,3958,0,SF,GB,I,pass_forward,0.3342,0.3213,0.2642,3.2,1.3384,-0.0571,Jimmy Garoppolo
2021092613,3980,0,SF,GB,I,pass_forward,0.3088,0.3128,0.4123,3.5,2.6701,0.0996,Jimmy Garoppolo
2021092613,4002,1,SF,GB,C,pass_forward,0.292,0.3736,0.4293,2.2,2.9087,0.0557,Jimmy Garoppolo
2021092613,4047,0,SF,GB,I,pass_forward,0.2345,0.343,0.4201,2.4,2.6369,0.077,Jimmy Garoppolo
2021092613,4091,1,SF,GB,C,pass_forward,0.2556,0.3227,0.1189,3.1,1.0717,-0.2038,Jimmy Garoppolo
2021092613,4115,1,SF,GB,C,pass_forward,0.2503,0.2366,0.2299,2.1,3.1094,-0.0067,Jimmy Garoppolo
2021092613,4148,1,SF,GB,C,pass_forward,0.2615,0.1992,0.2049,2.7,1.9387,0.0057,Jimmy Garoppolo
2021092613,4212,1,GB,SF,C,pass_forward,0.4247,0.2688,0.2979,3.8,1.8339,0.0291,Aaron Rodgers
2021092613,4262,0,GB,SF,I,pass_forward,0.4421,0.3176,0.2299,2.5,1.597,-0.0876,Aaron Rodgers
2021092613,4284,1,GB,SF,C,pass_forward,0.3967,0.269,0.3108,2.9,2.9717,0.0419,Aaron Rodgers
2021092700,55,0,DAL,PHI,C,pass_forward,0.274,0.2882,0.2618,2.2,2.74,-0.0265,Dak Prescott
2021092700,100,0,DAL,PHI,C,pass_forward,0.3405,0.3677,0.1562,3.3,0.9811,-0.2115,Dak Prescott
2021092700,145,1,DAL,PHI,C,pass_forward,0.2987,0.3507,0.5177,3.7,2.4373,0.1669,Dak Prescott
2021092700,256,1,PHI,DAL,C,pass_forward,0.2633,0.3048,0.6052,3.4,3.4936,0.3004,Jalen Hurts
2021092700,309,0,PHI,DAL,IN,pass_forward,0.4215,0.4714,0.5105,2.6,2.3145,0.0391,Jalen Hurts
2021092700,356,0,DAL,PHI,S,qb_strip_sack,0.2559,0.1958,0.0951,3.1,0.4211,-0.1007,Dak Prescott
2021092700,443,1,DAL,PHI,C,pass_forward,0.4421,0.3261,0.4394,2.2,2.0012,0.1133,Dak Prescott
2021092700,577,0,DAL,PHI,I,pass_forward,0.3412,0.3161,0.5505,3.3,1.1328,0.2343,Dak Prescott
2021092700,620,1,DAL,PHI,C,pass_forward,0.6407,0.5648,0.6563,1.9,4.0465,0.0916,Dak Prescott
2021092700,697,1,DAL,PHI,C,pass_forward,0.4487,0.2423,0.266,2.8,3.0342,0.0237,Dak Prescott
2021092700,783,0,PHI,DAL,I,pass_forward,0.19,0.1275,0.1574,2.2,2.9672,0.0299,Jalen Hurts
2021092700,805,0,PHI,DAL,C,pass_forward,0.1895,0.1269,0.1406,2.3,2.39,0.0137,Jalen Hurts
2021092700,829,0,PHI,DAL,I,pass_forward,0.2804,0.2296,0.1639,7.6,0.8305,-0.0657,Jalen Hurts
2021092700,943,1,DAL,PHI,C,pass_forward,0.6395,0.6109,0.4941,4.1,2.4423,-0.1168,Dak Prescott
2021092700,1011,1,DAL,PHI,C,pass_forward,0.3458,0.2981,0.4217,2.8,2.4497,0.1236,Dak Prescott
2021092700,1112,0,PHI,DAL,I,pass_forward,0.473,0.6289,0.4797,4.4,4.3739,-0.1493,Jalen Hurts
2021092700,1243,0,DAL,PHI,C,pass_forward,0.1369,0.0531,0.0781,5.6,2.379,0.025,Dak Prescott
2021092700,1295,1,DAL,PHI,C,pass_forward,0.5919,0.5923,0.6052,3.0,2.6681,0.0129,Dak Prescott
2021092700,1403,1,DAL,PHI,C,pass_forward,0.6503,0.6263,0.4428,3.4,2.2526,-0.1835,Dak Prescott
2021092700,1628,0,PHI,DAL,R,run,0.3185,0.2494,0.3883,4.3,2.1858,0.1389,Jalen Hurts
2021092700,1675,0,PHI,DAL,I,pass_forward,0.5247,0.482,0.4751,2.1,2.4291,-0.0069,Jalen Hurts
2021092700,1737,0,DAL,PHI,I,pass_forward,0.2031,0.3481,0.1754,2.9,0.959,-0.1727,Dak Prescott
2021092700,1759,0,DAL,PHI,I,pass_forward,0.2727,0.2702,0.2052,4.0,2.9695,-0.065,Dak Prescott
2021092700,1913,0,PHI,DAL,S,qb_sack,0.4669,0.3363,0.0162,3.9,0.1342,-0.3201,Jalen Hurts
2021092700,2127,1,PHI,DAL,C,pass_forward,0.3091,0.3092,0.523,2.5,3.9051,0.2138,Jalen Hurts
2021092700,2156,0,PHI,DAL,I,pass_forward,0.3169,0.2859,0.2427,3.3,1.6769,-0.0431,Jalen Hurts
2021092700,2178,0,PHI,DAL,IN,pass_forward,0.3503,0.3235,0.3631,1.9,4.7959,0.0396,Jalen Hurts
2021092700,2236,0,PHI,DAL,I,pass_forward,0.2977,0.2986,0.2653,1.9,3.9731,-0.0333,Jalen Hurts
2021092700,2266,0,PHI,DAL,R,run,0.291,0.2997,0.3782,4.6,3.7198,0.0785,Jalen Hurts
2021092700,2358,0,DAL,PHI,S,qb_sack,0.2004,0.1106,0.0604,4.7,0.528,-0.0502,Dak Prescott
2021092700,2434,0,PHI,DAL,I,pass_forward,0.3739,0.2791,0.1722,3.2,1.0462,-0.1069,Jalen Hurts
2021092700,2469,0,PHI,DAL,R,run,0.3899,0.3438,0.3163,3.6,3.229,-0.0275,Jalen Hurts
2021092700,2530,1,PHI,DAL,C,pass_forward,0.4092,0.3652,0.24,4.0,0.8728,-0.1252,Jalen Hurts
2021092700,2565,0,PHI,DAL,R,autoevent_passforward,0.3269,0.2484,0.3042,2.0,4.402,0.0558,Jalen Hurts
2021092700,2644,0,PHI,DAL,R,run,0.2224,0.2191,0.244,3.8,1.9333,0.0248,Jalen Hurts
2021092700,2665,1,PHI,DAL,C,pass_forward,0.4979,0.4938,0.5198,2.5,3.107,0.0259,Jalen Hurts
2021092700,2742,1,DAL,PHI,C,pass_forward,0.3565,0.3718,0.431,2.5,1.7749,0.0591,Dak Prescott
2021092700,2766,1,DAL,PHI,C,pass_forward,0.344,0.4549,0.323,4.0,1.158,-0.1319,Dak Prescott
2021092700,2833,0,DAL,PHI,S,qb_sack,0.2503,0.211,0.0374,3.4,0.6657,-0.1735,Dak Prescott
2021092700,2906,0,PHI,DAL,C,pass_forward,0.142,0.1343,0.1271,1.7,2.8563,-0.0072,Jalen Hurts
2021092700,2930,0,PHI,DAL,I,pass_forward,0.2972,0.2595,0.3059,2.4,3.2076,0.0464,Jalen Hurts
2021092700,2952,0,PHI,DAL,I,pass_forward,0.308,0.332,0.3877,3.1,3.0577,0.0556,Jalen Hurts
2021092700,2993,1,DAL,PHI,C,pass_forward,0.3288,0.3281,0.2729,1.8,2.9221,-0.0552,Dak Prescott
2021092700,3038,0,DAL,PHI,I,pass_forward,0.5046,0.567,0.5288,3.1,1.8159,-0.0382,Dak Prescott
2021092700,3193,0,DAL,PHI,R,run,0.2249,0.2178,0.2162,2.1,2.2827,-0.0016,Dak Prescott
2021092700,3214,0,DAL,PHI,S,qb_sack,0.2427,0.1615,0.1378,5.0,2.25,-0.0237,Dak Prescott
2021092700,3268,0,DAL,PHI,R,run,0.282,0.3453,0.3413,4.0,2.2182,-0.004,Dak Prescott
2021092700,3289,1,DAL,PHI,C,pass_forward,0.5465,0.6666,0.5414,6.0,3.4756,-0.1252,Dak Prescott
2021092700,3369,0,PHI,DAL,C,pass_forward,0.3134,0.3797,0.4549,2.1,2.9987,0.0752,Jalen Hurts
2021092700,3396,1,PHI,DAL,C,pass_forward,0.4615,0.568,0.4953,2.8,1.7411,-0.0727,Jalen Hurts
2021092700,3482,0,PHI,DAL,I,pass_forward,0.1746,0.1449,0.1145,3.0,0.8615,-0.0304,Jalen Hurts
2021092700,3544,0,PHI,DAL,S,qb_sack,0.2691,0.4275,0.0175,8.5,0.191,-0.41,Jalen Hurts
2021092700,3630,1,DAL,PHI,C,pass_forward,0.6334,0.5542,0.6105,2.4,2.357,0.0563,Dak Prescott
2021092700,3707,0,PHI,DAL,C,pass_forward,0.3618,0.3734,0.491,3.0,3.2415,0.1176,Jalen Hurts
2021092700,3731,1,PHI,DAL,C,pass_forward,0.6486,0.6978,0.7674,4.4,2.8619,0.0696,Jalen Hurts
2021092700,3857,1,PHI,DAL,C,pass_forward,0.2667,0.2511,0.482,2.6,3.0878,0.2309,Jalen Hurts
2021092700,3881,1,PHI,DAL,C,pass_forward,0.324,0.2563,0.2756,2.1,3.6873,0.0193,Jalen Hurts
2021092700,3905,1,PHI,DAL,C,pass_forward,0.221,0.2156,0.1495,6.6,1.3854,-0.0661,Jalen Hurts
2021092700,4105,0,PHI,DAL,I,pass_forward,0.1858,0.0964,0.1224,2.7,2.3743,0.026,Jalen Hurts
2021092700,4156,0,PHI,DAL,R,run,0.4757,0.4771,0.3693,3.6,2.0308,-0.1078,Jalen Hurts
2021093000,169,0,JAX,CIN,S,qb_sack,0.2969,0.2519,0.1719,7.5,3.3688,-0.08,Trevor Lawrence
2021093000,209,0,JAX,CIN,I,pass_forward,0.3932,0.4646,0.3941,2.7,1.7801,-0.0705,Trevor Lawrence
2021093000,276,1,CIN,JAX,C,pass_forward,0.3442,0.3516,0.4474,2.7,2.4551,0.0958,Joe Burrow
2021093000,329,0,CIN,JAX,I,pass_forward,0.1893,0.2518,0.2133,2.1,3.4558,-0.0385,Joe Burrow
2021093000,351,1,CIN,JAX,C,pass_forward,0.2057,0.2653,0.386,3.1,3.6735,0.1207,Joe Burrow
2021093000,549,0,JAX,CIN,C,pass_forward,0.3225,0.2952,0.3878,2.3,5.1042,0.0926,Trevor Lawrence
2021093000,599,0,JAX,CIN,I,pass_forward,0.3125,0.2738,0.1691,9.1,1.7328,-0.1047,Trevor Lawrence
2021093000,621,1,JAX,CIN,R,run,0.3125,0.2976,0.3617,3.7,1.792,0.0641,Trevor Lawrence
2021093000,766,0,CIN,JAX,I,pass_forward,0.3596,0.4505,0.6394,2.5,2.0496,0.1889,Joe Burrow
2021093000,788,0,CIN,JAX,I,pass_forward,0.3257,0.4551,0.167,5.6,1.658,-0.2881,Joe Burrow
2021093000,893,0,JAX,CIN,I,pass_forward,0.5284,0.6386,0.7182,3.2,2.0814,0.0796,Trevor Lawrence
2021093000,957,1,CIN,JAX,C,pass_forward,0.3625,0.3802,0.4736,3.0,2.4492,0.0934,Joe Burrow
2021093000,981,0,CIN,JAX,S,qb_sack,0.3702,0.4154,0.0333,5.9,0.2193,-0.3821,Joe Burrow
2021093000,1021,0,CIN,JAX,I,pass_forward,0.2046,0.1596,0.1391,5.5,2.2357,-0.0205,Joe Burrow
2021093000,1060,1,JAX,CIN,C,pass_forward,0.3492,0.3031,0.2035,2.4,2.1255,-0.0995,Trevor Lawrence
2021093000,1151,1,JAX,CIN,C,pass_forward,0.3115,0.2019,0.2031,1.7,3.7915,0.0012,Trevor Lawrence
2021093000,1217,0,JAX,CIN,C,pass_forward,0.2833,0.2638,0.2987,3.3,2.7114,0.035,Trevor Lawrence
2021093000,1262,0,JAX,CIN,C,pass_forward,0.2598,0.1943,0.138,3.3,1.0591,-0.0563,Trevor Lawrence
2021093000,1409,0,CIN,JAX,C,pass_forward,0.5131,0.5374,0.5721,3.4,3.0437,0.0347,Joe Burrow
2021093000,1452,1,JAX,CIN,C,pass_forward,0.4579,0.2978,0.2138,4.7,2.2432,-0.0841,Trevor Lawrence
2021093000,1531,0,JAX,CIN,I,pass_forward,0.2778,0.3268,0.229,6.4,2.2699,-0.0977,Trevor Lawrence
2021093000,1570,0,JAX,CIN,C,pass_forward,0.3179,0.4519,0.3806,1.6,2.863,-0.0714,Trevor Lawrence
2021093000,1769,0,CIN,JAX,I,pass_forward,0.3049,0.2677,0.2774,2.1,3.8326,0.0097,Joe Burrow
2021093000,1791,1,CIN,JAX,C,pass_forward,0.3049,0.3002,0.3805,2.5,3.7808,0.0803,Joe Burrow
2021093000,1836,1,CIN,JAX,C,pass_forward,0.4484,0.4964,0.3071,2.7,2.3311,-0.1892,Joe Burrow
2021093000,1934,0,JAX,CIN,I,pass_forward,0.4206,0.4482,0.3455,3.1,1.3816,-0.1027,Trevor Lawrence
2021093000,2023,1,CIN,JAX,C,pass_forward,0.2644,0.2648,0.3131,3.0,2.4351,0.0483,Joe Burrow
2021093000,2080,1,CIN,JAX,C,pass_forward,0.2814,0.2316,0.3139,2.5,3.43,0.0822,Joe Burrow
2021093000,2193,1,CIN,JAX,C,pass_forward,0.4718,0.54,0.6062,2.6,2.5895,0.0662,Joe Burrow
2021093000,2387,1,JAX,CIN,C,pass_forward,0.4614,0.4372,0.2726,4.5,3.136,-0.1646,Trevor Lawrence
2021093000,2483,0,JAX,CIN,I,pass_forward,0.6435,0.5648,0.5753,2.2,3.5287,0.0106,Trevor Lawrence
2021093000,2505,1,JAX,CIN,C,pass_forward,0.5389,0.5763,0.5371,2.3,2.042,-0.0392,Trevor Lawrence
2021093000,2555,0,JAX,CIN,C,pass_forward,0.418,0.3667,0.5105,3.2,3.3065,0.1438,Trevor Lawrence
2021093000,2579,1,JAX,CIN,C,pass_forward,0.5919,0.6639,0.653,2.1,3.4279,-0.0109,Trevor Lawrence
2021093000,2608,0,JAX,CIN,C,pass_forward,0.3489,0.3891,0.5167,2.6,2.7746,0.1276,Trevor Lawrence
2021093000,2799,0,CIN,JAX,C,pass_forward,0.2622,0.2669,0.24,1.9,3.4238,-0.0269,Joe Burrow
2021093000,2867,0,CIN,JAX,C,pass_forward,0.3377,0.2943,0.2739,2.1,3.1453,-0.0204,Joe Burrow
2021093000,2891,1,CIN,JAX,C,pass_forward,0.4194,0.4668,0.4515,2.4,2.1943,-0.0153,Joe Burrow
2021093000,2936,1,CIN,JAX,C,pass_forward,0.2982,0.269,0.2778,1.7,2.7771,0.0088,Joe Burrow
2021093000,2960,0,CIN,JAX,I,pass_forward,0.2942,0.2413,0.2641,3.8,1.6153,0.0229,Joe Burrow
2021093000,2982,0,CIN,JAX,C,pass_forward,0.2842,0.3148,0.3245,2.0,4.097,0.0097,Joe Burrow
2021093000,3006,1,CIN,JAX,C,pass_forward,0.556,0.5455,0.3751,6.2,2.0008,-0.1704,Joe Burrow
2021093000,3073,0,JAX,CIN,C,pass_forward,0.3299,0.3408,0.3363,2.6,5.0976,-0.0045,Trevor Lawrence
2021093000,3118,1,JAX,CIN,C,pass_forward,0.5648,0.5477,0.4011,3.7,2.0859,-0.1465,Trevor Lawrence
2021093000,3163,0,JAX,CIN,R,run,0.4603,0.377,0.2563,5.5,5.0693,-0.1207,Trevor Lawrence
2021093000,3206,0,JAX,CIN,I,pass_forward,0.5675,0.558,0.203,7.5,2.585,-0.355,Trevor Lawrence
2021093000,3252,1,CIN,JAX,C,pass_forward,0.3383,0.3903,0.4747,2.8,1.7977,0.0844,Joe Burrow
2021093000,3384,1,CIN,JAX,C,pass_forward,0.1312,0.1739,0.2134,3.1,2.7183,0.0395,Joe Burrow
2021093000,3431,1,CIN,JAX,C,pass_forward,0.4994,0.3195,0.3341,1.9,3.3491,0.0145,Joe Burrow
2021093000,3504,0,CIN,JAX,C,pass_forward,0.0483,0.1337,0.1362,3.1,2.9397,0.0025,Joe Burrow
2021100300,76,0,ATL,WAS,C,pass_forward,0.3799,0.4517,0.4186,1.8,2.89,-0.0331,Matt Ryan
2021100300,142,1,ATL,WAS,C,pass_forward,0.383,0.5572,0.5421,2.1,2.1524,-0.0151,Matt Ryan
2021100300,208,1,ATL,WAS,C,pass_forward,0.2832,0.2959,0.5259,2.5,3.0188,0.23,Matt Ryan
2021100300,293,0,ATL,WAS,C,pass_forward,0.0853,0.0776,0.0566,1.7,2.3041,-0.021,Matt Ryan
2021100300,317,1,ATL,WAS,C,pass_forward,0.2843,0.3315,0.2873,5.5,2.2117,-0.0441,Matt Ryan
2021100300,367,0,ATL,WAS,I,pass_forward,0.4616,0.2922,0.1201,4.6,3.1599,-0.1721,Matt Ryan
2021100300,389,0,ATL,WAS,I,pass_forward,0.479,0.3293,0.2614,2.3,1.6992,-0.0679,Matt Ryan
2021100300,473,0,WAS,ATL,I,pass_forward,0.6436,0.5498,0.5694,2.0,2.9913,0.0196,Taylor Heinicke
2021100300,495,1,WAS,ATL,C,pass_forward,0.5725,0.5245,0.6368,2.2,3.3901,0.1123,Taylor Heinicke
2021100300,566,0,WAS,ATL,I,pass_forward,0.4388,0.444,0.4274,2.3,3.0634,-0.0167,Taylor Heinicke
2021100300,667,0,ATL,WAS,I,pass_forward,0.4846,0.368,0.5527,2.4,2.0875,0.1847,Matt Ryan
2021100300,864,0,WAS,ATL,S,run,0.3611,0.2612,0.0201,5.8,2.2946,-0.2411,Taylor Heinicke
2021100300,913,0,WAS,ATL,R,run,0.43,0.563,0.6515,4.7,1.789,0.0886,Taylor Heinicke
2021100300,959,0,ATL,WAS,C,pass_forward,0.373,0.2936,0.208,2.5,2.4594,-0.0856,Matt Ryan
2021100300,1032,0,ATL,WAS,C,pass_forward,0.196,0.0867,0.1297,2.4,2.3795,0.043,Matt Ryan
2021100300,1056,1,ATL,WAS,C,pass_forward,0.7062,0.5538,0.5659,3.5,2.0961,0.012,Matt Ryan
2021100300,1158,0,WAS,ATL,C,pass_forward,0.3128,0.3261,0.1589,3.7,2.1504,-0.1673,Taylor Heinicke
2021100300,1187,1,WAS,ATL,C,pass_forward,0.4187,0.4351,0.3489,3.9,1.9408,-0.0862,Taylor Heinicke
2021100300,1246,1,WAS,ATL,C,pass_forward,0.2492,0.2526,0.1786,3.0,1.572,-0.074,Taylor Heinicke
2021100300,1293,0,WAS,ATL,I,pass_forward,0.3676,0.3581,0.4194,2.8,2.54,0.0613,Taylor Heinicke
2021100300,1315,1,WAS,ATL,C,pass_forward,0.364,0.4034,0.4632,2.9,2.258,0.0598,Taylor Heinicke
2021100300,1424,0,ATL,WAS,I,pass_forward,0.207,0.241,0.247,2.3,2.5327,0.006,Matt Ryan
2021100300,1446,0,ATL,WAS,C,pass_forward,0.1809,0.183,0.15,1.8,2.7247,-0.0331,Matt Ryan
2021100300,1470,0,ATL,WAS,S,qb_sack,0.4266,0.4209,0.0363,4.5,0.3324,-0.3847,Matt Ryan
2021100300,1514,0,WAS,ATL,R,run,0.285,0.2316,0.2595,5.7,4.3026,0.0279,Taylor Heinicke
2021100300,1632,1,WAS,ATL,C,pass_forward,0.1749,0.1952,0.4382,3.2,2.977,0.243,Taylor Heinicke
2021100300,1661,1,WAS,ATL,R,run,0.2889,0.2929,0.4024,4.3,1.4445,0.1095,Taylor Heinicke
2021100300,1790,0,ATL,WAS,I,pass_forward,0.3099,0.339,0.2716,2.2,2.4003,-0.0674,Matt Ryan
2021100300,1868,0,ATL,WAS,I,pass_forward,0.3964,0.4618,0.5427,2.8,3.1583,0.0809,Matt Ryan
2021100300,1890,1,ATL,WAS,C,pass_forward,0.3834,0.4635,0.5243,2.1,2.4802,0.0608,Matt Ryan
2021100300,1963,0,ATL,WAS,I,pass_forward,0.1317,0.172,0.1957,2.5,3.0256,0.0237,Matt Ryan
2021100300,1985,1,ATL,WAS,C,pass_forward,0.1373,0.3571,0.2065,2.2,2.588,-0.1506,Matt Ryan
2021100300,2014,0,ATL,WAS,I,pass_forward,0.1643,0.2276,0.2605,2.1,1.8539,0.0329,Matt Ryan
2021100300,2043,0,ATL,WAS,C,pass_forward,0.1682,0.2186,0.232,2.3,2.1044,0.0134,Matt Ryan
2021100300,2138,1,ATL,WAS,C,pass_forward,0.5373,0.6223,0.5524,2.1,2.969,-0.0699,Matt Ryan
2021100300,2316,1,ATL,WAS,C,pass_forward,0.3487,0.2683,0.5265,2.4,2.2676,0.2582,Matt Ryan
2021100300,2394,0,ATL,WAS,C,pass_forward,0.319,0.3228,0.3646,1.9,3.1247,0.0417,Matt Ryan
2021100300,2435,1,ATL,WAS,C,pass_forward,0.5652,0.5915,0.5366,1.7,2.3856,-0.0548,Matt Ryan
2021100300,2483,0,ATL,WAS,I,pass_forward,0.099,0.0795,0.0807,2.5,2.3228,0.0013,Matt Ryan
2021100300,2505,1,ATL,WAS,C,pass_forward,0.1289,0.1408,0.1424,2.3,1.8556,0.0016,Matt Ryan
2021100300,2562,1,WAS,ATL,C,pass_forward,0.3141,0.2365,0.5743,3.0,3.4071,0.3378,Taylor Heinicke
2021100300,2610,0,WAS,ATL,I,pass_forward,0.3369,0.3983,0.3217,4.8,2.0441,-0.0766,Taylor Heinicke
2021100300,2658,0,WAS,ATL,I,pass_forward,0.4905,0.4924,0.5052,2.3,2.383,0.0128,Taylor Heinicke
2021100300,2680,1,WAS,ATL,C,pass_forward,0.4769,0.4173,0.4588,2.5,3.0424,0.0415,Taylor Heinicke
2021100300,2757,0,WAS,ATL,I,pass_forward,0.2813,0.1724,0.3105,3.4,2.581,0.138,Taylor Heinicke
2021100300,2921,0,ATL,WAS,I,pass_forward,0.3728,0.3495,0.4748,3.3,2.3923,0.1253,Matt Ryan
2021100300,2964,1,ATL,WAS,C,pass_forward,0.4318,0.4753,0.5026,2.3,2.7195,0.0273,Matt Ryan
2021100300,3009,0,ATL,WAS,C,pass_forward,0.5038,0.4013,0.446,1.8,3.7253,0.0447,Matt Ryan
2021100300,3033,1,ATL,WAS,C,pass_forward,0.7917,0.7072,0.7662,2.2,2.6051,0.059,Matt Ryan
2021100300,3114,0,ATL,WAS,I,pass_forward,0.5701,0.6294,0.6249,2.6,1.7634,-0.0045,Matt Ryan
2021100300,3267,1,ATL,WAS,C,pass_forward,0.555,0.5577,0.5459,2.9,1.8896,-0.0118,Matt Ryan
2021100300,3323,0,WAS,ATL,C,pass_forward,0.2803,0.2722,0.4987,2.6,3.338,0.2265,Taylor Heinicke
2021100300,3373,0,WAS,ATL,C,pass_forward,0.5149,0.5988,0.4877,1.7,3.5198,-0.1111,Taylor Heinicke
2021100300,3511,0,ATL,WAS,I,pass_forward,0.3839,0.4375,0.3931,2.6,2.3158,-0.0445,Matt Ryan
2021100300,3642,1,WAS,ATL,C,pass_forward,0.2986,0.3595,0.4732,3.5,2.6522,0.1137,Taylor Heinicke
2021100300,3687,1,WAS,ATL,R,run,0.3781,0.4382,0.4391,4.5,2.5292,0.0009,Taylor Heinicke
2021100300,3763,1,WAS,ATL,C,pass_forward,0.0939,0.1628,0.3312,3.9,2.0529,0.1684,Taylor Heinicke
2021100300,3787,0,WAS,ATL,I,pass_forward,0.2617,0.2742,0.441,3.0,2.5539,0.1668,Taylor Heinicke
2021100300,3834,1,WAS,ATL,C,pass_forward,0.3544,0.3619,0.2183,4.2,1.6819,-0.1437,Taylor Heinicke
2021100300,3858,1,WAS,ATL,C,pass_forward,0.1644,0.342,0.153,4.8,0.4627,-0.189,Taylor Heinicke
2021100300,4070,0,WAS,ATL,I,pass_forward,0.2611,0.2445,0.3732,2.3,3.3518,0.1287,Taylor Heinicke
2021100300,4092,1,WAS,ATL,C,pass_forward,0.2622,0.3186,0.2715,3.5,1.6651,-0.0471,Taylor Heinicke
2021100300,4116,0,WAS,ATL,I,pass_forward,0.2776,0.302,0.2174,2.3,1.8407,-0.0846,Taylor Heinicke
2021100300,4138,1,WAS,ATL,C,pass_forward,0.2873,0.2894,0.4288,3.0,4.2069,0.1394,Taylor Heinicke
2021100300,4302,1,WAS,ATL,C,pass_forward,0.4762,0.377,0.2388,6.1,4.0422,-0.1382,Taylor Heinicke
2021100300,4395,1,ATL,WAS,C,pass_forward,0.3413,0.3004,0.2085,3.3,1.1502,-0.0918,Matt Ryan
2021100300,4436,0,ATL,WAS,I,pass_forward,0.4271,0.2975,0.4128,2.4,2.5952,0.1153,Matt Ryan
2021100300,4479,1,ATL,WAS,R,run,0.3605,0.3329,0.3113,4.7,1.5604,-0.0215,Matt Ryan
2021100300,4539,0,ATL,WAS,I,pass_forward,0.2261,0.2257,0.2791,4.2,1.522,0.0534,Matt Ryan
2021100301,198,0,BUF,HOU,IN,pass_forward,0.2932,0.5425,0.6079,2.6,2.0377,0.0654,Josh Allen
2021100301,292,0,HOU,BUF,I,pass_forward,0.573,0.5028,0.4283,2.3,2.2003,-0.0745,Davis Mills
2021100301,449,0,HOU,BUF,I,pass_forward,0.3881,0.3042,0.2899,3.7,2.1613,-0.0142,Davis Mills
2021100301,471,0,HOU,BUF,IN,pass_forward,0.3495,0.4131,0.4075,3.0,1.7084,-0.0056,Davis Mills
2021100301,518,1,BUF,HOU,C,pass_forward,0.434,0.4057,0.4639,2.8,2.6843,0.0582,Josh Allen
2021100301,698,1,BUF,HOU,C,pass_forward,0.64,0.5713,0.6119,2.8,2.2198,0.0405,Josh Allen
2021100301,909,1,BUF,HOU,C,pass_forward,0.306,0.3838,0.2286,5.4,1.0875,-0.1552,Josh Allen
2021100301,938,0,BUF,HOU,S,qb_sack,0.2763,0.2104,0.0184,5.1,0.201,-0.1921,Josh Allen
2021100301,957,0,BUF,HOU,C,pass_forward,0.1644,0.114,0.134,3.4,1.4,0.02,Josh Allen
2021100301,981,0,BUF,HOU,I,pass_forward,0.3642,0.4255,0.503,2.2,3.2988,0.0775,Josh Allen
2021100301,1112,0,HOU,BUF,S,qb_sack,0.3959,0.442,0.3553,5.3,0.6177,-0.0867,Davis Mills
2021100301,1171,0,BUF,HOU,I,pass_forward,0.3444,0.2913,0.2222,2.2,2.0306,-0.0692,Josh Allen
2021100301,1214,1,BUF,HOU,C,pass_forward,0.3928,0.2903,0.4423,2.7,2.4404,0.152,Josh Allen
2021100301,1366,0,HOU,BUF,I,pass_forward,0.3744,0.3758,0.4226,2.2,2.762,0.0468,Davis Mills
2021100301,1388,0,HOU,BUF,S,qb_sack,0.351,0.3746,0.2239,4.0,0.4885,-0.1507,Davis Mills
2021100301,1456,1,BUF,HOU,C,pass_forward,0.4307,0.349,0.446,3.0,2.4449,0.097,Josh Allen
2021100301,1607,0,BUF,HOU,I,pass_forward,0.6172,0.594,0.5869,2.6,3.0794,-0.007,Josh Allen
2021100301,1736,0,BUF,HOU,R,run,0.2542,0.3043,0.3359,6.2,2.4057,0.0316,Josh Allen
2021100301,1783,0,BUF,HOU,C,pass_forward,0.2997,0.2717,0.4376,3.4,1.8335,0.1658,Josh Allen
2021100301,1812,1,BUF,HOU,C,pass_forward,0.6492,0.6036,0.6894,3.1,3.2932,0.0858,Josh Allen
2021100301,1848,0,BUF,HOU,I,pass_forward,0.2699,0.2811,0.2175,5.6,0.989,-0.0636,Josh Allen
2021100301,1870,0,BUF,HOU,C,pass_forward,0.2348,0.3079,0.3113,3.1,2.1519,0.0034,Josh Allen
2021100301,1911,0,BUF,HOU,I,pass_forward,0.4852,0.6206,0.6123,1.6,4.5238,-0.0082,Josh Allen
2021100301,2076,1,BUF,HOU,C,pass_forward,0.3686,0.3869,0.4176,3.3,2.5998,0.0308,Josh Allen
2021100301,2168,0,BUF,HOU,I,pass_forward,0.3897,0.4668,0.4888,3.0,2.8078,0.022,Josh Allen
2021100301,2194,1,BUF,HOU,C,pass_forward,0.3374,0.431,0.5006,4.3,1.3506,0.0696,Josh Allen
2021100301,2370,0,BUF,HOU,I,pass_forward,0.2861,0.2826,0.2829,3.0,3.5602,0.0003,Josh Allen
2021100301,2451,0,HOU,BUF,C,pass_forward,0.31,0.452,0.5259,2.5,4.6978,0.0738,Davis Mills
2021100301,2575,0,HOU,BUF,I,pass_forward,0.2141,0.3967,0.3647,4.9,0.8509,-0.032,Davis Mills
2021100301,2879,0,BUF,HOU,C,pass_forward,0.2875,0.2788,0.2241,2.0,4.4479,-0.0547,Josh Allen
2021100301,2903,0,BUF,HOU,R,run,0.4663,0.4647,0.2151,4.9,2.1318,-0.2495,Josh Allen
2021100301,3027,0,HOU,BUF,C,pass_forward,0.3446,0.3496,0.2756,1.9,3.3258,-0.0741,Davis Mills
2021100301,3056,1,HOU,BUF,C,pass_forward,0.5701,0.5101,0.5159,2.0,4.1118,0.0057,Davis Mills
2021100301,3172,1,BUF,HOU,C,pass_forward,0.3876,0.4654,0.326,3.2,1.7084,-0.1395,Josh Allen
2021100301,3274,1,HOU,BUF,C,pass_forward,0.3947,0.4112,0.4997,2.5,3.3638,0.0885,Davis Mills
2021100301,3303,0,HOU,BUF,R,run,0.3114,0.2491,0.1347,5.5,0.6703,-0.1144,Davis Mills
2021100301,3324,1,HOU,BUF,C,pass_forward,0.3857,0.3698,0.4374,2.5,3.0846,0.0676,Davis Mills
2021100301,3369,0,HOU,BUF,IN,pass_forward,0.5434,0.5428,0.6388,3.0,2.4284,0.096,Davis Mills
2021100301,3506,0,BUF,HOU,C,pass_forward,0.3185,0.3752,0.2867,2.7,2.3551,-0.0885,Mitchell Trubisky
2021100301,3673,0,HOU,BUF,C,pass_forward,0.1234,0.0829,0.0768,1.8,3.4757,-0.0062,Davis Mills
2021100301,3697,0,HOU,BUF,I,pass_forward,0.2124,0.2262,0.389,3.5,3.5181,0.1628,Davis Mills
2021100301,3736,1,HOU,BUF,C,pass_forward,0.2286,0.4391,0.5914,3.1,2.3866,0.1524,Davis Mills
2021100301,3777,1,HOU,BUF,C,pass_forward,0.2805,0.3177,0.3026,4.0,0.9492,-0.0151,Davis Mills
2021100302,97,0,CHI,DET,C,pass_forward,0.3381,0.3509,0.4499,2.3,2.2057,0.099,Justin Fields
2021100302,142,0,CHI,DET,C,pass_forward,0.4159,0.506,0.5209,2.3,2.6856,0.0149,Justin Fields
2021100302,208,1,CHI,DET,C,pass_forward,0.4544,0.507,0.5327,3.7,2.4216,0.0257,Justin Fields
2021100302,401,1,DET,CHI,C,pass_forward,0.2928,0.4487,0.3212,4.0,2.2956,-0.1274,Jared Goff
2021100302,467,1,DET,CHI,C,pass_forward,0.2749,0.2528,0.3314,3.2,1.4882,0.0786,Jared Goff
2021100302,580,0,DET,CHI,I,pass_forward,0.2078,0.1936,0.1577,4.5,2.0034,-0.0359,Jared Goff
2021100302,853,1,CHI,DET,R,run,0.4861,0.5299,0.4807,4.5,3.0311,-0.0492,Justin Fields
2021100302,972,0,DET,CHI,C,pass_forward,0.1983,0.4114,0.3099,1.9,4.2718,-0.1015,Jared Goff
2021100302,1092,0,DET,CHI,C,pass_forward,0.2213,0.2918,0.43,2.9,3.0934,0.1381,Jared Goff
2021100302,1137,1,DET,CHI,C,pass_forward,0.4706,0.5968,0.4983,4.4,2.4577,-0.0985,Jared Goff
2021100302,1172,0,DET,CHI,I,pass_forward,0.3409,0.5071,0.4972,2.7,2.7505,-0.0099,Jared Goff
2021100302,1215,0,DET,CHI,R,run,0.3408,0.3958,0.4473,2.6,2.2488,0.0515,Jared Goff
2021100302,1236,0,DET,CHI,I,pass_forward,0.3403,0.5085,0.3977,3.0,1.461,-0.1109,Jared Goff
2021100302,1342,0,CHI,DET,I,pass_forward,0.3174,0.1299,0.0309,2.5,0.5597,-0.099,Justin Fields
2021100302,1469,0,DET,CHI,I,pass_forward,0.3835,0.4666,0.4183,4.0,2.6659,-0.0483,Jared Goff
2021100302,1557,0,DET,CHI,I,pass_forward,0.186,0.2303,0.1808,2.7,1.2627,-0.0495,Jared Goff
2021100302,1579,1,DET,CHI,C,pass_forward,0.1729,0.2124,0.1309,6.3,1.0161,-0.0815,Jared Goff
2021100302,1645,0,DET,CHI,S,qb_strip_sack,0.2894,0.2959,0.2328,2.6,1.2074,-0.0631,Jared Goff
2021100302,1701,0,CHI,DET,I,pass_forward,0.3979,0.241,0.3834,5.5,0.9114,0.1424,Justin Fields
2021100302,1811,0,CHI,DET,C,pass_forward,0.3564,0.2748,0.2689,1.7,3.4678,-0.0059,Justin Fields
2021100302,1875,0,CHI,DET,I,pass_forward,0.2718,0.265,0.2645,2.5,1.9123,-0.0005,Justin Fields
2021100302,1933,0,CHI,DET,IN,pass_forward,0.5637,0.5959,0.6232,2.3,2.5387,0.0274,Justin Fields
2021100302,1959,0,DET,CHI,I,pass_forward,0.2384,0.3753,0.2463,2.7,2.4573,-0.1289,Jared Goff
2021100302,2054,0,DET,CHI,I,pass_forward,0.343,0.386,0.4209,3.0,3.2356,0.0349,Jared Goff
2021100302,2216,0,DET,CHI,I,pass_forward,0.5598,0.5993,0.1359,2.7,0.7616,-0.4634,Jared Goff
2021100302,2336,1,CHI,DET,C,pass_forward,0.2794,0.3617,0.3722,3.3,1.9757,0.0105,Justin Fields
2021100302,2382,1,CHI,DET,C,pass_forward,0.2015,0.2717,0.2684,2.7,2.6768,-0.0033,Justin Fields
2021100302,2471,1,DET,CHI,C,pass_forward,0.193,0.4302,0.2868,2.8,1.9055,-0.1433,Jared Goff
2021100302,2561,0,DET,CHI,C,pass_forward,0.0808,0.0127,0.0133,1.8,2.4114,0.0007,Jared Goff
2021100302,2585,0,DET,CHI,S,qb_sack,0.2061,0.3229,0.0838,4.7,0.1562,-0.2391,Jared Goff
2021100302,2691,0,CHI,DET,I,pass_forward,0.6475,0.6114,0.0523,3.7,0.5991,-0.5592,Justin Fields
2021100302,2750,1,DET,CHI,C,pass_forward,0.1926,0.3584,0.3782,2.1,2.5599,0.0198,Jared Goff
2021100302,2774,0,DET,CHI,C,pass_forward,0.2171,0.2628,0.2326,2.1,2.9017,-0.0302,Jared Goff
2021100302,2798,1,DET,CHI,C,pass_forward,0.2932,0.437,0.4455,2.5,2.4769,0.0085,Jared Goff
2021100302,2940,0,CHI,DET,C,pass_forward,0.3142,0.3994,0.2513,5.0,2.382,-0.1482,Justin Fields
2021100302,2992,1,CHI,DET,C,pass_forward,0.278,0.3727,0.3206,3.8,2.2099,-0.0521,Justin Fields
2021100302,3108,0,CHI,DET,I,pass_forward,0.3722,0.4621,0.3721,2.6,2.1024,-0.09,Justin Fields
2021100302,3191,0,DET,CHI,I,pass_forward,0.2882,0.3909,0.3568,2.4,3.036,-0.0341,Jared Goff
2021100302,3232,1,DET,CHI,C,pass_forward,0.2258,0.2585,0.4389,2.8,2.0207,0.1804,Jared Goff
2021100302,3288,1,DET,CHI,C,pass_forward,0.515,0.4859,0.666,3.6,2.2979,0.1801,Jared Goff
2021100302,3312,0,DET,CHI,S,qb_sack,0.2447,0.3275,0.1438,5.1,0.4528,-0.1837,Jared Goff
2021100302,3331,1,DET,CHI,C,pass_forward,0.0526,0.0221,0.0399,3.8,2.5934,0.0178,Jared Goff
2021100302,3360,1,DET,CHI,C,pass_forward,0.2344,0.2612,0.265,3.0,2.1103,0.0038,Jared Goff
2021100302,3384,1,DET,CHI,C,pass_forward,0.1989,0.1737,0.2895,2.5,3.293,0.1157,Jared Goff
2021100302,3524,0,CHI,DET,S,qb_strip_sack,0.3677,0.3417,0.0196,4.9,0.441,-0.3221,Justin Fields
2021100302,3640,0,DET,CHI,S,qb_sack,0.2861,0.2992,0.1137,3.6,0.508,-0.1854,Jared Goff
2021100302,3752,0,DET,CHI,C,pass_forward,0.5367,0.5982,0.6863,2.2,3.5738,0.0881,Jared Goff
2021100302,3773,0,DET,CHI,I,pass_forward,0.6332,0.6903,0.6543,3.8,2.3517,-0.036,Jared Goff
2021100302,3795,1,DET,CHI,C,pass_forward,0.5842,0.6664,0.6404,5.9,3.5535,-0.0261,Jared Goff
2021100302,3860,0,DET,CHI,C,pass_forward,0.2629,0.2542,0.3224,2.9,2.5445,0.0681,Jared Goff
2021100302,3915,0,DET,CHI,I,pass_forward,0.2618,0.2362,0.3245,3.1,3.1708,0.0883,Jared Goff
2021100302,3946,0,DET,CHI,I,pass_forward,0.2635,0.2094,0.2666,2.9,2.7845,0.0572,Jared Goff
2021100302,3982,0,DET,CHI,C,pass_forward,0.2091,0.2286,0.2026,3.8,3.214,-0.026,Jared Goff
2021100302,4006,0,DET,CHI,I,pass_forward,0.5879,0.5141,0.4202,2.3,1.8981,-0.0939,Jared Goff
2021100303,111,0,DAL,CAR,I,pass_forward,0.4642,0.4454,0.3558,2.7,1.6266,-0.0895,Dak Prescott
2021100303,173,0,CAR,DAL,I,pass_forward,0.3564,0.4398,0.4544,1.8,3.0728,0.0147,Sam Darnold
2021100303,199,0,CAR,DAL,S,qb_sack,0.354,0.4427,0.0752,2.9,0.8832,-0.3675,Sam Darnold
2021100303,370,1,DAL,CAR,C,pass_forward,0.3207,0.3198,0.2747,4.4,2.2427,-0.0451,Dak Prescott
2021100303,463,0,DAL,CAR,I,pass_forward,0.6748,0.517,0.2396,2.7,4.8363,-0.2773,Dak Prescott
2021100303,559,0,CAR,DAL,I,pass_forward,0.2679,0.363,0.293,3.5,2.4335,-0.07,Sam Darnold
2021100303,606,0,CAR,DAL,C,pass_forward,0.3198,0.3202,0.1359,2.7,2.1759,-0.1843,Sam Darnold
2021100303,656,1,CAR,DAL,C,pass_forward,0.2174,0.3206,0.3205,2.8,3.0987,-0.0001,Sam Darnold
2021100303,701,0,CAR,DAL,C,pass_forward,0.2511,0.196,0.2303,2.8,0.9365,0.0343,Sam Darnold
2021100303,783,0,DAL,CAR,I,pass_forward,0.3372,0.3144,0.3226,2.5,2.3444,0.0082,Dak Prescott
2021100303,805,1,DAL,CAR,C,pass_forward,0.335,0.3297,0.3371,1.8,2.9323,0.0074,Dak Prescott
2021100303,933,0,DAL,CAR,C,pass_forward,0.2114,0.2136,0.1739,1.7,3.9014,-0.0397,Dak Prescott
2021100303,1002,1,DAL,CAR,R,run,0.6163,0.6752,0.5476,3.6,0.6657,-0.1276,Dak Prescott
2021100303,1072,1,DAL,CAR,C,pass_forward,0.4382,0.3844,0.3709,3.2,2.3205,-0.0135,Dak Prescott
2021100303,1096,1,DAL,CAR,C,pass_forward,0.2783,0.231,0.254,2.2,3.8203,0.023,Dak Prescott
2021100303,1233,0,CAR,DAL,C,pass_forward,0.1959,0.164,0.1899,3.4,1.1682,0.0259,Sam Darnold
2021100303,1257,0,CAR,DAL,I,pass_forward,0.1476,0.1824,0.1109,3.0,0.7793,-0.0715,Sam Darnold
2021100303,1294,1,CAR,DAL,C,pass_forward,0.2096,0.2017,0.1972,3.0,3.3916,-0.0045,Sam Darnold
2021100303,1339,0,CAR,DAL,I,pass_forward,0.2485,0.263,0.3139,3.8,2.3912,0.0509,Sam Darnold
2021100303,1365,1,CAR,DAL,R,run,0.2526,0.3042,0.1215,3.3,1.1316,-0.1827,Sam Darnold
2021100303,1452,1,CAR,DAL,C,pass_forward,0.5702,0.5817,0.6783,2.1,4.9442,0.0966,Sam Darnold
2021100303,1476,1,CAR,DAL,C,run,0.3974,0.342,0.2062,3.2,2.5263,-0.1359,Sam Darnold
2021100303,1751,0,DAL,CAR,I,pass_forward,0.6513,0.6486,0.5511,2.1,2.7533,-0.0975,Dak Prescott
2021100303,1824,0,CAR,DAL,C,pass_forward,0.1381,0.1539,0.1592,2.6,2.5859,0.0052,Sam Darnold
2021100303,1848,1,CAR,DAL,C,pass_forward,0.6625,0.4937,0.4903,1.6,4.4438,-0.0034,Sam Darnold
2021100303,1915,0,CAR,DAL,S,qb_sack,0.3191,0.2649,0.0324,3.6,0.4973,-0.2325,Sam Darnold
2021100303,1951,0,CAR,DAL,C,pass_forward,0.1853,0.1831,0.255,2.8,2.4913,0.0719,Sam Darnold
2021100303,2022,1,DAL,CAR,C,pass_forward,0.284,0.422,0.2715,1.9,2.6866,-0.1504,Dak Prescott
2021100303,2046,0,DAL,CAR,I,pass_forward,0.2961,0.2623,0.3847,2.9,1.6608,0.1223,Dak Prescott
2021100303,2068,0,DAL,CAR,I,pass_forward,0.3147,0.3275,0.4401,2.5,2.1639,0.1127,Dak Prescott
2021100303,2090,0,DAL,CAR,I,pass_forward,0.3147,0.3325,0.2249,2.1,2.1205,-0.1076,Dak Prescott
2021100303,2131,0,CAR,DAL,S,qb_sack,0.4039,0.3039,0.085,4.7,0.7052,-0.2189,Sam Darnold
2021100303,2254,1,CAR,DAL,C,pass_forward,0.1057,0.1609,0.1605,2.8,2.4549,-0.0004,Sam Darnold
2021100303,2299,0,CAR,DAL,I,pass_forward,0.4285,0.4113,0.3417,2.9,1.5834,-0.0696,Sam Darnold
2021100303,2321,0,CAR,DAL,I,pass_forward,0.4472,0.4256,0.2425,2.5,1.1693,-0.1831,Sam Darnold
2021100303,2426,1,DAL,CAR,C,pass_forward,0.2951,0.3031,0.2679,3.3,3.4531,-0.0352,Dak Prescott
2021100303,2503,0,CAR,DAL,I,run,0.4408,0.4866,0.491,2.4,1.9113,0.0045,Sam Darnold
2021100303,2525,0,CAR,DAL,S,qb_sack,0.4446,0.4472,0.0173,4.8,0.4305,-0.4299,Sam Darnold
2021100303,2587,1,DAL,CAR,C,pass_forward,0.6001,0.6217,0.8194,2.1,3.3407,0.1978,Dak Prescott
2021100303,2637,1,DAL,CAR,C,pass_forward,0.408,0.4115,0.3022,2.0,1.9836,-0.1093,Dak Prescott
2021100303,2691,0,CAR,DAL,I,pass_forward,0.2869,0.3647,0.303,2.9,2.4776,-0.0617,Sam Darnold
2021100303,2713,0,CAR,DAL,C,pass_forward,0.2922,0.3456,0.3243,6.6,2.1356,-0.0213,Sam Darnold
2021100303,2881,0,CAR,DAL,IN,pass_forward,0.4278,0.4705,0.2598,3.0,1.2662,-0.2107,Sam Darnold
2021100303,2949,1,DAL,CAR,C,pass_forward,0.3187,0.3127,0.2565,2.1,2.7388,-0.0562,Dak Prescott
2021100303,3026,0,CAR,DAL,I,pass_forward,0.5206,0.5931,0.5737,3.7,2.3162,-0.0194,Sam Darnold
2021100303,3048,0,CAR,DAL,IN,pass_forward,0.479,0.6034,0.64,2.0,2.5102,0.0366,Sam Darnold
2021100303,3219,0,CAR,DAL,S,qb_sack,0.1886,0.4373,0.0336,4.3,0.1342,-0.4037,Sam Darnold
2021100303,3238,0,CAR,DAL,C,pass_forward,0.0835,0.0516,0.0377,2.7,3.2228,-0.0139,Sam Darnold
2021100303,3262,0,CAR,DAL,C,pass_forward,0.4549,0.6196,0.5973,1.6,4.3601,-0.0223,Sam Darnold
2021100303,3392,0,CAR,DAL,C,pass_forward,0.2089,0.2644,0.278,2.9,2.6134,0.0136,Sam Darnold
2021100303,3416,1,CAR,DAL,C,pass_forward,0.3586,0.4896,0.4845,2.3,2.648,-0.0051,Sam Darnold
2021100303,3440,1,CAR,DAL,C,pass_forward,0.1938,0.2111,0.2631,3.0,2.3972,0.052,Sam Darnold
2021100303,3464,0,CAR,DAL,C,pass_forward,0.2018,0.1639,0.144,1.8,2.73,-0.0199,Sam Darnold
2021100303,3493,1,CAR,DAL,C,run,0.5543,0.5795,0.5379,2.2,2.166,-0.0416,Sam Darnold
2021100303,3612,0,DAL,CAR,I,pass_forward,0.5313,0.5896,0.6465,2.9,2.5538,0.057,Dak Prescott
2021100303,3678,0,CAR,DAL,C,pass_forward,0.2612,0.2447,0.2207,2.7,1.2592,-0.024,Sam Darnold
2021100303,3703,1,CAR,DAL,C,pass_forward,0.3909,0.4463,0.5378,3.1,3.2857,0.0914,Sam Darnold
2021100303,3727,0,CAR,DAL,I,pass_forward,0.2089,0.3232,0.3248,2.9,2.7015,0.0016,Sam Darnold
2021100303,3749,0,CAR,DAL,R,run,0.2089,0.2784,0.3249,2.3,4.3293,0.0465,Sam Darnold
2021100303,3823,0,CAR,DAL,I,pass_forward,0.3427,0.4997,0.5277,2.9,2.5831,0.028,Sam Darnold
2021100303,3857,1,CAR,DAL,C,pass_forward,0.3385,0.4346,0.4304,2.7,2.4906,-0.0042,Sam Darnold
2021100303,3919,1,CAR,DAL,C,pass_forward,0.3219,0.2917,0.3767,2.8,2.2295,0.085,Sam Darnold
2021100303,4068,0,DAL,CAR,C,pass_forward,0.4522,0.2492,0.1604,2.9,2.2106,-0.0888,Dak Prescott
2021100304,76,0,MIA,IND,C,pass_forward,0.4251,0.4437,0.4589,4.0,3.0335,0.0151,Jacoby Brissett
2021100304,105,1,MIA,IND,R,run,0.6726,0.8131,0.76,4.1,1.318,-0.0531,Jacoby Brissett
2021100304,147,0,MIA,IND,C,pass_forward,0.4875,0.4409,0.4815,2.9,2.254,0.0406,Jacoby Brissett
2021100304,207,0,MIA,IND,I,pass_forward,0.1594,0.1459,0.0917,6.7,1.0752,-0.0542,Jacoby Brissett
2021100304,293,0,MIA,IND,I,autoevent_passforward,0.4874,0.4317,0.4389,1.7,4.3833,0.0073,Jacoby Brissett
2021100304,340,0,MIA,IND,I,pass_forward,0.6152,0.6165,0.5679,2.4,3.5681,-0.0486,Jacoby Brissett
2021100304,484,0,IND,MIA,C,pass_forward,0.3324,0.3072,0.3881,3.5,1.7603,0.0809,Carson Wentz
2021100304,508,0,IND,MIA,S,qb_sack,0.3418,0.3328,0.0178,4.1,0.09,-0.3151,Carson Wentz
2021100304,573,1,MIA,IND,C,pass_forward,0.284,0.2753,0.2869,1.8,3.3206,0.0116,Jacoby Brissett
2021100304,602,0,MIA,IND,C,pass_forward,0.3539,0.4233,0.4646,3.6,2.2345,0.0413,Jacoby Brissett
2021100304,626,1,MIA,IND,R,run,0.5464,0.4996,0.379,4.8,2.091,-0.1205,Jacoby Brissett
2021100304,679,1,MIA,IND,C,pass_forward,0.5084,0.3802,0.4613,1.8,3.2912,0.081,Jacoby Brissett
2021100304,703,0,MIA,IND,C,pass_forward,0.3815,0.3553,0.4459,3.3,2.3941,0.0906,Jacoby Brissett
2021100304,748,1,MIA,IND,C,pass_forward,0.6138,0.5752,0.4666,4.5,1.9609,-0.1087,Jacoby Brissett
2021100304,844,0,MIA,IND,S,run,0.4536,0.4144,0.2601,2.3,1.5845,-0.1544,Jacoby Brissett
2021100304,965,0,IND,MIA,C,pass_forward,0.3116,0.1983,0.1082,3.9,0.9701,-0.0901,Carson Wentz
2021100304,1021,0,IND,MIA,C,pass_forward,0.2637,0.1488,0.1732,2.5,2.2412,0.0244,Carson Wentz
2021100304,1045,0,IND,MIA,S,qb_sack,0.4935,0.3581,0.0139,5.2,0.2691,-0.3443,Carson Wentz
2021100304,1115,0,MIA,IND,I,pass_forward,0.537,0.5465,0.4284,1.6,1.6503,-0.1181,Jacoby Brissett
2021100304,1137,0,MIA,IND,I,pass_forward,0.4602,0.4815,0.4834,2.2,1.8752,0.002,Jacoby Brissett
2021100304,1197,0,IND,MIA,I,pass_forward,0.2439,0.404,0.3746,2.7,2.6643,-0.0294,Carson Wentz
2021100304,1219,1,IND,MIA,C,pass_forward,0.4863,0.3015,0.4222,2.5,2.6939,0.1207,Carson Wentz
2021100304,1243,0,IND,MIA,C,pass_forward,0.4148,0.3527,0.1991,3.4,2.0392,-0.1536,Carson Wentz
2021100304,1304,0,IND,MIA,C,pass_forward,0.4133,0.5744,0.5066,2.0,2.5268,-0.0678,Carson Wentz
2021100304,1357,0,IND,MIA,C,pass_forward,0.3343,0.2805,0.3272,3.1,1.6508,0.0467,Carson Wentz
2021100304,1381,1,IND,MIA,C,pass_forward,0.4794,0.4293,0.5147,3.3,1.7329,0.0853,Carson Wentz
2021100304,1405,0,IND,MIA,I,pass_forward,0.4443,0.2448,0.276,3.9,2.415,0.0313,Carson Wentz
2021100304,1480,0,MIA,IND,C,pass_forward,0.4411,0.3034,0.2023,2.6,2.652,-0.1011,Jacoby Brissett
2021100304,1525,0,MIA,IND,I,pass_forward,0.5193,0.3966,0.3308,4.0,1.6965,-0.0659,Jacoby Brissett
2021100304,1547,0,MIA,IND,I,pass_forward,0.4324,0.5152,0.5696,2.7,1.2726,0.0543,Jacoby Brissett
2021100304,1588,0,IND,MIA,C,pass_forward,0.3089,0.2382,0.1423,5.0,1.5483,-0.0959,Carson Wentz
2021100304,1629,0,IND,MIA,I,pass_forward,0.5339,0.585,0.251,2.6,1.0804,-0.334,Carson Wentz
2021100304,1651,0,IND,MIA,C,pass_forward,0.537,0.5639,0.6257,3.9,2.2314,0.0619,Carson Wentz
2021100304,1734,0,IND,MIA,C,pass_forward,0.2994,0.2606,0.0788,3.2,0.7495,-0.1818,Carson Wentz
2021100304,1758,0,IND,MIA,I,pass_forward,0.3605,0.3756,0.4017,2.6,2.9477,0.0261,Carson Wentz
2021100304,1839,0,MIA,IND,S,qb_sack,0.379,0.3269,0.0193,4.9,0.264,-0.3076,Jacoby Brissett
2021100304,1957,1,IND,MIA,C,pass_forward,0.2777,0.2975,0.325,3.9,1.073,0.0275,Carson Wentz
2021100304,2044,0,IND,MIA,I,pass_forward,0.1626,0.1637,0.3035,5.7,3.0531,0.1398,Carson Wentz
2021100304,2089,1,IND,MIA,C,pass_forward,0.4346,0.4736,0.367,2.7,2.0723,-0.1066,Carson Wentz
2021100304,2158,1,IND,MIA,C,pass_forward,0.4223,0.3677,0.2089,2.6,2.7028,-0.1589,Carson Wentz
2021100304,2265,0,MIA,IND,C,pass_forward,0.2077,0.1993,0.1629,2.5,1.5591,-0.0364,Jacoby Brissett
2021100304,2361,0,IND,MIA,I,pass_forward,0.1119,0.1003,0.0956,2.3,2.0742,-0.0047,Carson Wentz
2021100304,2383,0,IND,MIA,C,pass_forward,0.0946,0.0859,0.1531,3.1,1.811,0.0672,Carson Wentz
2021100304,2515,0,IND,MIA,C,pass_forward,0.039,0.1076,0.0506,1.8,3.1014,-0.0569,Carson Wentz
2021100304,2597,0,MIA,IND,I,pass_forward,0.2534,0.3576,0.3741,2.3,3.0724,0.0165,Jacoby Brissett
2021100304,2619,0,MIA,IND,C,pass_forward,0.2534,0.3737,0.3981,2.9,1.5339,0.0243,Jacoby Brissett
2021100304,2643,1,MIA,IND,C,pass_forward,0.5166,0.5403,0.5249,2.3,2.5522,-0.0154,Jacoby Brissett
2021100304,2703,0,MIA,IND,S,qb_strip_sack,0.227,0.2947,0.0236,7.8,0.08,-0.2711,Jacoby Brissett
2021100304,2788,0,IND,MIA,I,pass_forward,0.3245,0.4263,0.4777,2.7,3.0332,0.0514,Carson Wentz
2021100304,2868,1,MIA,IND,C,pass_forward,0.4116,0.4441,0.6013,5.4,1.8881,0.1572,Jacoby Brissett
2021100304,2926,0,MIA,IND,I,pass_forward,0.1816,0.1885,0.1956,2.0,3.3095,0.0071,Jacoby Brissett
2021100304,2948,1,MIA,IND,C,pass_forward,0.2384,0.3922,0.3483,2.2,2.9045,-0.044,Jacoby Brissett
2021100304,3046,1,MIA,IND,C,pass_forward,0.4588,0.4851,0.5989,3.0,2.7916,0.1138,Jacoby Brissett
2021100304,3102,1,IND,MIA,C,pass_forward,0.3616,0.4409,0.3749,3.5,2.2147,-0.066,Carson Wentz
2021100304,3344,1,IND,MIA,C,pass_forward,0.1474,0.3074,0.328,2.8,2.5283,0.0207,Carson Wentz
2021100304,3400,1,MIA,IND,C,pass_forward,0.2665,0.2759,0.1731,5.8,2.0977,-0.1028,Jacoby Brissett
2021100304,3424,1,MIA,IND,C,pass_forward,0.214,0.2357,0.3103,2.3,3.7724,0.0747,Jacoby Brissett
2021100304,3448,0,MIA,IND,C,pass_forward,0.1962,0.2316,0.1755,1.9,2.8901,-0.0562,Jacoby Brissett
2021100304,3515,1,MIA,IND,C,pass_forward,0.4249,0.432,0.3493,4.5,1.9723,-0.0827,Jacoby Brissett
2021100304,3702,1,IND,MIA,C,pass_forward,0.6986,0.6533,0.6216,3.1,1.9864,-0.0317,Carson Wentz
2021100304,3809,1,IND,MIA,C,pass_forward,0.2284,0.1316,0.1265,5.1,0.1603,-0.0051,Carson Wentz
2021100305,126,0,MIN,CLE,C,pass_forward,0.3245,0.33,0.2242,1.9,2.2344,-0.1059,Kirk Cousins
2021100305,171,1,MIN,CLE,C,pass_forward,0.4401,0.4713,0.3468,2.6,1.5021,-0.1245,Kirk Cousins
2021100305,200,1,MIN,CLE,C,pass_forward,0.3582,0.4368,0.3319,4.1,1.6784,-0.1049,Kirk Cousins
2021100305,251,0,MIN,CLE,C,pass_forward,0.4724,0.5027,0.447,3.0,1.7007,-0.0557,Kirk Cousins
2021100305,317,1,MIN,CLE,R,run,0.3287,0.2725,0.281,4.7,0.9171,0.0085,Kirk Cousins
2021100305,374,1,MIN,CLE,C,pass_forward,0.161,0.1904,0.2965,3.1,2.1115,0.1061,Kirk Cousins
2021100305,463,0,CLE,MIN,C,pass_forward,0.4468,0.4489,0.4056,1.5,4.1255,-0.0433,Baker Mayfield
2021100305,511,0,CLE,MIN,I,pass_forward,0.3328,0.3621,0.1249,4.7,1.473,-0.2372,Baker Mayfield
2021100305,533,0,CLE,MIN,I,pass_forward,0.2545,0.296,0.2411,1.9,3.9149,-0.0549,Baker Mayfield
2021100305,555,1,CLE,MIN,C,pass_forward,0.2862,0.3298,0.5104,3.4,4.4277,0.1806,Baker Mayfield
2021100305,757,0,CLE,MIN,I,pass_forward,0.4871,0.4457,0.3288,4.8,2.7093,-0.1169,Baker Mayfield
2021100305,779,0,CLE,MIN,S,qb_sack,0.4436,0.4857,0.0309,4.5,0.2508,-0.4548,Baker Mayfield
2021100305,888,0,CLE,MIN,C,pass_forward,0.3354,0.3694,0.5406,3.3,2.3838,0.1712,Baker Mayfield
2021100305,936,0,CLE,MIN,I,pass_forward,0.607,0.6418,0.5964,1.8,2.6309,-0.0455,Baker Mayfield
2021100305,1003,0,MIN,CLE,I,pass_forward,0.4514,0.4134,0.0412,3.2,0.6017,-0.3722,Kirk Cousins
2021100305,1025,1,MIN,CLE,C,pass_forward,0.3787,0.3411,0.2507,2.0,2.2391,-0.0904,Kirk Cousins
2021100305,1134,0,MIN,CLE,I,pass_forward,0.4217,0.4838,0.3385,2.0,1.8128,-0.1453,Kirk Cousins
2021100305,1156,0,MIN,CLE,I,pass_forward,0.4217,0.4766,0.2079,2.8,0.7606,-0.2687,Kirk Cousins
2021100305,1262,1,CLE,MIN,C,pass_forward,0.4597,0.508,0.3329,5.1,5.0109,-0.175,Baker Mayfield
2021100305,1307,1,CLE,MIN,C,pass_forward,0.3796,0.3561,0.2546,1.8,2.8643,-0.1014,Baker Mayfield
2021100305,1512,0,CLE,MIN,C,pass_forward,0.1171,0.104,0.1187,2.4,3.1724,0.0147,Baker Mayfield
2021100305,1553,0,CLE,MIN,I,pass_forward,0.5094,0.4207,0.4829,2.7,2.2637,0.0622,Baker Mayfield
2021100305,1646,0,CLE,MIN,I,pass_forward,0.7348,0.8256,0.5523,2.7,2.2332,-0.2733,Baker Mayfield
2021100305,1785,0,MIN,CLE,I,pass_forward,0.3175,0.2791,0.2221,2.4,1.5778,-0.057,Kirk Cousins
2021100305,1807,0,MIN,CLE,C,pass_forward,0.3175,0.2804,0.2436,2.0,4.1454,-0.0368,Kirk Cousins
2021100305,1859,0,MIN,CLE,C,pass_forward,0.2247,0.1806,0.2581,3.2,1.0118,0.0776,Kirk Cousins
2021100305,1925,0,CLE,MIN,I,pass_forward,0.3139,0.2883,0.3816,2.9,2.1294,0.0933,Baker Mayfield
2021100305,1975,0,CLE,MIN,I,pass_forward,0.0829,0.0369,0.0661,3.9,1.0749,0.0293,Baker Mayfield
2021100305,2023,1,CLE,MIN,C,pass_forward,0.2712,0.3548,0.4352,3.2,2.9445,0.0804,Baker Mayfield
2021100305,2052,0,CLE,MIN,I,pass_forward,0.2231,0.3117,0.3487,3.9,4.7974,0.037,Baker Mayfield
2021100305,2074,0,CLE,MIN,I,pass_forward,0.1905,0.265,0.2646,3.0,2.5256,-0.0004,Baker Mayfield
2021100305,2096,0,CLE,MIN,I,pass_forward,0.1905,0.3537,0.3035,2.7,2.2413,-0.0502,Baker Mayfield
2021100305,2228,0,CLE,MIN,C,pass_forward,0.4561,0.5062,0.5334,2.5,2.4438,0.0272,Baker Mayfield
2021100305,2252,0,CLE,MIN,S,run,0.6574,0.6809,0.5379,5.1,1.5608,-0.143,Baker Mayfield
2021100305,2349,0,MIN,CLE,S,qb_sack,0.5985,0.6178,0.0468,5.1,0.6351,-0.571,Kirk Cousins
2021100305,2451,1,CLE,MIN,C,pass_forward,0.3254,0.3859,0.3803,2.4,2.8289,-0.0056,Baker Mayfield
2021100305,2538,0,CLE,MIN,I,pass_forward,0.4681,0.5421,0.2743,3.9,1.1661,-0.2678,Baker Mayfield
2021100305,2633,0,MIN,CLE,I,pass_forward,0.2817,0.2005,0.1623,2.1,3.3668,-0.0382,Kirk Cousins
2021100305,2816,0,CLE,MIN,R,run,0.4762,0.4709,0.4032,7.1,0.7685,-0.0677,Baker Mayfield
2021100305,2884,1,MIN,CLE,C,pass_forward,0.4374,0.5345,0.4701,1.9,2.2206,-0.0644,Kirk Cousins
2021100305,2929,0,MIN,CLE,S,qb_sack,0.3731,0.4273,0.0564,4.7,0.0894,-0.371,Kirk Cousins
2021100305,2967,1,MIN,CLE,C,pass_forward,0.2791,0.1935,0.2589,3.0,2.1146,0.0655,Kirk Cousins
2021100305,2991,1,MIN,CLE,C,pass_forward,0.3878,0.3417,0.2542,1.9,2.0224,-0.0875,Kirk Cousins
2021100305,3036,0,MIN,CLE,I,pass_forward,0.6694,0.6812,0.4216,2.8,1.6603,-0.2596,Kirk Cousins
2021100305,3091,0,MIN,CLE,C,pass_forward,0.3082,0.1865,0.1391,3.5,1.9772,-0.0474,Kirk Cousins
2021100305,3288,0,MIN,CLE,I,pass_forward,0.5045,0.4952,0.3282,2.9,1.5619,-0.167,Kirk Cousins
2021100305,3335,1,CLE,MIN,C,pass_forward,0.4359,0.3226,0.48,3.2,2.2063,0.1574,Baker Mayfield
2021100305,3422,0,CLE,MIN,S,run,0.3645,0.2834,0.2837,2.4,2.9958,0.0003,Baker Mayfield
2021100305,3441,0,CLE,MIN,I,pass_forward,0.3246,0.4054,0.3151,2.1,3.2773,-0.0903,Baker Mayfield
2021100305,3497,0,MIN,CLE,IN,pass_forward,0.3767,0.4379,0.3612,4.3,1.9232,-0.0767,Kirk Cousins
2021100305,3544,1,CLE,MIN,C,pass_forward,0.4682,0.3945,0.5074,2.7,2.0512,0.113,Baker Mayfield
2021100305,3589,0,CLE,MIN,I,pass_forward,0.3366,0.3151,0.3191,2.5,2.3816,0.0041,Baker Mayfield
2021100305,3611,0,CLE,MIN,I,pass_forward,0.3366,0.4404,0.4322,3.1,3.4648,-0.0083,Baker Mayfield
2021100305,3715,1,MIN,CLE,C,pass_forward,0.5568,0.4716,0.4254,2.2,2.8966,-0.0462,Kirk Cousins
2021100305,3787,0,MIN,CLE,C,pass_forward,0.4176,0.3658,0.3289,2.7,2.3336,-0.0369,Kirk Cousins
2021100305,3811,0,MIN,CLE,I,pass_forward,0.5999,0.6413,0.7074,2.2,2.4326,0.0661,Kirk Cousins
2021100305,3853,0,MIN,CLE,I,pass_forward,0.5999,0.641,0.2345,3.8,0.0721,-0.4065,Kirk Cousins
2021100305,3958,0,CLE,MIN,I,pass_forward,0.546,0.539,0.5302,3.5,4.8762,-0.0088,Baker Mayfield
2021100305,3998,0,MIN,CLE,I,pass_forward,0.267,0.36,0.1067,2.7,0.9585,-0.2534,Kirk Cousins
2021100305,4020,0,MIN,CLE,I,pass_forward,0.267,0.3075,0.1128,2.6,0.902,-0.1947,Kirk Cousins
2021100305,4042,0,MIN,CLE,C,pass_forward,0.272,0.367,0.2964,2.9,2.3712,-0.0705,Kirk Cousins
2021100305,4103,0,MIN,CLE,I,pass_forward,0.3456,0.2487,0.2999,2.1,2.5914,0.0512,Kirk Cousins
2021100305,4125,0,MIN,CLE,I,pass_forward,0.338,0.3352,0.3108,3.0,1.6532,-0.0244,Kirk Cousins
2021100305,4164,1,MIN,CLE,C,pass_forward,0.2697,0.3827,0.3402,3.0,1.8917,-0.0425,Kirk Cousins
2021100305,4205,0,MIN,CLE,I,pass_forward,0.2649,0.3575,0.2245,3.0,1.0948,-0.133,Kirk Cousins
2021100305,4227,0,MIN,CLE,C,pass_forward,0.3423,0.2815,0.3724,2.8,1.9305,0.0909,Kirk Cousins
2021100305,4273,0,MIN,CLE,I,pass_forward,0.5409,0.5263,0.4352,3.8,2.1061,-0.0912,Kirk Cousins
2021100306,83,0,NYG,NO,R,run,0.2801,0.3667,0.3903,3.4,2.323,0.0236,Daniel Jones
2021100306,104,0,NYG,NO,I,pass_forward,0.274,0.5936,0.3056,3.0,1.3462,-0.288,Daniel Jones
2021100306,198,0,NO,NYG,I,pass_forward,0.2918,0.4297,0.3135,3.3,1.475,-0.1162,Jameis Winston
2021100306,248,0,NO,NYG,I,pass_forward,0.3034,0.2495,0.2177,3.5,1.5477,-0.0318,Jameis Winston
2021100306,314,1,NYG,NO,C,pass_forward,0.2377,0.2823,0.4084,3.2,4.4518,0.1261,Daniel Jones
2021100306,363,0,NYG,NO,I,pass_forward,0.3366,0.4317,0.4805,3.2,2.8522,0.0488,Daniel Jones
2021100306,385,0,NYG,NO,I,pass_forward,0.3968,0.3522,0.2001,3.0,2.1902,-0.1521,Daniel Jones
2021100306,491,1,NO,NYG,C,pass_forward,0.3127,0.3445,0.3695,2.8,2.5689,0.025,Jameis Winston
2021100306,619,0,NO,NYG,I,pass_forward,0.5001,0.5586,0.5172,4.9,1.6241,-0.0414,Jameis Winston
2021100306,719,0,NYG,NO,C,pass_forward,0.0817,0.0395,0.0783,3.9,1.4123,0.0388,Daniel Jones
2021100306,799,0,NYG,NO,C,pass_forward,0.3294,0.295,0.2311,2.5,2.382,-0.0639,Daniel Jones
2021100306,876,1,NYG,NO,C,pass_forward,0.3362,0.3386,0.3743,3.5,1.9831,0.0356,Daniel Jones
2021100306,956,0,NYG,NO,I,pass_forward,0.6929,0.5213,0.3883,4.4,2.2327,-0.133,Daniel Jones
2021100306,998,0,NO,NYG,C,pass_forward,0.3253,0.3246,0.3206,1.9,4.022,-0.004,Jameis Winston
2021100306,1049,0,NO,NYG,I,pass_forward,0.3434,0.2742,0.1557,6.3,2.6073,-0.1185,Jameis Winston
2021100306,1144,0,NO,NYG,C,pass_forward,0.49,0.6103,0.574,2.1,3.0963,-0.0362,Jameis Winston
2021100306,1192,1,NYG,NO,C,pass_forward,0.3459,0.3417,0.4326,3.3,2.2006,0.0908,Daniel Jones
2021100306,1311,1,NO,NYG,C,pass_forward,0.3155,0.2225,0.2691,1.9,5.0636,0.0466,Jameis Winston
2021100306,1340,0,NO,NYG,C,pass_forward,0.3473,0.3782,0.4712,2.4,2.5307,0.093,Jameis Winston
2021100306,1402,1,NO,NYG,C,pass_forward,0.5971,0.646,0.6533,3.0,3.0467,0.0073,Jameis Winston
2021100306,1462,0,NO,NYG,C,pass_forward,0.0922,0.0686,0.0871,2.8,1.3462,0.0186,Taysom Hill
2021100306,1515,1,NO,NYG,C,pass_forward,0.3115,0.397,0.4489,3.0,4.2506,0.0519,Jameis Winston
2021100306,1675,1,NO,NYG,C,pass_forward,0.3695,0.4376,0.3933,2.4,2.7107,-0.0443,Jameis Winston
2021100306,1807,1,NYG,NO,R,run,0.6543,0.51,0.5024,3.7,1.422,-0.0075,Daniel Jones
2021100306,1850,0,NYG,NO,IN,pass_forward,0.3163,0.3539,0.2482,5.5,2.2192,-0.1057,Daniel Jones
2021100306,1910,1,NO,NYG,C,pass_forward,0.38,0.3622,0.3586,3.8,2.3893,-0.0035,Jameis Winston
2021100306,1936,0,NO,NYG,C,pass_forward,0.3035,0.2721,0.1796,1.9,3.4759,-0.0926,Jameis Winston
2021100306,2033,1,NYG,NO,C,pass_forward,0.2783,0.371,0.4114,3.4,2.5249,0.0403,Daniel Jones
2021100306,2082,0,NYG,NO,C,pass_forward,0.3154,0.3491,0.4426,2.0,3.7813,0.0935,Daniel Jones
2021100306,2111,1,NYG,NO,C,pass_forward,0.5081,0.6007,0.6091,2.7,3.1869,0.0084,Daniel Jones
2021100306,2139,1,NYG,NO,C,pass_forward,0.3177,0.3947,0.5915,3.2,2.1411,0.1968,Daniel Jones
2021100306,2172,1,NYG,NO,C,pass_forward,0.2954,0.2507,0.3943,3.1,2.3567,0.1436,Daniel Jones
2021100306,2256,0,NYG,NO,I,pass_forward,0.3566,0.3762,0.4179,2.2,3.6443,0.0417,Daniel Jones
2021100306,2360,1,NO,NYG,C,pass_forward,0.4963,0.5088,0.2887,5.7,1.217,-0.2201,Jameis Winston
2021100306,2425,0,NO,NYG,IN,pass_forward,0.0525,0.2611,0.2314,4.2,2.375,-0.0297,Taysom Hill
2021100306,2466,0,NYG,NO,C,pass_forward,0.3311,0.3248,0.2183,4.5,1.1037,-0.1065,Daniel Jones
2021100306,2570,0,NYG,NO,I,pass_forward,0.5376,0.6133,0.2289,2.8,1.2969,-0.3844,Daniel Jones
2021100306,2611,1,NO,NYG,C,pass_forward,0.356,0.273,0.3732,2.6,2.44,0.1002,Jameis Winston
2021100306,2835,1,NO,NYG,C,pass_forward,0.5695,0.6645,0.3948,2.3,2.314,-0.2698,Taysom Hill
2021100306,2968,0,NYG,NO,C,pass_forward,0.3968,0.2841,0.3164,3.4,2.0588,0.0322,Daniel Jones
2021100306,3067,0,NYG,NO,C,pass_forward,0.3545,0.3586,0.335,3.0,1.8088,-0.0235,Daniel Jones
2021100306,3228,1,NYG,NO,C,pass_forward,0.3521,0.29,0.3799,2.2,3.1593,0.0899,Daniel Jones
2021100306,3324,1,NO,NYG,C,pass_forward,0.3617,0.454,0.62,3.2,2.1086,0.166,Jameis Winston
2021100306,3443,0,NO,NYG,I,pass_forward,0.1901,0.1178,0.1378,3.2,1.3822,0.02,Jameis Winston
2021100306,3529,0,NYG,NO,C,pass_forward,0.3855,0.342,0.3023,2.0,3.2605,-0.0398,Daniel Jones
2021100306,3602,0,NYG,NO,I,pass_forward,0.2792,0.3364,0.295,2.7,2.0701,-0.0414,Daniel Jones
2021100306,3624,1,NYG,NO,C,pass_forward,0.2768,0.3947,0.3404,2.2,3.0961,-0.0543,Daniel Jones
2021100306,3648,0,NYG,NO,C,pass_forward,0.3015,0.2812,0.3231,2.1,3.3205,0.0418,Daniel Jones
2021100306,3676,0,NYG,NO,I,pass_forward,0.4957,0.5498,0.3073,3.5,1.4369,-0.2425,Daniel Jones
2021100306,3702,1,NYG,NO,C,pass_forward,0.4215,0.3981,0.3713,2.1,2.5414,-0.0267,Daniel Jones
2021100306,3747,0,NYG,NO,I,pass_forward,0.3825,0.289,0.2959,2.0,4.122,0.0069,Daniel Jones
2021100306,3769,0,NYG,NO,I,pass_forward,0.3875,0.3048,0.0887,2.2,0.9654,-0.2161,Daniel Jones
2021100306,3870,0,NO,NYG,I,pass_forward,0.4136,0.1617,0.3196,3.5,4.1339,0.158,Jameis Winston
2021100306,3947,1,NYG,NO,C,pass_forward,0.308,0.3163,0.3993,3.3,3.7953,0.0831,Daniel Jones
2021100306,4025,0,NYG,NO,R,run,0.3487,0.3229,0.3174,3.6,2.3793,-0.0055,Daniel Jones
2021100306,4114,0,NYG,NO,C,pass_forward,0.2835,0.2375,0.2825,5.6,3.6311,0.045,Daniel Jones
2021100306,4187,1,NYG,NO,C,pass_forward,0.3876,0.4424,0.5268,3.0,3.1341,0.0843,Daniel Jones
2021100307,109,0,NYJ,TEN,I,pass_forward,0.4189,0.4234,0.554,2.7,2.1951,0.1306,Zach Wilson
2021100307,156,0,TEN,NYJ,R,run,0.3465,0.3421,0.1546,5.2,2.2395,-0.1875,Ryan Tannehill
2021100307,203,0,TEN,NYJ,S,qb_sack,0.3107,0.338,0.0195,4.4,0.5022,-0.3185,Ryan Tannehill
2021100307,222,0,TEN,NYJ,I,pass_forward,0.1499,0.0906,0.0755,2.6,1.8182,-0.0151,Ryan Tannehill
2021100307,433,0,TEN,NYJ,I,pass_forward,0.2915,0.3088,0.2679,2.5,2.7641,-0.0409,Ryan Tannehill
2021100307,482,0,TEN,NYJ,S,qb_sack,0.3878,0.3033,0.0683,3.1,0.4904,-0.2351,Ryan Tannehill
2021100307,604,0,NYJ,TEN,I,pass_forward,0.1886,0.1771,0.1471,2.5,1.7729,-0.03,Zach Wilson
2021100307,725,1,TEN,NYJ,C,pass_forward,0.5493,0.5495,0.5294,2.4,2.4955,-0.0202,Ryan Tannehill
2021100307,749,1,TEN,NYJ,C,pass_forward,0.3231,0.2974,0.5495,3.0,2.34,0.2522,Ryan Tannehill
2021100307,818,1,TEN,NYJ,C,pass_forward,0.3968,0.4179,0.3093,3.6,2.108,-0.1086,Ryan Tannehill
2021100307,984,0,NYJ,TEN,IN,pass_forward,0.3204,0.4914,0.4418,3.4,2.3505,-0.0497,Zach Wilson
2021100307,1010,0,TEN,NYJ,C,pass_forward,0.3637,0.2775,0.2571,2.5,2.6025,-0.0204,Ryan Tannehill
2021100307,1066,0,TEN,NYJ,I,pass_forward,0.434,0.3689,0.4313,2.1,3.4382,0.0623,Ryan Tannehill
2021100307,1088,0,TEN,NYJ,S,qb_sack,0.4754,0.3206,0.04,4.7,0.3413,-0.2806,Ryan Tannehill
2021100307,1150,0,NYJ,TEN,I,pass_forward,0.3382,0.3116,0.1415,4.5,2.2138,-0.17,Zach Wilson
2021100307,1183,0,NYJ,TEN,I,pass_forward,0.3193,0.4953,0.2722,7.0,1.1037,-0.223,Zach Wilson
2021100307,1214,1,NYJ,TEN,C,pass_forward,0.2939,0.3618,0.4683,2.4,2.2944,0.1065,Zach Wilson
2021100307,1254,1,NYJ,TEN,C,pass_forward,0.3542,0.5521,0.4486,2.7,2.1465,-0.1035,Zach Wilson
2021100307,1283,0,NYJ,TEN,C,pass_forward,0.3792,0.3418,0.2027,4.1,2.2582,-0.1391,Zach Wilson
2021100307,1345,1,NYJ,TEN,C,pass_forward,0.4767,0.5023,0.5183,2.6,2.4655,0.016,Zach Wilson
2021100307,1537,0,TEN,NYJ,I,pass_forward,0.5513,0.5816,0.4236,2.1,1.8058,-0.158,Ryan Tannehill
2021100307,1647,0,NYJ,TEN,S,qb_sack,0.4854,0.4964,0.0477,3.2,0.2983,-0.4487,Zach Wilson
2021100307,1702,0,TEN,NYJ,C,pass_forward,0.3188,0.3811,0.3323,1.6,3.6849,-0.0488,Ryan Tannehill
2021100307,1726,1,TEN,NYJ,C,pass_forward,0.6133,0.5999,0.7113,1.7,2.8745,0.1114,Ryan Tannehill
2021100307,1779,1,TEN,NYJ,C,pass_forward,0.3224,0.2671,0.3211,2.7,3.7616,0.054,Ryan Tannehill
2021100307,1791,0,TEN,NYJ,C,pass_forward,0.3401,0.3108,0.3433,2.3,3.4782,0.0324,Ryan Tannehill
2021100307,1863,0,TEN,NYJ,C,pass_forward,0.2124,0.1897,0.2133,2.6,2.1087,0.0236,Ryan Tannehill
2021100307,1904,0,TEN,NYJ,S,qb_sack,0.617,0.5233,0.185,4.3,0.17,-0.3382,Ryan Tannehill
2021100307,2005,1,TEN,NYJ,C,pass_forward,0.4904,0.5143,0.471,2.3,2.7434,-0.0434,Ryan Tannehill
2021100307,2082,0,TEN,NYJ,C,pass_forward,0.0283,0.1187,0.11,2.7,2.472,-0.0087,Ryan Tannehill
2021100307,2106,0,TEN,NYJ,I,pass_forward,0.0363,0.1295,0.1885,3.3,3.8107,0.059,Ryan Tannehill
2021100307,2203,0,NYJ,TEN,C,pass_forward,0.4269,0.3966,0.5745,2.1,2.696,0.1779,Zach Wilson
2021100307,2333,0,TEN,NYJ,C,pass_forward,0.5119,0.3202,0.5055,2.5,2.4894,0.1853,Ryan Tannehill
2021100307,2412,0,TEN,NYJ,I,pass_forward,0.4301,0.2686,0.2267,3.2,2.4603,-0.042,Ryan Tannehill
2021100307,2455,0,TEN,NYJ,S,qb_sack,0.3864,0.4799,0.0551,4.1,0.3956,-0.4248,Ryan Tannehill
2021100307,2529,1,NYJ,TEN,C,pass_forward,0.3793,0.2902,0.4714,2.6,2.6243,0.1812,Zach Wilson
2021100307,2553,0,NYJ,TEN,C,pass_forward,0.4037,0.3166,0.4008,3.2,2.1957,0.0841,Zach Wilson
2021100307,2598,1,NYJ,TEN,C,pass_forward,0.4626,0.4978,0.1863,6.0,2.0125,-0.3114,Zach Wilson
2021100307,2668,0,NYJ,TEN,I,pass_forward,0.4001,0.3494,0.4329,2.7,3.305,0.0835,Zach Wilson
2021100307,2724,1,TEN,NYJ,C,pass_forward,0.358,0.3385,0.2291,2.5,2.2588,-0.1094,Ryan Tannehill
2021100307,2975,0,NYJ,TEN,I,pass_forward,0.4741,0.4461,0.4,2.6,1.7775,-0.0461,Zach Wilson
2021100307,2997,1,NYJ,TEN,C,pass_forward,0.3988,0.393,0.4226,3.8,2.3598,0.0296,Zach Wilson
2021100307,3049,1,NYJ,TEN,C,pass_forward,0.6346,0.4767,0.4596,2.6,3.8055,-0.0171,Zach Wilson
2021100307,3156,0,TEN,NYJ,S,qb_sack,0.4958,0.525,0.0415,4.8,0.3007,-0.4834,Ryan Tannehill
2021100307,3205,1,NYJ,TEN,C,pass_forward,0.3897,0.3127,0.1389,5.9,1.6377,-0.1738,Zach Wilson
2021100307,3261,0,TEN,NYJ,I,pass_forward,0.3832,0.3275,0.1986,3.7,2.5057,-0.1289,Ryan Tannehill
2021100307,3283,0,TEN,NYJ,I,pass_forward,0.2796,0.3286,0.2801,2.4,2.0847,-0.0485,Ryan Tannehill
2021100307,3308,0,TEN,NYJ,I,pass_forward,0.365,0.3164,0.3089,2.7,2.5067,-0.0075,Ryan Tannehill
2021100307,3349,0,NYJ,TEN,I,pass_forward,0.4303,0.3103,0.2694,4.4,1.2766,-0.0409,Zach Wilson
2021100307,3371,0,NYJ,TEN,C,pass_forward,0.3563,0.2085,0.3138,2.4,3.2504,0.1053,Zach Wilson
2021100307,3395,0,NYJ,TEN,R,run,0.4391,0.4398,0.155,8.0,1.19,-0.2848,Zach Wilson
2021100307,3510,0,TEN,NYJ,I,pass_forward,0.428,0.5025,0.2898,3.8,1.9674,-0.2127,Ryan Tannehill
2021100307,3532,1,TEN,NYJ,C,pass_forward,0.455,0.4678,0.3673,1.8,3.0522,-0.1005,Ryan Tannehill
2021100307,3629,0,TEN,NYJ,I,pass_forward,0.5856,0.5706,0.1333,2.7,0.969,-0.4373,Ryan Tannehill
2021100307,3714,1,TEN,NYJ,C,pass_forward,0.403,0.6064,0.5386,2.4,2.374,-0.0678,Ryan Tannehill
2021100307,3794,0,NYJ,TEN,C,pass_forward,0.5539,0.2047,0.1715,3.1,1.8783,-0.0332,Zach Wilson
2021100307,3835,0,NYJ,TEN,I,pass_forward,0.3576,0.3575,0.4879,2.4,3.8513,0.1305,Zach Wilson
2021100307,3920,0,TEN,NYJ,I,pass_forward,0.31,0.3623,0.3811,2.4,3.0628,0.0188,Ryan Tannehill
2021100307,3956,0,TEN,NYJ,I,pass_forward,0.3027,0.418,0.3179,4.4,1.3731,-0.1001,Ryan Tannehill
2021100307,4056,0,TEN,NYJ,I,pass_forward,0.2788,0.2892,0.0329,3.5,0.4802,-0.2563,Ryan Tannehill
2021100307,4085,1,TEN,NYJ,C,pass_forward,0.2788,0.3076,0.3096,1.8,2.6261,0.002,Ryan Tannehill
2021100307,4129,1,TEN,NYJ,C,pass_forward,0.2723,0.2771,0.3128,2.8,2.1597,0.0356,Ryan Tannehill
2021100307,4158,0,TEN,NYJ,C,pass_forward,0.2324,0.2454,0.2891,2.6,3.1684,0.0437,Ryan Tannehill
2021100307,4182,1,TEN,NYJ,C,pass_forward,0.4975,0.4313,0.2608,3.0,1.3854,-0.1705,Ryan Tannehill
2021100307,4206,0,TEN,NYJ,I,pass_forward,0.3713,0.697,0.8402,2.7,2.4459,0.1432,Ryan Tannehill
2021100307,4228,1,TEN,NYJ,C,pass_forward,0.6136,0.6184,0.7593,1.8,3.0465,0.1409,Ryan Tannehill
2021100307,4352,0,NYJ,TEN,I,pass_forward,0.3982,0.3474,0.462,3.0,1.8296,0.1146,Zach Wilson
2021100307,4374,0,NYJ,TEN,C,pass_forward,0.3346,0.2956,0.2574,1.7,2.5071,-0.0382,Zach Wilson
2021100307,4480,0,NYJ,TEN,I,pass_forward,0.3873,0.3589,0.1205,4.8,1.82,-0.2383,Zach Wilson
2021100307,4551,1,NYJ,TEN,C,pass_forward,0.4943,0.5737,0.5915,2.8,2.1593,0.0178,Zach Wilson
2021100307,4622,1,NYJ,TEN,C,pass_forward,0.4814,0.6551,0.7103,2.3,3.3071,0.0553,Zach Wilson
2021100307,4824,0,TEN,NYJ,S,qb_sack,0.3069,0.1544,0.015,3.5,0.1414,-0.1394,Ryan Tannehill
2021100307,4843,0,TEN,NYJ,C,pass_forward,0.1112,0.0718,0.0832,3.4,2.42,0.0113,Ryan Tannehill
2021100307,4929,0,TEN,NYJ,C,pass_forward,0.1791,0.1286,0.1173,2.6,1.729,-0.0113,Ryan Tannehill
2021100307,4953,0,TEN,NYJ,C,pass_forward,0.2689,0.2685,0.2409,2.5,3.9841,-0.0275,Ryan Tannehill
2021100307,5010,1,TEN,NYJ,C,pass_forward,0.3132,0.2798,0.2631,2.5,1.8527,-0.0167,Ryan Tannehill
2021100307,5051,0,TEN,NYJ,I,pass_forward,0.3113,0.2724,0.3349,2.9,1.3822,0.0625,Ryan Tannehill
2021100307,5108,0,TEN,NYJ,I,pass_forward,0.4173,0.4818,0.4161,2.5,1.6331,-0.0657,Ryan Tannehill
2021100307,5153,0,TEN,NYJ,I,pass_forward,0.2336,0.2937,0.0908,4.3,0.5376,-0.2028,Ryan Tannehill
2021100308,78,1,PHI,KC,C,pass_forward,0.2886,0.2995,0.3239,2.8,4.5719,0.0244,Jalen Hurts
2021100308,131,1,PHI,KC,C,pass_forward,0.2938,0.2872,0.3811,2.2,2.6551,0.094,Jalen Hurts
2021100308,176,0,PHI,KC,I,pass_forward,0.3768,0.3784,0.3648,2.5,2.5899,-0.0136,Jalen Hurts
2021100308,198,0,PHI,KC,R,run,0.3773,0.5465,0.5452,2.7,3.1099,-0.0013,Jalen Hurts
2021100308,353,1,KC,PHI,C,pass_forward,0.3084,0.2304,0.2424,2.1,3.0153,0.012,Patrick Mahomes
2021100308,409,0,KC,PHI,C,pass_forward,0.3211,0.2573,0.3127,2.4,3.0675,0.0554,Patrick Mahomes
2021100308,465,1,KC,PHI,C,pass_forward,0.3671,0.4366,0.4912,2.9,2.13,0.0546,Patrick Mahomes
2021100308,667,1,PHI,KC,C,pass_forward,0.3041,0.2566,0.4761,2.8,3.1871,0.2194,Jalen Hurts
2021100308,718,1,PHI,KC,C,pass_forward,0.4557,0.4775,0.4582,2.4,2.4919,-0.0192,Jalen Hurts
2021100308,800,0,PHI,KC,C,pass_forward,0.424,0.4669,0.4527,2.0,4.0143,-0.0143,Jalen Hurts
2021100308,836,1,PHI,KC,C,pass_forward,0.5638,0.3574,0.3172,2.6,2.3568,-0.0401,Jalen Hurts
2021100308,927,1,PHI,KC,C,pass_forward,0.4543,0.3116,0.3623,2.0,3.7167,0.0507,Jalen Hurts
2021100308,1178,1,KC,PHI,R,run,0.2393,0.2229,0.2177,2.6,1.4247,-0.0052,Patrick Mahomes
2021100308,1258,0,KC,PHI,R,run,0.4631,0.2816,0.1117,6.5,2.744,-0.1698,Patrick Mahomes
2021100308,1284,1,KC,PHI,C,pass_forward,0.4149,0.4058,0.4069,2.1,3.245,0.0012,Patrick Mahomes
2021100308,1343,1,KC,PHI,C,pass_forward,0.0613,0.0147,0.0141,1.9,4.9816,-0.0006,Patrick Mahomes
2021100308,1400,0,KC,PHI,I,pass_forward,0.3936,0.376,0.2852,6.0,1.2478,-0.0908,Patrick Mahomes
2021100308,1422,1,KC,PHI,C,pass_forward,0.3055,0.2506,0.3231,2.3,3.7443,0.0725,Patrick Mahomes
2021100308,1499,0,PHI,KC,R,run,0.3276,0.3555,0.4614,2.7,2.8202,0.1058,Jalen Hurts
2021100308,1562,0,PHI,KC,C,pass_forward,0.2987,0.2539,0.252,2.0,2.4573,-0.002,Jalen Hurts
2021100308,1586,0,PHI,KC,I,pass_forward,0.5893,0.6026,0.3488,3.5,1.5065,-0.2539,Jalen Hurts
2021100308,1653,1,PHI,KC,C,pass_forward,0.58,0.6465,0.2901,3.9,1.2175,-0.3564,Jalen Hurts
2021100308,1723,0,PHI,KC,C,pass_forward,0.2456,0.3223,0.3539,2.3,2.8546,0.0315,Jalen Hurts
2021100308,1788,0,PHI,KC,I,pass_forward,0.502,0.3408,0.3721,2.0,2.5854,0.0313,Jalen Hurts
2021100308,1824,0,PHI,KC,I,pass_forward,0.3837,0.409,0.1868,5.9,1.6286,-0.2221,Jalen Hurts
2021100308,1959,0,KC,PHI,C,pass_forward,0.2916,0.2371,0.2976,3.8,1.2463,0.0605,Patrick Mahomes
2021100308,2021,0,KC,PHI,I,pass_forward,0.2764,0.197,0.2134,2.2,2.6753,0.0163,Patrick Mahomes
2021100308,2193,1,PHI,KC,C,pass_forward,0.3288,0.3447,0.3522,3.6,2.7904,0.0074,Jalen Hurts
2021100308,2217,1,PHI,KC,C,pass_forward,0.3389,0.3183,0.2615,3.2,3.1945,-0.0568,Jalen Hurts
2021100308,2251,0,PHI,KC,I,pass_forward,0.3059,0.3005,0.3692,2.6,2.1335,0.0687,Jalen Hurts
2021100308,2274,0,PHI,KC,C,pass_forward,0.3423,0.302,0.3998,3.0,3.5887,0.0978,Jalen Hurts
2021100308,2298,0,PHI,KC,S,qb_strip_sack,0.2464,0.4274,0.3,3.4,0.3895,-0.1275,Jalen Hurts
2021100308,2368,0,KC,PHI,S,qb_sack,0.3171,0.3325,0.0235,4.9,0.1131,-0.309,Patrick Mahomes
2021100308,2457,0,KC,PHI,R,run,0.2966,0.2753,0.3034,2.8,2.2827,0.028,Patrick Mahomes
2021100308,2483,0,KC,PHI,IN,pass_forward,0.3083,0.2534,0.1809,2.9,1.4869,-0.0726,Patrick Mahomes
2021100308,2550,1,PHI,KC,C,pass_forward,0.1812,0.2203,0.2759,4.1,1.45,0.0556,Jalen Hurts
2021100308,2645,0,PHI,KC,C,pass_forward,0.3273,0.3365,0.4462,2.5,2.8651,0.1096,Jalen Hurts
2021100308,2713,0,PHI,KC,I,pass_forward,0.2543,0.1305,0.1364,3.0,1.3576,0.006,Jalen Hurts
2021100308,2735,0,PHI,KC,C,pass_forward,0.1687,0.1973,0.1896,2.3,2.1054,-0.0077,Jalen Hurts
2021100308,2759,0,PHI,KC,I,pass_forward,0.4043,0.4752,0.1455,6.3,1.0439,-0.3297,Jalen Hurts
2021100308,2927,1,KC,PHI,C,pass_forward,0.5259,0.4682,0.5524,1.9,3.7401,0.0842,Patrick Mahomes
2021100308,3017,0,KC,PHI,C,pass_forward,0.4056,0.3374,0.3921,4.0,2.5324,0.0547,Patrick Mahomes
2021100308,3062,1,KC,PHI,C,pass_forward,0.3202,0.3298,0.3879,1.8,5.0238,0.0581,Patrick Mahomes
2021100308,3173,0,PHI,KC,C,pass_forward,0.312,0.341,0.3894,2.4,4.4348,0.0484,Jalen Hurts
2021100308,3206,1,PHI,KC,C,pass_forward,0.4199,0.4307,0.5058,4.7,3.7326,0.0751,Jalen Hurts
2021100308,3309,1,PHI,KC,C,pass_forward,0.2752,0.2766,0.3737,3.2,1.8507,0.0971,Jalen Hurts
2021100308,3333,0,PHI,KC,S,qb_sack,0.2346,0.3031,0.0505,6.0,0.3561,-0.2527,Jalen Hurts
2021100308,3363,0,PHI,KC,C,pass_forward,0.1105,0.0796,0.0721,2.7,1.3606,-0.0075,Jalen Hurts
2021100308,3532,0,KC,PHI,I,pass_forward,0.4306,0.4171,0.4697,1.7,4.3241,0.0525,Patrick Mahomes
2021100308,3584,1,KC,PHI,C,pass_forward,0.6598,0.7129,0.7827,1.5,3.8146,0.0698,Patrick Mahomes
2021100308,3636,1,KC,PHI,R,run,0.3095,0.2527,0.2399,2.3,2.423,-0.0128,Patrick Mahomes
2021100308,3781,1,PHI,KC,C,pass_forward,0.4438,0.4332,0.5394,3.5,1.5654,0.1062,Jalen Hurts
2021100308,3810,0,PHI,KC,I,pass_forward,0.2926,0.2866,0.151,5.3,1.9646,-0.1356,Jalen Hurts
2021100308,3832,1,PHI,KC,C,pass_forward,0.2647,0.3139,0.3386,2.6,3.1287,0.0247,Jalen Hurts
2021100308,3861,0,PHI,KC,I,pass_forward,0.271,0.2651,0.4311,3.4,3.2598,0.166,Jalen Hurts
2021100308,3901,0,PHI,KC,S,qb_sack,0.2633,0.2756,0.0495,5.9,0.1131,-0.2261,Jalen Hurts
2021100308,3932,0,PHI,KC,I,pass_forward,0.2514,0.282,0.1322,3.2,1.0689,-0.1498,Jalen Hurts
2021100308,3956,0,PHI,KC,I,pass_forward,0.2507,0.304,0.0954,5.0,1.5003,-0.2086,Jalen Hurts
2021100308,4055,1,KC,PHI,C,pass_forward,0.633,0.5577,0.6289,2.1,4.5427,0.0711,Patrick Mahomes
2021100308,4190,1,KC,PHI,C,pass_forward,0.5327,0.4984,0.5373,3.2,2.4836,0.0389,Patrick Mahomes
2021100308,4246,0,PHI,KC,I,pass_forward,0.322,0.2709,0.22,2.6,1.3147,-0.0509,Jalen Hurts
2021100308,4268,0,PHI,KC,R,run,0.3156,0.294,0.4274,2.9,3.6014,0.1334,Jalen Hurts
2021100308,4306,1,PHI,KC,C,pass_forward,0.3565,0.4134,0.4925,3.5,4.1033,0.0792,Jalen Hurts
2021100308,4397,0,PHI,KC,I,pass_forward,0.2556,0.3556,0.3065,1.7,4.0555,-0.0492,Jalen Hurts
2021100308,4419,1,PHI,KC,R,autoevent_passforward,0.2233,0.2678,0.2362,3.0,3.9802,-0.0316,Jalen Hurts
2021100308,4471,1,PHI,KC,C,pass_forward,0.4738,0.3527,0.4259,2.5,2.794,0.0731,Jalen Hurts
2021100309,76,1,LA,ARI,C,pass_forward,0.5898,0.6416,0.4991,2.9,2.21,-0.1424,Matthew Stafford
2021100309,149,0,LA,ARI,C,pass_forward,0.2153,0.1108,0.2048,2.8,2.0495,0.094,Matthew Stafford
2021100309,173,1,LA,ARI,C,pass_forward,0.3422,0.4241,0.4208,2.5,2.5977,-0.0033,Matthew Stafford
2021100309,221,0,LA,ARI,I,pass_forward,0.4462,0.4445,0.4572,2.2,3.2374,0.0127,Matthew Stafford
2021100309,255,0,LA,ARI,I,pass_forward,0.4279,0.4251,0.4565,2.6,2.9562,0.0314,Matthew Stafford
2021100309,311,0,ARI,LA,I,pass_forward,0.2682,0.3022,0.4019,3.0,4.0561,0.0997,Kyler Murray
2021100309,333,0,ARI,LA,C,pass_forward,0.2946,0.2741,0.1665,3.3,1.9201,-0.1076,Kyler Murray
2021100309,362,0,ARI,LA,S,pass_forward,0.4031,0.5028,0.4286,2.0,4.553,-0.0742,Kyler Murray
2021100309,427,0,LA,ARI,IN,pass_forward,0.5596,0.5969,0.6094,4.0,2.2652,0.0125,Matthew Stafford
2021100309,479,0,ARI,LA,C,pass_forward,0.321,0.3209,0.4367,2.6,3.5775,0.1158,Kyler Murray
2021100309,541,1,ARI,LA,C,pass_forward,0.1073,0.2543,0.3833,3.3,4.9604,0.1289,Kyler Murray
2021100309,615,1,ARI,LA,C,pass_forward,0.4529,0.4324,0.5506,3.4,3.9406,0.1182,Kyler Murray
2021100309,703,0,LA,ARI,C,pass_forward,0.3571,0.3018,0.4342,4.2,2.1083,0.1324,Matthew Stafford
2021100309,732,0,LA,ARI,C,pass_forward,0.367,0.3429,0.3346,1.9,4.1355,-0.0083,Matthew Stafford
2021100309,871,1,LA,ARI,C,pass_forward,0.141,0.1858,0.1321,4.9,3.5365,-0.0538,Matthew Stafford
2021100309,927,0,ARI,LA,C,pass_forward,0.3197,0.4013,0.4419,2.0,4.1446,0.0406,Kyler Murray
2021100309,1012,1,ARI,LA,C,pass_forward,0.3297,0.3693,0.2306,1.8,3.4154,-0.1387,Kyler Murray
2021100309,1066,0,ARI,LA,C,pass_forward,0.2148,0.146,0.1556,2.1,1.676,0.0096,Kyler Murray
2021100309,1107,1,ARI,LA,C,pass_forward,0.5756,0.5885,0.4749,6.2,1.3831,-0.1136,Kyler Murray
2021100309,1131,0,ARI,LA,C,pass_forward,0.2646,0.2581,0.1674,5.9,3.3743,-0.0907,Kyler Murray
2021100309,1176,0,ARI,LA,C,pass_forward,0.1799,0.1824,0.3836,2.4,3.9851,0.2013,Kyler Murray
2021100309,1200,1,ARI,LA,C,pass_forward,0.1212,0.1039,0.1287,2.0,4.5708,0.0248,Kyler Murray
2021100309,1342,0,ARI,LA,I,pass_forward,0.0856,0.0612,0.1036,3.1,2.0464,0.0425,Kyler Murray
2021100309,1376,1,ARI,LA,R,run,0.0815,0.1401,0.1186,4.6,1.616,-0.0215,Kyler Murray
2021100309,1476,0,LA,ARI,I,pass_forward,0.3478,0.326,0.332,1.8,3.9952,0.006,Matthew Stafford
2021100309,1498,0,LA,ARI,I,pass_forward,0.3527,0.3302,0.3885,2.3,2.4887,0.0583,Matthew Stafford
2021100309,1520,1,LA,ARI,C,pass_forward,0.282,0.2854,0.4661,3.7,1.8793,0.1807,Matthew Stafford
2021100309,1577,0,LA,ARI,I,pass_forward,0.2899,0.2736,0.3541,3.4,1.4418,0.0805,Matthew Stafford
2021100309,1623,0,LA,ARI,I,pass_forward,0.522,0.6031,0.561,2.4,3.3409,-0.0421,Matthew Stafford
2021100309,1689,0,ARI,LA,I,pass_forward,0.4403,0.4296,0.4023,3.6,1.3918,-0.0273,Kyler Murray
2021100309,1711,0,ARI,LA,I,pass_forward,0.399,0.4501,0.5013,3.6,3.0411,0.0512,Kyler Murray
2021100309,1839,0,LA,ARI,I,pass_forward,0.09,0.1119,0.171,3.4,1.6847,0.0591,Matthew Stafford
2021100309,1861,1,LA,ARI,C,pass_forward,0.0859,0.1507,0.2693,3.4,2.4794,0.1186,Matthew Stafford
2021100309,1908,1,LA,ARI,C,pass_forward,0.1077,0.1284,0.2199,4.0,5.2676,0.0915,Matthew Stafford
2021100309,1953,0,LA,ARI,I,pass_forward,0.4366,0.2724,0.3166,1.7,3.0029,0.0442,Matthew Stafford
2021100309,1975,0,LA,ARI,I,pass_forward,0.3989,0.5246,0.5987,1.9,4.6098,0.0741,Matthew Stafford
2021100309,2054,0,ARI,LA,C,pass_forward,0.1432,0.1485,0.1718,2.0,4.2733,0.0233,Kyler Murray
2021100309,2078,1,ARI,LA,C,pass_forward,0.4102,0.3407,0.4621,2.3,3.4783,0.1214,Kyler Murray
2021100309,2140,1,ARI,LA,R,run,0.4805,0.4471,0.3821,5.7,1.9028,-0.065,Kyler Murray
2021100309,2313,1,ARI,LA,C,pass_forward,0.1566,0.1551,0.1644,4.7,2.3747,0.0092,Kyler Murray
2021100309,2342,0,ARI,LA,C,pass_forward,0.2669,0.2977,0.3316,2.2,3.729,0.0339,Kyler Murray
2021100309,2404,0,ARI,LA,S,run,0.2128,0.2508,0.0974,5.9,3.974,-0.1534,Kyler Murray
2021100309,2423,0,ARI,LA,I,pass_forward,0.1513,0.15,0.1835,5.3,2.9316,0.0335,Kyler Murray
2021100309,2542,0,ARI,LA,I,pass_forward,0.2219,0.3276,0.3417,1.5,3.5505,0.0142,Kyler Murray
2021100309,2564,0,ARI,LA,I,pass_forward,0.2395,0.3542,0.2207,4.0,1.6327,-0.1335,Kyler Murray
2021100309,2720,0,ARI,LA,C,pass_forward,0.3211,0.2626,0.5082,2.8,2.8352,0.2457,Kyler Murray
2021100309,2786,1,ARI,LA,C,pass_forward,0.3283,0.3667,0.4345,2.4,4.2117,0.0678,Kyler Murray
2021100309,2831,0,ARI,LA,I,pass_forward,0.3715,0.3663,0.195,2.3,2.0017,-0.1713,Kyler Murray
2021100309,2853,0,ARI,LA,S,qb_sack,0.3874,0.3787,0.0239,3.9,0.1204,-0.3548,Kyler Murray
2021100309,2985,0,LA,ARI,C,pass_forward,0.3596,0.4326,0.3619,2.3,2.57,-0.0707,Matthew Stafford
2021100309,3088,0,LA,ARI,I,pass_forward,0.5593,0.5747,0.424,3.0,2.6949,-0.1507,Matthew Stafford
2021100309,3175,0,ARI,LA,R,run,0.3238,0.3416,0.3681,4.1,3.8836,0.0264,Kyler Murray
2021100309,3196,0,ARI,LA,R,run,0.3995,0.459,0.3792,4.6,2.4302,-0.0797,Kyler Murray
2021100309,3239,1,ARI,LA,C,pass_forward,0.494,0.6404,0.6552,2.4,2.8988,0.0148,Kyler Murray
2021100309,3390,0,LA,ARI,C,pass_forward,0.1875,0.2542,0.2195,1.8,3.722,-0.0347,Matthew Stafford
2021100309,3414,1,LA,ARI,C,pass_forward,0.4457,0.4721,0.5468,2.1,4.0371,0.0746,Matthew Stafford
2021100309,3476,0,LA,ARI,I,pass_forward,0.045,0.2243,0.2243,3.5,1.0604,0.0,Matthew Stafford
2021100309,3498,1,LA,ARI,C,pass_forward,0.0433,0.1923,0.1287,4.9,1.056,-0.0636,Matthew Stafford
2021100309,3567,0,LA,ARI,C,pass_forward,0.1999,0.1959,0.2134,2.1,2.7105,0.0175,Matthew Stafford
2021100309,3615,0,LA,ARI,I,pass_forward,0.5107,0.6429,0.6445,2.4,1.9606,0.0015,Matthew Stafford
2021100309,3658,0,LA,ARI,C,pass_forward,0.1479,0.2041,0.1352,3.3,1.39,-0.069,Matthew Stafford
2021100309,3682,1,LA,ARI,R,run,0.4945,0.5986,0.4366,4.0,1.6484,-0.162,Matthew Stafford
2021100309,3703,0,LA,ARI,I,pass_forward,0.1879,0.3055,0.2403,3.7,1.4478,-0.0651,Matthew Stafford
2021100309,3725,0,LA,ARI,R,run,0.1979,0.2746,0.2559,4.7,2.2204,-0.0187,Matthew Stafford
2021100309,3767,0,LA,ARI,I,pass_forward,0.5774,0.6864,0.684,1.7,4.0184,-0.0024,Matthew Stafford
2021100309,4071,0,LA,ARI,C,pass_forward,0.2782,0.3106,0.2407,1.9,3.5264,-0.0699,Matthew Stafford
2021100309,4095,1,LA,ARI,C,pass_forward,0.6082,0.5943,0.6214,2.5,2.4916,0.0271,Matthew Stafford
2021100309,4151,1,LA,ARI,C,pass_forward,0.5656,0.5061,0.6675,2.4,2.9761,0.1613,Matthew Stafford
2021100309,4274,1,LA,ARI,C,pass_forward,0.4861,0.5039,0.4521,3.0,1.9307,-0.0518,Matthew Stafford
2021100309,4298,1,LA,ARI,C,pass_forward,0.1913,0.2834,0.2063,2.6,1.8472,-0.0771,Matthew Stafford
2021100310,97,0,SEA,SF,I,pass_forward,0.5122,0.538,0.4864,1.7,1.7048,-0.0515,Russell Wilson
2021100310,149,0,SF,SEA,C,pass_forward,0.2991,0.2873,0.3604,2.5,3.6698,0.073,Jimmy Garoppolo
2021100310,198,0,SF,SEA,C,pass_forward,0.2991,0.2902,0.2488,2.6,1.8797,-0.0414,Jimmy Garoppolo
2021100310,282,1,SF,SEA,C,pass_forward,0.4573,0.3331,0.2125,1.7,2.0652,-0.1206,Jimmy Garoppolo
2021100310,306,1,SF,SEA,C,pass_forward,0.3144,0.3562,0.5917,2.5,2.2051,0.2356,Jimmy Garoppolo
2021100310,359,1,SF,SEA,C,pass_forward,0.5965,0.6869,0.6185,3.0,1.9213,-0.0684,Jimmy Garoppolo
2021100310,422,0,SEA,SF,C,pass_forward,0.2476,0.3341,0.2157,3.5,2.1823,-0.1184,Russell Wilson
2021100310,446,0,SEA,SF,C,pass_forward,0.213,0.1864,0.1654,2.0,3.1375,-0.021,Russell Wilson
2021100310,474,0,SEA,SF,S,qb_sack,0.4224,0.5593,0.0255,3.3,0.198,-0.5337,Russell Wilson
2021100310,581,0,SF,SEA,I,pass_forward,0.3484,0.3094,0.3487,3.0,2.542,0.0394,Jimmy Garoppolo
2021100310,650,0,SEA,SF,I,pass_forward,0.2411,0.2822,0.1797,2.6,1.2238,-0.1025,Russell Wilson
2021100310,726,0,SEA,SF,S,qb_sack,0.4515,0.48,0.0314,3.2,0.1565,-0.4486,Russell Wilson
2021100310,809,1,SF,SEA,C,pass_forward,0.3157,0.3481,0.4626,2.3,2.1029,0.1145,Jimmy Garoppolo
2021100310,837,1,SF,SEA,C,pass_forward,0.4632,0.3169,0.4278,2.3,2.3014,0.111,Jimmy Garoppolo
2021100310,865,1,SF,SEA,C,pass_forward,0.4578,0.3208,0.2575,3.5,2.3829,-0.0632,Jimmy Garoppolo
2021100310,942,0,SF,SEA,S,qb_sack,0.3248,0.3431,0.0585,2.0,0.7517,-0.2846,Jimmy Garoppolo
2021100310,1129,0,SF,SEA,I,pass_forward,0.2396,0.2902,0.1973,4.8,0.1166,-0.0929,Jimmy Garoppolo
2021100310,1151,0,SF,SEA,I,pass_forward,0.3557,0.2995,0.3066,2.2,3.3263,0.0071,Jimmy Garoppolo
2021100310,1173,1,SF,SEA,C,pass_forward,0.334,0.3656,0.3057,1.8,3.2535,-0.06,Jimmy Garoppolo
2021100310,1290,0,SF,SEA,I,pass_forward,0.4327,0.4803,0.4976,2.4,3.0802,0.0172,Jimmy Garoppolo
2021100310,1391,0,SEA,SF,I,pass_forward,0.2029,0.4375,0.3733,2.1,2.2401,-0.0642,Russell Wilson
2021100310,1483,0,SF,SEA,I,pass_forward,0.4854,0.5,0.4432,2.8,2.4691,-0.0568,Jimmy Garoppolo
2021100310,1522,1,SEA,SF,C,pass_forward,0.406,0.2854,0.4066,3.3,2.7298,0.1212,Russell Wilson
2021100310,1592,1,SEA,SF,C,pass_forward,0.7377,0.7275,0.8553,3.2,2.0367,0.1278,Russell Wilson
2021100310,1658,1,SEA,SF,C,pass_forward,0.5424,0.4558,0.5902,2.1,3.1618,0.1345,Russell Wilson
2021100310,1731,0,SF,SEA,C,pass_forward,0.2931,0.2525,0.226,1.8,3.556,-0.0265,Jimmy Garoppolo
2021100310,1807,0,SF,SEA,I,pass_forward,0.3296,0.3452,0.3193,2.8,2.7523,-0.0259,Jimmy Garoppolo
2021100310,1829,0,SF,SEA,C,pass_forward,0.3299,0.3021,0.3773,3.2,2.1812,0.0752,Jimmy Garoppolo
2021100310,2086,1,SEA,SF,R,run,0.2886,0.383,0.277,4.0,2.1067,-0.1059,Russell Wilson
2021100310,2166,0,SEA,SF,I,pass_forward,0.3373,0.4235,0.3886,3.4,2.8059,-0.0349,Russell Wilson
2021100310,2238,0,SF,SEA,I,pass_forward,0.4255,0.3191,0.3034,2.8,2.1186,-0.0157,Trey Lance
2021100310,2281,0,SF,SEA,I,pass_forward,0.5245,0.515,0.5421,1.9,2.5973,0.027,Trey Lance
2021100310,2328,1,SEA,SF,C,pass_forward,0.3923,0.4226,0.4772,3.2,2.6255,0.0546,Russell Wilson
2021100310,2480,1,SEA,SF,R,run,0.5194,0.3969,0.41,3.9,2.094,0.0131,Russell Wilson
2021100310,2584,1,SEA,SF,C,pass_forward,0.1896,0.3115,0.1448,4.3,0.4993,-0.1667,Russell Wilson
2021100310,2711,1,SF,SEA,C,pass_forward,0.2408,0.325,0.4752,3.3,2.091,0.1502,Trey Lance
2021100310,2803,1,SEA,SF,C,pass_forward,0.2679,0.2219,0.3038,3.7,2.7405,0.082,Russell Wilson
2021100310,2831,0,SEA,SF,C,pass_forward,0.3044,0.2622,0.2768,2.3,3.5569,0.0147,Russell Wilson
2021100310,2920,0,SEA,SF,I,pass_forward,0.3744,0.4899,0.5586,2.4,4.9225,0.0688,Russell Wilson
2021100310,3013,0,SEA,SF,C,pass_forward,0.3959,0.2947,0.2436,2.3,2.4629,-0.0511,Russell Wilson
2021100310,3208,0,SF,SEA,I,pass_forward,0.3729,0.5255,0.5411,3.5,1.8561,0.0156,Trey Lance
2021100310,3230,0,SF,SEA,S,run,0.387,0.4805,0.3561,3.6,1.9231,-0.1243,Trey Lance
2021100310,3268,0,SEA,SF,I,pass_forward,0.2964,0.3814,0.1843,3.5,1.3929,-0.197,Russell Wilson
2021100310,3338,0,SEA,SF,I,pass_forward,0.267,0.3758,0.3367,2.4,5.2526,-0.0391,Russell Wilson
2021100310,3381,0,SF,SEA,R,run,0.3103,0.2258,0.2855,7.0,2.05,0.0597,Trey Lance
2021100310,3407,0,SF,SEA,I,pass_forward,0.4186,0.3648,0.519,3.0,3.0142,0.1542,Trey Lance
2021100310,3457,0,SF,SEA,R,run,0.3594,0.3343,0.4027,2.2,2.3192,0.0684,Trey Lance
2021100310,3478,1,SF,SEA,C,pass_forward,0.6938,0.5249,0.5489,3.4,2.0909,0.024,Trey Lance
2021100310,3536,0,SF,SEA,I,pass_forward,0.2946,0.3063,0.2806,7.3,0.8645,-0.0257,Trey Lance
2021100310,3558,0,SF,SEA,R,run,0.2322,0.3289,0.3377,3.9,2.3666,0.0088,Trey Lance
2021100310,3733,1,SF,SEA,C,pass_forward,0.2453,0.3646,0.2899,1.9,2.5353,-0.0747,Trey Lance
2021100310,3790,0,SF,SEA,R,run,0.2404,0.3491,0.3606,3.0,2.617,0.0115,Trey Lance
2021100310,3815,1,SF,SEA,C,pass_forward,0.6322,0.7278,0.605,4.8,0.8907,-0.1228,Trey Lance
2021100310,3915,0,SF,SEA,I,pass_forward,0.0555,0.0211,0.0259,3.2,1.5988,0.0047,Trey Lance
2021100310,3937,0,SF,SEA,C,pass_forward,0.0498,0.0928,0.0651,3.4,3.2319,-0.0277,Trey Lance
2021100310,3961,0,SF,SEA,C,pass_forward,0.3553,0.4071,0.3913,1.8,3.3021,-0.0157,Trey Lance
2021100310,4025,1,SF,SEA,C,pass_forward,0.3962,0.4449,0.4709,2.3,2.8675,0.0259,Trey Lance
2021100310,4066,0,SF,SEA,I,pass_forward,0.1954,0.2073,0.1946,3.6,1.6771,-0.0126,Trey Lance
2021100310,4094,0,SF,SEA,I,pass_forward,0.1938,0.2469,0.1274,3.0,1.0242,-0.1195,Trey Lance
2021100310,4116,0,SF,SEA,I,pass_forward,0.1511,0.1741,0.2184,2.0,3.9075,0.0443,Trey Lance
2021100310,4138,1,SF,SEA,R,run,0.1971,0.2507,0.1903,5.3,0.8336,-0.0604,Trey Lance
2021100311,55,1,DEN,BAL,C,pass_forward,0.3444,0.421,0.3856,2.0,1.9425,-0.0354,Teddy Bridgewater
2021100311,121,0,DEN,BAL,I,pass_forward,0.338,0.4444,0.3133,3.1,2.0471,-0.1311,Teddy Bridgewater
2021100311,143,0,DEN,BAL,I,pass_forward,0.2779,0.2483,0.206,2.4,2.0277,-0.0423,Teddy Bridgewater
2021100311,165,0,DEN,BAL,S,qb_sack,0.2648,0.3013,0.0444,3.7,0.2184,-0.2569,Teddy Bridgewater
2021100311,298,0,BAL,DEN,I,pass_forward,0.3491,0.3626,0.4629,3.9,2.1284,0.1003,Lamar Jackson
2021100311,320,0,BAL,DEN,I,pass_forward,0.3637,0.3321,0.3196,1.8,4.0605,-0.0124,Lamar Jackson
2021100311,360,1,DEN,BAL,C,pass_forward,0.271,0.3393,0.3119,1.9,3.5197,-0.0275,Teddy Bridgewater
2021100311,405,0,DEN,BAL,I,pass_forward,0.4114,0.4347,0.4901,2.3,2.2051,0.0553,Teddy Bridgewater
2021100311,427,0,DEN,BAL,I,pass_forward,0.447,0.3169,0.3575,1.7,3.1603,0.0407,Teddy Bridgewater
2021100311,466,1,BAL,DEN,C,pass_forward,0.4273,0.4285,0.6028,2.7,2.5863,0.1743,Lamar Jackson
2021100311,641,0,DEN,BAL,I,pass_forward,0.4439,0.5025,0.4596,2.3,2.0518,-0.0429,Teddy Bridgewater
2021100311,686,0,DEN,BAL,C,pass_forward,0.1793,0.321,0.1943,2.3,2.863,-0.1267,Teddy Bridgewater
2021100311,773,0,BAL,DEN,I,pass_forward,0.3433,0.3904,0.5026,2.2,4.4012,0.1122,Lamar Jackson
2021100311,795,0,BAL,DEN,I,pass_forward,0.245,0.1834,0.015,3.9,0.5482,-0.1684,Lamar Jackson
2021100311,842,0,DEN,BAL,R,run,0.4625,0.2846,0.2513,5.7,1.014,-0.0334,Teddy Bridgewater
2021100311,962,1,DEN,BAL,C,pass_forward,0.4374,0.5035,0.3536,1.7,2.6515,-0.1499,Teddy Bridgewater
2021100311,1039,1,BAL,DEN,C,pass_forward,0.4987,0.5283,0.575,2.7,1.6717,0.0467,Lamar Jackson
2021100311,1084,0,BAL,DEN,I,pass_forward,0.4536,0.5104,0.6187,3.4,3.765,0.1083,Lamar Jackson
2021100311,1150,1,BAL,DEN,C,pass_forward,0.3764,0.3002,0.5422,3.8,5.9106,0.242,Lamar Jackson
2021100311,1174,1,BAL,DEN,C,pass_forward,0.2513,0.272,0.3507,3.8,4.4693,0.0787,Lamar Jackson
2021100311,1269,0,DEN,BAL,I,pass_forward,0.3622,0.3063,0.3492,2.6,2.1557,0.0429,Teddy Bridgewater
2021100311,1312,0,DEN,BAL,S,qb_sack,0.5087,0.4247,0.0841,5.4,0.5801,-0.3406,Teddy Bridgewater
2021100311,1356,0,BAL,DEN,C,pass_forward,0.3461,0.3173,0.2791,2.1,3.0371,-0.0381,Lamar Jackson
2021100311,1401,0,BAL,DEN,I,pass_forward,0.3315,0.3209,0.5068,3.8,2.0875,0.1859,Lamar Jackson
2021100311,1423,1,BAL,DEN,C,pass_forward,0.3209,0.3133,0.2634,4.0,2.4963,-0.0499,Lamar Jackson
2021100311,1486,1,DEN,BAL,C,pass_forward,0.3237,0.4296,0.4423,2.0,1.8248,0.0127,Teddy Bridgewater
2021100311,1510,1,DEN,BAL,C,pass_forward,0.2722,0.2179,0.3901,2.1,2.7461,0.1722,Teddy Bridgewater
2021100311,1630,1,BAL,DEN,C,autoevent_passforward,0.3928,0.3352,0.4907,2.7,6.4128,0.1555,Lamar Jackson
2021100311,1680,0,BAL,DEN,C,pass_forward,0.4896,0.4473,0.4276,3.2,4.47,-0.0197,Lamar Jackson
2021100311,1820,0,DEN,BAL,I,pass_forward,0.4357,0.3949,0.038,3.3,0.253,-0.3569,Teddy Bridgewater
2021100311,1842,0,DEN,BAL,I,pass_forward,0.4792,0.309,0.1982,3.6,1.6115,-0.1108,Teddy Bridgewater
2021100311,1916,1,BAL,DEN,C,pass_forward,0.106,0.1266,0.1605,3.5,1.5172,0.0338,Lamar Jackson
2021100311,1961,0,BAL,DEN,I,pass_forward,0.1218,0.2269,0.1078,2.8,0.8297,-0.119,Lamar Jackson
2021100311,1983,0,BAL,DEN,I,pass_forward,0.1352,0.2499,0.5038,2.4,3.1681,0.2539,Lamar Jackson
2021100311,2045,0,BAL,DEN,S,qb_sack,0.0545,0.1611,0.0913,3.1,0.658,-0.0699,Lamar Jackson
2021100311,2174,0,BAL,DEN,I,pass_forward,0.3476,0.3972,0.2396,6.4,1.7454,-0.1577,Lamar Jackson
2021100311,2236,0,DEN,BAL,S,qb_sack,0.5421,0.5589,0.5041,5.1,0.892,-0.0547,Drew Lock
2021100311,2255,1,DEN,BAL,C,pass_forward,0.2752,0.3385,0.2085,2.5,3.1516,-0.13,Drew Lock
2021100311,2279,0,DEN,BAL,I,pass_forward,0.3023,0.3714,0.2533,3.4,2.2212,-0.1181,Drew Lock
2021100311,2301,1,DEN,BAL,C,pass_forward,0.2407,0.2826,0.3957,2.6,2.6489,0.1131,Drew Lock
2021100311,2325,0,DEN,BAL,S,qb_sack,0.3409,0.4071,0.0173,4.5,0.4531,-0.3898,Drew Lock
2021100311,2368,0,DEN,BAL,I,pass_forward,0.2688,0.3301,0.4858,5.1,4.5599,0.1557,Drew Lock
2021100311,2421,1,BAL,DEN,C,pass_forward,0.4425,0.3689,0.4784,3.5,2.5894,0.1095,Lamar Jackson
2021100311,2480,0,BAL,DEN,I,pass_forward,0.4747,0.4408,0.3405,4.5,3.2116,-0.1002,Lamar Jackson
2021100311,2525,0,BAL,DEN,S,qb_sack,0.2567,0.2507,0.0227,3.8,0.1628,-0.228,Lamar Jackson
2021100311,2569,0,DEN,BAL,I,pass_forward,0.3081,0.3643,0.4649,3.9,2.3182,0.1006,Drew Lock
2021100311,2649,0,DEN,BAL,I,pass_forward,0.211,0.1425,0.1267,2.5,2.9506,-0.0158,Drew Lock
2021100311,2695,0,DEN,BAL,C,pass_forward,0.2317,0.1852,0.1414,4.2,0.8013,-0.0438,Drew Lock
2021100311,2758,0,BAL,DEN,I,pass_forward,0.4852,0.4185,0.5484,3.1,2.2542,0.1299,Lamar Jackson
2021100311,2780,1,BAL,DEN,C,pass_forward,0.4449,0.452,0.4581,2.5,2.3336,0.0061,Lamar Jackson
2021100311,2809,1,BAL,DEN,C,pass_forward,0.3858,0.2501,0.4678,4.1,2.6974,0.2176,Lamar Jackson
2021100311,2854,0,BAL,DEN,I,pass_forward,0.5781,0.4625,0.2573,4.4,2.2217,-0.2052,Lamar Jackson
2021100311,2876,1,BAL,DEN,C,pass_forward,0.4912,0.4663,0.3969,1.9,3.3725,-0.0693,Lamar Jackson
2021100311,2900,0,BAL,DEN,C,pass_forward,0.4411,0.2848,0.2301,3.7,3.4048,-0.0547,Lamar Jackson
2021100311,2999,0,BAL,DEN,S,run,0.1106,0.094,0.0667,3.3,2.3838,-0.0274,Lamar Jackson
2021100311,3023,0,BAL,DEN,I,pass_forward,0.086,0.0908,0.0388,2.4,3.8203,-0.052,Lamar Jackson
2021100311,3045,0,BAL,DEN,C,pass_forward,0.0873,0.1232,0.0731,1.6,4.9363,-0.0501,Lamar Jackson
2021100311,3147,0,DEN,BAL,C,pass_forward,0.2856,0.2058,0.2143,2.0,3.0901,0.0085,Drew Lock
2021100311,3185,0,DEN,BAL,I,pass_forward,0.5516,0.5446,0.4961,2.1,2.6388,-0.0485,Drew Lock
2021100311,3309,1,DEN,BAL,C,pass_forward,0.2901,0.3226,0.331,2.4,2.1272,0.0084,Drew Lock
2021100311,3333,0,DEN,BAL,I,pass_forward,0.2865,0.282,0.231,2.1,2.129,-0.0509,Drew Lock
2021100311,3355,0,DEN,BAL,C,pass_forward,0.3156,0.2801,0.2157,2.4,1.4182,-0.0644,Drew Lock
2021100311,3419,0,DEN,BAL,I,pass_forward,0.1055,0.1555,0.1955,3.3,2.7264,0.0401,Drew Lock
2021100311,3458,0,BAL,DEN,R,run,0.4219,0.3652,0.237,4.1,2.3348,-0.1283,Lamar Jackson
2021100311,3484,0,BAL,DEN,C,pass_forward,0.3734,0.2324,0.3248,2.8,3.2787,0.0923,Lamar Jackson
2021100311,3508,1,BAL,DEN,C,pass_forward,0.4947,0.5819,0.6509,2.2,4.2422,0.069,Lamar Jackson
2021100311,3609,1,BAL,DEN,C,pass_forward,0.4614,0.4407,0.4765,3.2,2.1537,0.0358,Lamar Jackson
2021100311,3685,1,BAL,DEN,C,pass_forward,0.5086,0.6199,0.7128,1.6,4.8242,0.0929,Lamar Jackson
2021100311,3757,0,BAL,DEN,I,pass_forward,0.228,0.2478,0.5162,2.3,2.605,0.2684,Lamar Jackson
2021100311,3829,0,BAL,DEN,I,pass_forward,0.5561,0.7374,0.5086,3.7,1.6943,-0.2288,Lamar Jackson
2021100311,3887,0,DEN,BAL,S,qb_sack,0.2305,0.2776,0.0448,3.8,0.4675,-0.2328,Drew Lock
2021100311,3906,0,DEN,BAL,C,pass_forward,0.2513,0.2325,0.2139,3.0,2.5188,-0.0186,Drew Lock
2021100311,3951,0,DEN,BAL,C,pass_forward,0.3228,0.2902,0.3663,2.8,1.3738,0.0761,Drew Lock
2021100311,3992,1,DEN,BAL,C,pass_forward,0.828,0.8187,0.8503,2.4,1.8031,0.0316,Drew Lock
2021100311,4033,0,DEN,BAL,C,pass_forward,0.249,0.2702,0.3938,2.8,2.8344,0.1236,Drew Lock
2021100311,4074,0,DEN,BAL,I,pass_forward,0.3728,0.6108,0.4549,2.4,1.853,-0.1559,Drew Lock
2021100311,4096,0,DEN,BAL,IN,pass_forward,0.3276,0.5358,0.4059,2.7,2.0236,-0.13,Drew Lock
2021100312,55,0,PIT,GB,C,pass_forward,0.26,0.3488,0.2003,1.9,2.6881,-0.1485,Ben Roethlisberger
2021100312,126,0,PIT,GB,C,pass_forward,0.2849,0.3017,0.2696,2.2,3.267,-0.032,Ben Roethlisberger
2021100312,216,1,PIT,GB,C,pass_forward,0.5155,0.5561,0.5864,3.6,1.6279,0.0303,Ben Roethlisberger
2021100312,290,0,GB,PIT,C,pass_forward,0.2341,0.2931,0.2196,1.8,4.6547,-0.0736,Aaron Rodgers
2021100312,377,1,GB,PIT,C,pass_forward,0.3908,0.5219,0.4923,1.9,3.2116,-0.0295,Aaron Rodgers
2021100312,401,0,GB,PIT,C,pass_forward,0.2917,0.2384,0.4084,3.9,3.8394,0.17,Aaron Rodgers
2021100312,452,0,GB,PIT,S,qb_sack,0.4733,0.5173,0.0584,3.3,0.3265,-0.4588,Aaron Rodgers
2021100312,540,0,PIT,GB,I,pass_forward,0.5331,0.5795,0.5959,1.7,4.6463,0.0164,Ben Roethlisberger
2021100312,562,0,PIT,GB,I,pass_forward,0.4224,0.632,0.5733,2.0,1.9313,-0.0587,Ben Roethlisberger
2021100312,646,0,GB,PIT,I,pass_forward,0.4564,0.5645,0.4535,2.5,2.3194,-0.111,Aaron Rodgers
2021100312,690,0,GB,PIT,I,pass_forward,0.3368,0.2803,0.2985,2.7,2.1792,0.0182,Aaron Rodgers
2021100312,712,1,GB,PIT,C,pass_forward,0.3191,0.3083,0.3789,2.6,3.254,0.0707,Aaron Rodgers
2021100312,770,0,GB,PIT,I,pass_forward,0.4388,0.4864,0.4465,3.5,2.7722,-0.0399,Aaron Rodgers
2021100312,792,1,GB,PIT,C,pass_forward,0.4416,0.4723,0.5288,2.1,3.9407,0.0565,Aaron Rodgers
2021100312,816,0,GB,PIT,I,pass_forward,0.2246,0.2912,0.2284,2.0,3.2086,-0.0628,Aaron Rodgers
2021100312,878,1,GB,PIT,C,pass_forward,0.4056,0.5075,0.4965,2.4,4.1909,-0.011,Aaron Rodgers
2021100312,923,1,GB,PIT,R,run,0.4146,0.5112,0.4327,3.5,2.6823,-0.0785,Aaron Rodgers
2021100312,997,0,PIT,GB,I,pass_forward,0.4531,0.5079,0.6135,2.6,4.1961,0.1055,Ben Roethlisberger
2021100312,1019,0,PIT,GB,S,qb_strip_sack,0.4087,0.4158,0.122,2.8,1.0791,-0.2939,Ben Roethlisberger
2021100312,1083,0,GB,PIT,C,pass_forward,0.1484,0.1895,0.3427,4.4,1.02,0.1533,Aaron Rodgers
2021100312,1145,1,GB,PIT,C,pass_forward,0.2798,0.3239,0.3337,3.7,2.8448,0.0099,Aaron Rodgers
2021100312,1307,0,PIT,GB,C,pass_forward,0.1727,0.1524,0.0904,1.9,3.8477,-0.062,Ben Roethlisberger
2021100312,1342,1,PIT,GB,C,pass_forward,0.4539,0.5364,0.5483,2.2,3.6171,0.0119,Ben Roethlisberger
2021100312,1395,0,PIT,GB,I,pass_forward,0.309,0.385,0.5508,3.0,2.6437,0.1658,Ben Roethlisberger
2021100312,1438,0,PIT,GB,I,pass_forward,0.2312,0.2673,0.2268,2.1,4.3214,-0.0405,Ben Roethlisberger
2021100312,1522,0,GB,PIT,C,pass_forward,0.2923,0.3122,0.3725,3.3,2.5058,0.0603,Aaron Rodgers
2021100312,1626,0,GB,PIT,I,pass_forward,0.3034,0.3401,0.2132,2.8,1.1046,-0.127,Aaron Rodgers
2021100312,1665,1,GB,PIT,C,pass_forward,0.3136,0.3026,0.3623,2.2,3.9445,0.0597,Aaron Rodgers
2021100312,1689,0,GB,PIT,I,pass_forward,0.3191,0.3479,0.3318,2.2,3.4824,-0.0161,Aaron Rodgers
2021100312,1735,0,GB,PIT,I,pass_forward,0.1394,0.4072,0.4186,2.1,3.5091,0.0114,Aaron Rodgers
2021100312,1757,0,GB,PIT,I,pass_forward,0.1804,0.2242,0.2395,2.2,3.8174,0.0153,Aaron Rodgers
2021100312,1800,0,GB,PIT,I,pass_forward,0.1798,0.2547,0.2557,1.7,4.3524,0.001,Aaron Rodgers
2021100312,1979,0,GB,PIT,I,pass_forward,0.4628,0.4701,0.3557,4.4,1.4484,-0.1144,Aaron Rodgers
2021100312,2091,0,GB,PIT,I,pass_forward,0.3444,0.4166,0.2665,2.3,2.3413,-0.1501,Aaron Rodgers
2021100312,2113,1,GB,PIT,C,pass_forward,0.302,0.2997,0.362,2.5,2.8662,0.0623,Aaron Rodgers
2021100312,2169,0,GB,PIT,S,qb_sack,0.4286,0.3506,0.3477,3.6,1.1183,-0.0029,Aaron Rodgers
2021100312,2188,0,GB,PIT,I,pass_forward,0.2443,0.22,0.1792,2.7,1.34,-0.0409,Aaron Rodgers
2021100312,2262,0,PIT,GB,C,pass_forward,0.1848,0.283,0.1887,1.7,3.7887,-0.0943,Ben Roethlisberger
2021100312,2286,1,PIT,GB,C,pass_forward,0.4419,0.4536,0.395,1.7,4.3698,-0.0586,Ben Roethlisberger
2021100312,2331,0,PIT,GB,I,pass_forward,0.3461,0.3713,0.3676,2.8,2.0498,-0.0037,Ben Roethlisberger
2021100312,2353,0,PIT,GB,I,pass_forward,0.3403,0.3969,0.3567,2.6,1.4151,-0.0402,Ben Roethlisberger
2021100312,2619,0,PIT,GB,I,pass_forward,0.57,0.6447,0.6662,3.0,2.6976,0.0215,Ben Roethlisberger
2021100312,2641,0,PIT,GB,I,pass_forward,0.5118,0.633,0.6186,2.3,2.8162,-0.0144,Ben Roethlisberger
2021100312,2680,0,PIT,GB,C,pass_forward,0.5214,0.6072,0.5573,1.7,4.2803,-0.05,Ben Roethlisberger
2021100312,2708,1,GB,PIT,C,pass_forward,0.2949,0.3637,0.4984,2.4,1.9576,0.1347,Aaron Rodgers
2021100312,2769,0,PIT,GB,I,pass_forward,0.32,0.3143,0.3801,3.0,2.3832,0.0658,Ben Roethlisberger
2021100312,2791,1,PIT,GB,C,pass_forward,0.3027,0.3059,0.3449,2.3,2.4732,0.039,Ben Roethlisberger
2021100312,2860,0,PIT,GB,C,pass_forward,0.3233,0.3575,0.2797,1.0,3.6557,-0.0778,Ben Roethlisberger
2021100312,2903,0,PIT,GB,C,pass_forward,0.5264,0.5766,0.6675,2.0,4.4868,0.0909,Ben Roethlisberger
2021100312,2993,0,GB,PIT,C,pass_forward,0.1444,0.2125,0.228,2.0,4.4495,0.0155,Aaron Rodgers
2021100312,3017,0,GB,PIT,I,pass_forward,0.1927,0.264,0.3298,2.6,4.2032,0.0659,Aaron Rodgers
2021100312,3058,0,PIT,GB,C,pass_forward,0.2823,0.2258,0.1841,2.2,2.4752,-0.0416,Ben Roethlisberger
2021100312,3124,0,PIT,GB,S,qb_sack,0.3061,0.2848,0.0297,4.4,0.4982,-0.2551,Ben Roethlisberger
2021100312,3143,0,PIT,GB,C,pass_forward,0.1485,0.1396,0.1145,2.0,3.2256,-0.025,Ben Roethlisberger
2021100312,3189,0,PIT,GB,C,pass_forward,0.4337,0.494,0.4707,2.4,2.1086,-0.0232,Ben Roethlisberger
2021100312,3301,0,GB,PIT,I,pass_forward,0.5053,0.6318,0.6555,2.7,2.1621,0.0237,Aaron Rodgers
2021100312,3323,0,GB,PIT,I,pass_forward,0.4954,0.5843,0.6803,2.0,3.5519,0.096,Aaron Rodgers
2021100312,3362,0,GB,PIT,I,pass_forward,0.4794,0.4667,0.5142,2.0,3.8999,0.0475,Aaron Rodgers
2021100312,3384,1,PIT,GB,C,pass_forward,0.3051,0.3544,0.2776,3.0,3.1188,-0.0768,Ben Roethlisberger
2021100312,3442,1,PIT,GB,C,pass_forward,0.5796,0.6191,0.5356,2.6,2.4373,-0.0835,Ben Roethlisberger
2021100312,3466,0,PIT,GB,I,pass_forward,0.2863,0.2509,0.3659,2.7,1.9429,0.115,Ben Roethlisberger
2021100312,3488,1,PIT,GB,C,pass_forward,0.2868,0.2975,0.3415,3.0,1.5247,0.0439,Ben Roethlisberger
2021100312,3513,0,PIT,GB,C,pass_forward,0.3004,0.3384,0.3353,2.2,3.7881,-0.003,Ben Roethlisberger
2021100312,3537,0,PIT,GB,I,pass_forward,0.3872,0.4304,0.3457,4.7,2.082,-0.0848,Ben Roethlisberger
2021100312,3728,1,GB,PIT,C,pass_forward,0.4415,0.4216,0.5203,2.7,3.7607,0.0988,Aaron Rodgers
2021100312,3799,0,GB,PIT,S,qb_sack,0.5275,0.6326,0.2929,8.9,1.3777,-0.3397,Aaron Rodgers
2021100312,3865,0,PIT,GB,C,pass_forward,0.2295,0.268,0.2762,2.3,2.358,0.0082,Ben Roethlisberger
2021100312,3889,0,PIT,GB,IN,pass_forward,0.5213,0.4012,0.4454,2.5,3.1373,0.0442,Ben Roethlisberger
2021100313,56,0,NE,TB,C,pass_forward,0.3913,0.2497,0.214,1.8,4.0985,-0.0356,Mac Jones
2021100313,80,1,NE,TB,C,pass_forward,0.592,0.6636,0.7875,1.8,2.7102,0.1239,Mac Jones
2021100313,109,0,NE,TB,C,pass_forward,0.3625,0.3309,0.2323,2.7,2.3928,-0.0985,Mac Jones
2021100313,133,0,NE,TB,S,qb_sack,0.4713,0.529,0.0464,3.8,0.4785,-0.4826,Mac Jones
2021100313,161,0,NE,TB,I,pass_forward,0.288,0.4104,0.3371,3.6,0.9719,-0.0732,Mac Jones
2021100313,202,0,TB,NE,I,pass_forward,0.3305,0.4156,0.6594,2.4,2.7001,0.2438,Tom Brady
2021100313,226,0,TB,NE,C,pass_forward,0.3156,0.3103,0.4491,2.8,2.52,0.1388,Tom Brady
2021100313,303,0,TB,NE,C,pass_forward,0.1898,0.3056,0.3214,2.3,3.3489,0.0157,Tom Brady
2021100313,327,0,TB,NE,I,pass_forward,0.448,0.4673,0.4601,3.6,2.2062,-0.0073,Tom Brady
2021100313,399,0,NE,TB,I,pass_forward,0.1681,0.1316,0.1534,2.1,2.1247,0.0218,Mac Jones
2021100313,494,0,NE,TB,C,pass_forward,0.1995,0.1645,0.223,3.1,2.9482,0.0585,Mac Jones
2021100313,585,0,TB,NE,I,pass_forward,0.4142,0.3595,0.1836,3.4,2.1884,-0.1759,Tom Brady
2021100313,654,1,TB,NE,C,pass_forward,0.4168,0.612,0.4447,2.6,2.5248,-0.1673,Tom Brady
2021100313,678,1,TB,NE,C,pass_forward,0.3699,0.3601,0.5,3.3,2.1477,0.1399,Tom Brady
2021100313,758,0,TB,NE,I,pass_forward,0.5401,0.4823,0.54,2.5,2.3109,0.0577,Tom Brady
2021100313,780,0,TB,NE,I,pass_forward,0.4125,0.473,0.4487,2.4,2.8902,-0.0244,Tom Brady
2021100313,840,1,NE,TB,C,pass_forward,0.3185,0.2677,0.2047,2.2,2.381,-0.063,Mac Jones
2021100313,885,0,NE,TB,I,pass_forward,0.294,0.2749,0.3078,3.7,1.8253,0.0328,Mac Jones
2021100313,907,0,NE,TB,IN,pass_forward,0.318,0.3551,0.2411,2.5,1.6792,-0.114,Mac Jones
2021100313,970,0,TB,NE,I,pass_forward,0.4673,0.4865,0.3828,2.7,1.4087,-0.1037,Tom Brady
2021100313,1036,0,TB,NE,C,pass_forward,0.3344,0.2901,0.3306,2.7,2.7989,0.0405,Tom Brady
2021100313,1094,1,TB,NE,C,pass_forward,0.5814,0.5646,0.5542,3.1,3.7099,-0.0104,Tom Brady
2021100313,1163,0,TB,NE,I,pass_forward,0.4001,0.4429,0.543,3.6,3.8754,0.1001,Tom Brady
2021100313,1185,0,TB,NE,I,pass_forward,0.4,0.4657,0.3327,2.0,3.0067,-0.133,Tom Brady
2021100313,1295,0,NE,TB,C,pass_forward,0.075,0.0435,0.0596,3.8,1.4931,0.0161,Mac Jones
2021100313,1319,1,NE,TB,C,pass_forward,0.4967,0.5757,0.5943,2.3,2.6411,0.0185,Mac Jones
2021100313,1343,0,NE,TB,I,pass_forward,0.3395,0.2609,0.2771,2.0,2.9306,0.0162,Mac Jones
2021100313,1365,0,NE,TB,C,pass_forward,0.323,0.3997,0.2312,2.4,1.55,-0.1685,Mac Jones
2021100313,1475,0,NE,TB,C,pass_forward,0.0542,0.0215,0.03,2.9,3.32,0.0085,Mac Jones
2021100313,1511,1,NE,TB,C,pass_forward,0.4974,0.5173,0.6085,2.4,4.9816,0.0912,Mac Jones
2021100313,1594,0,NE,TB,C,pass_forward,0.2086,0.1854,0.182,2.3,2.4802,-0.0034,Mac Jones
2021100313,1618,1,NE,TB,C,pass_forward,0.4518,0.3738,0.4637,3.4,1.8778,0.0899,Mac Jones
2021100313,1718,0,TB,NE,C,pass_forward,0.3237,0.3058,0.2813,1.8,4.8138,-0.0246,Tom Brady
2021100313,1768,0,TB,NE,S,qb_sack,0.4778,0.4504,0.0283,3.4,0.2476,-0.4221,Tom Brady
2021100313,1789,0,TB,NE,I,pass_forward,0.1087,0.046,0.0437,4.7,2.2466,-0.0024,Tom Brady
2021100313,1854,0,NE,TB,C,pass_forward,0.3221,0.2603,0.194,2.0,2.3439,-0.0664,Mac Jones
2021100313,1930,0,NE,TB,S,qb_sack,0.1878,0.2809,0.0361,3.6,0.3189,-0.2448,Mac Jones
2021100313,2041,0,TB,NE,C,pass_forward,0.1929,0.3095,0.2252,1.8,3.9247,-0.0844,Tom Brady
2021100313,2070,1,TB,NE,C,pass_forward,0.5316,0.7,0.6937,5.5,1.5322,-0.0063,Tom Brady
2021100313,2111,1,TB,NE,C,pass_forward,0.3136,0.3142,0.3294,2.5,3.1032,0.0151,Tom Brady
2021100313,2135,1,TB,NE,C,pass_forward,0.3554,0.2346,0.3282,2.9,3.4979,0.0936,Tom Brady
2021100313,2159,0,TB,NE,I,pass_forward,0.2016,0.2075,0.2296,2.1,4.4539,0.0222,Tom Brady
2021100313,2181,0,TB,NE,I,pass_forward,0.1809,0.2255,0.2229,2.0,3.8332,-0.0027,Tom Brady
2021100313,2203,0,TB,NE,I,pass_forward,0.1822,0.2364,0.2615,2.1,4.2107,0.025,Tom Brady
2021100313,2379,0,TB,NE,I,pass_forward,0.5099,0.4153,0.3858,2.2,3.5374,-0.0295,Tom Brady
2021100313,2496,0,NE,TB,C,pass_forward,0.3134,0.3105,0.4474,3.5,2.1043,0.1369,Mac Jones
2021100313,2541,0,NE,TB,C,pass_forward,0.2824,0.2476,0.2074,1.7,3.5546,-0.0403,Mac Jones
2021100313,2628,0,TB,NE,I,pass_forward,0.5764,0.6064,0.6434,2.1,4.5967,0.037,Tom Brady
2021100313,2702,0,NE,TB,S,qb_sack,0.4459,0.4325,0.0192,4.5,0.136,-0.4133,Mac Jones
2021100313,2721,0,NE,TB,S,qb_sack,0.1982,0.2243,0.1187,2.8,1.3943,-0.1056,Mac Jones
2021100313,2948,0,TB,NE,I,autoevent_passforward,0.274,0.3284,0.2652,6.3,2.28,-0.0631,Tom Brady
2021100313,2970,0,TB,NE,C,pass_forward,0.2646,0.2359,0.293,2.6,2.8431,0.0571,Tom Brady
2021100313,3086,1,NE,TB,C,pass_forward,0.2767,0.2925,0.1923,2.7,1.1216,-0.1001,Mac Jones
2021100313,3110,1,NE,TB,C,pass_forward,0.3261,0.4178,0.4956,2.8,2.1879,0.0778,Mac Jones
2021100313,3134,0,NE,TB,C,pass_forward,0.2862,0.2508,0.2496,1.9,3.7887,-0.0013,Mac Jones
2021100313,3158,1,NE,TB,C,pass_forward,0.3714,0.4316,0.5662,2.8,2.4906,0.1346,Mac Jones
2021100313,3182,1,NE,TB,C,pass_forward,0.353,0.2819,0.3992,2.4,4.9357,0.1173,Mac Jones
2021100313,3254,1,NE,TB,C,pass_forward,0.5684,0.559,0.4271,1.8,1.6594,-0.1319,Mac Jones
2021100313,3367,1,TB,NE,C,pass_forward,0.5556,0.594,0.6068,2.1,4.2623,0.0128,Tom Brady
2021100313,3417,0,TB,NE,I,pass_forward,0.4429,0.3991,0.3815,3.5,2.008,-0.0176,Tom Brady
2021100313,3439,1,TB,NE,R,run,0.4453,0.4151,0.3952,4.3,1.4866,-0.0199,Tom Brady
2021100313,3550,0,TB,NE,I,pass_forward,0.3236,0.3021,0.3376,2.4,3.3479,0.0355,Tom Brady
2021100313,3572,1,TB,NE,C,pass_forward,0.3236,0.3186,0.2979,2.0,3.203,-0.0207,Tom Brady
2021100313,3617,0,TB,NE,I,pass_forward,0.4122,0.4744,0.486,2.3,3.634,0.0116,Tom Brady
2021100313,3639,0,TB,NE,I,pass_forward,0.3723,0.3829,0.2432,6.8,1.0908,-0.1397,Tom Brady
2021100313,3695,1,NE,TB,C,pass_forward,0.452,0.4462,0.3745,3.1,2.0012,-0.0717,Mac Jones
2021100313,3719,0,NE,TB,C,pass_forward,0.4464,0.339,0.1947,2.0,1.9428,-0.1442,Mac Jones
2021100313,3743,1,NE,TB,C,pass_forward,0.431,0.4577,0.5244,2.3,3.0504,0.0667,Mac Jones
2021100313,3800,0,NE,TB,I,pass_forward,0.2099,0.2363,0.2389,3.9,2.1528,0.0026,Mac Jones
2021100313,3822,0,NE,TB,I,pass_forward,0.2871,0.2236,0.2684,3.5,1.8991,0.0448,Mac Jones
2021100313,4001,0,TB,NE,C,pass_forward,0.0866,0.0409,0.0781,3.5,3.2834,0.0372,Tom Brady
2021100313,4028,1,TB,NE,C,pass_forward,0.5439,0.4588,0.5392,3.0,2.7848,0.0804,Tom Brady
2021100313,4100,0,TB,NE,I,pass_forward,0.4382,0.3342,0.3629,2.5,3.6137,0.0286,Tom Brady
2021100313,4139,0,TB,NE,I,pass_forward,0.3514,0.3924,0.4796,2.7,2.78,0.0872,Tom Brady
2021100313,4249,0,NE,TB,C,pass_forward,0.3468,0.35,0.2885,1.7,2.7886,-0.0615,Mac Jones
2021100313,4296,1,NE,TB,C,pass_forward,0.4581,0.398,0.4161,1.8,4.6277,0.0181,Mac Jones
2021100313,4325,0,NE,TB,I,pass_forward,0.307,0.416,0.2042,2.2,2.9946,-0.2118,Mac Jones
2021100313,4347,0,NE,TB,C,pass_forward,0.3018,0.3652,0.1626,2.1,1.4956,-0.2026,Mac Jones
2021100313,4376,0,NE,TB,I,pass_forward,0.5861,0.5624,0.6176,1.9,3.6552,0.0552,Mac Jones
2021100400,81,0,LAC,LV,C,pass_forward,0.2797,0.2382,0.2789,1.9,3.9004,0.0407,Justin Herbert
2021100400,149,0,LAC,LV,C,pass_forward,0.1742,0.119,0.1289,2.9,3.5512,0.0099,Justin Herbert
2021100400,196,1,LAC,LV,C,pass_forward,0.4015,0.4816,0.4891,3.3,1.6458,0.0075,Justin Herbert
2021100400,262,0,LAC,LV,C,pass_forward,0.2643,0.2603,0.2446,2.1,3.1453,-0.0157,Justin Herbert
2021100400,312,1,LAC,LV,C,pass_forward,0.5522,0.589,0.6213,2.0,4.0285,0.0322,Justin Herbert
2021100400,380,1,LAC,LV,C,pass_forward,0.5998,0.5178,0.5071,2.8,2.7874,-0.0108,Justin Herbert
2021100400,485,0,LV,LAC,I,pass_forward,0.4174,0.3996,0.4434,2.6,2.8557,0.0438,Derek Carr
2021100400,532,0,LAC,LV,I,pass_forward,0.2734,0.4999,0.2746,3.4,1.815,-0.2254,Justin Herbert
2021100400,592,0,LAC,LV,I,pass_forward,0.3726,0.4655,0.4894,2.4,3.6328,0.0239,Justin Herbert
2021100400,644,0,LV,LAC,I,pass_forward,0.3084,0.4877,0.4849,2.5,2.4616,-0.0028,Derek Carr
2021100400,666,0,LV,LAC,C,pass_forward,0.2087,0.2289,0.1918,2.3,2.212,-0.037,Derek Carr
2021100400,707,0,LV,LAC,S,qb_strip_sack,0.4442,0.4924,0.2135,2.6,1.2956,-0.2789,Derek Carr
2021100400,800,0,LAC,LV,S,qb_sack,0.3186,0.2751,0.0232,2.8,0.222,-0.252,Justin Herbert
2021100400,819,0,LAC,LV,I,pass_forward,0.1231,0.1477,0.1385,2.8,3.4497,-0.0091,Justin Herbert
2021100400,841,0,LAC,LV,C,pass_forward,0.0899,0.1333,0.2216,3.9,3.776,0.0883,Justin Herbert
2021100400,921,0,LV,LAC,S,qb_sack,0.0971,0.1456,0.2602,3.5,0.6544,0.1147,Derek Carr
2021100400,964,0,LV,LAC,C,pass_forward,0.0547,0.0498,0.0374,2.9,3.0501,-0.0123,Derek Carr
2021100400,1077,0,LAC,LV,I,pass_forward,0.5539,0.5494,0.4953,2.5,1.8049,-0.0541,Justin Herbert
2021100400,1198,0,LV,LAC,C,pass_forward,0.5353,0.4968,0.5418,3.0,2.0359,0.045,Derek Carr
2021100400,1222,0,LAC,LV,C,pass_forward,0.3334,0.2852,0.3852,3.5,1.6857,0.1,Justin Herbert
2021100400,1289,0,LAC,LV,C,pass_forward,0.4123,0.4136,0.5115,3.3,2.166,0.098,Justin Herbert
2021100400,1338,0,LV,LAC,C,pass_forward,0.326,0.2878,0.2662,2.0,3.5817,-0.0216,Derek Carr
2021100400,1362,0,LV,LAC,I,pass_forward,0.3745,0.4811,0.2543,3.6,1.455,-0.2268,Derek Carr
2021100400,1384,1,LV,LAC,C,pass_forward,0.451,0.5058,0.3523,2.6,1.5915,-0.1535,Derek Carr
2021100400,1424,0,LV,LAC,I,pass_forward,0.3605,0.2732,0.2448,1.9,3.2396,-0.0285,Derek Carr
2021100400,1446,0,LV,LAC,I,pass_forward,0.3634,0.2723,0.1594,2.7,1.4905,-0.1129,Derek Carr
2021100400,1468,0,LV,LAC,C,pass_forward,0.3415,0.3278,0.2643,1.9,3.0427,-0.0636,Derek Carr
2021100400,1522,1,LAC,LV,C,pass_forward,0.3283,0.3376,0.4701,3.0,1.983,0.1325,Justin Herbert
2021100400,1599,1,LAC,LV,C,pass_forward,0.5844,0.6327,0.6539,2.7,1.8531,0.0211,Justin Herbert
2021100400,1650,0,LAC,LV,C,pass_forward,0.2662,0.3473,0.3419,2.6,3.6293,-0.0054,Justin Herbert
2021100400,1674,1,LAC,LV,C,pass_forward,0.3267,0.3784,0.3729,2.3,2.4885,-0.0056,Justin Herbert
2021100400,1891,1,LAC,LV,C,pass_forward,0.3226,0.4552,0.3913,2.5,1.9948,-0.0639,Justin Herbert
2021100400,1953,0,LAC,LV,I,pass_forward,0.1784,0.2754,0.1476,2.6,0.8709,-0.1278,Justin Herbert
2021100400,1975,0,LAC,LV,C,pass_forward,0.1784,0.2686,0.1022,2.0,1.0911,-0.1664,Justin Herbert
2021100400,1999,1,LAC,LV,C,pass_forward,0.3893,0.4894,0.5076,2.3,3.2393,0.0181,Justin Herbert
2021100400,2023,1,LAC,LV,C,pass_forward,0.1628,0.2207,0.2816,2.6,4.5145,0.0608,Justin Herbert
2021100400,2047,0,LAC,LV,C,pass_forward,0.1588,0.2211,0.3596,3.3,2.3585,0.1385,Justin Herbert
2021100400,2088,1,LAC,LV,C,pass_forward,0.3592,0.5112,0.5666,2.1,2.327,0.0554,Justin Herbert
2021100400,2278,0,LV,LAC,C,pass_forward,0.2819,0.223,0.1866,1.8,3.3166,-0.0365,Derek Carr
2021100400,2302,1,LV,LAC,C,pass_forward,0.2248,0.3124,0.102,7.7,0.964,-0.2104,Derek Carr
2021100400,2386,1,LV,LAC,C,pass_forward,0.5045,0.6132,0.5445,4.4,2.2632,-0.0687,Derek Carr
2021100400,2457,0,LV,LAC,C,pass_forward,0.2227,0.2599,0.31,2.3,2.8288,0.0501,Derek Carr
2021100400,2505,0,LV,LAC,S,qb_sack,0.2541,0.2876,0.0251,5.1,0.2402,-0.2624,Derek Carr
2021100400,2524,0,LV,LAC,C,pass_forward,0.177,0.1566,0.1691,2.6,3.4253,0.0125,Derek Carr
2021100400,2548,1,LV,LAC,C,pass_forward,0.301,0.3351,0.324,4.1,2.9103,-0.011,Derek Carr
2021100400,2659,0,LAC,LV,I,pass_forward,0.3615,0.3387,0.3829,3.7,1.9394,0.0442,Justin Herbert
2021100400,2747,0,LAC,LV,I,pass_forward,0.3762,0.3123,0.2002,3.4,1.8966,-0.112,Justin Herbert
2021100400,2829,0,LV,LAC,C,pass_forward,0.247,0.2653,0.2163,1.8,3.4664,-0.049,Derek Carr
2021100400,2912,1,LV,LAC,C,pass_forward,0.3122,0.376,0.3962,3.0,1.6688,0.0202,Derek Carr
2021100400,2957,0,LV,LAC,I,pass_forward,0.5029,0.4294,0.1815,4.5,3.4821,-0.2479,Derek Carr
2021100400,2979,1,LV,LAC,C,pass_forward,0.4339,0.4828,0.453,3.9,2.7294,-0.0299,Derek Carr
2021100400,3047,0,LAC,LV,C,pass_forward,0.432,0.2149,0.1787,2.3,3.0608,-0.0362,Justin Herbert
2021100400,3116,1,LAC,LV,C,pass_forward,0.385,0.31,0.2578,1.7,3.7265,-0.0522,Justin Herbert
2021100400,3231,0,LAC,LV,I,pass_forward,0.3236,0.3808,0.167,2.9,1.0249,-0.2138,Justin Herbert
2021100400,3257,0,LAC,LV,I,pass_forward,0.3098,0.3045,0.1465,2.0,1.1783,-0.1581,Justin Herbert
2021100400,3279,0,LAC,LV,I,pass_forward,0.3098,0.4207,0.4675,3.3,1.5876,0.0468,Justin Herbert
2021100400,3337,1,LV,LAC,C,pass_forward,0.4144,0.341,0.517,3.7,2.1508,0.176,Derek Carr
2021100400,3423,0,LV,LAC,S,qb_sack,0.5351,0.5584,0.0573,4.1,0.4052,-0.501,Derek Carr
2021100400,3504,0,LAC,LV,I,pass_forward,0.5499,0.5544,0.6543,2.3,2.8425,0.0999,Justin Herbert
2021100400,3526,1,LAC,LV,C,pass_forward,0.5503,0.5407,0.6591,2.4,3.6733,0.1184,Justin Herbert
2021100400,3637,0,LAC,LV,R,run,0.298,0.2307,0.2549,2.6,2.1514,0.0242,Justin Herbert
2021100400,3711,0,LV,LAC,C,pass_forward,0.2969,0.2721,0.281,2.8,2.5646,0.0089,Derek Carr
2021100400,3735,0,LV,LAC,I,pass_forward,0.5484,0.4628,0.3977,2.0,2.8132,-0.0651,Derek Carr
2021100400,3757,0,LV,LAC,C,pass_forward,0.5371,0.4256,0.4813,2.1,2.636,0.0557,Derek Carr
2021100400,3781,1,LV,LAC,C,pass_forward,0.6486,0.6991,0.7357,2.5,2.3342,0.0366,Derek Carr
2021100400,3805,0,LV,LAC,I,pass_forward,0.3063,0.2706,0.2827,4.2,1.762,0.0121,Derek Carr
2021100400,3838,0,LV,LAC,R,run,0.2993,0.3349,0.0576,5.4,0.5054,-0.2773,Derek Carr
2021100400,3859,0,LV,LAC,IN,pass_forward,0.3169,0.3702,0.3697,3.5,3.0911,-0.0005,Derek Carr
2021100400,4096,0,LV,LAC,I,pass_forward,0.3302,0.4392,0.4182,2.8,1.8409,-0.021,Derek Carr
2021100400,4118,0,LV,LAC,R,run,0.3371,0.4192,0.4421,4.4,1.2102,0.0229,Derek Carr
2021100400,4139,0,LV,LAC,I,pass_forward,0.5105,0.4221,0.251,3.6,1.1868,-0.1711,Derek Carr
2021100400,4161,0,LV,LAC,I,pass_forward,0.4952,0.6912,0.599,3.8,1.1364,-0.0922,Derek Carr
2021100700,95,1,LA,SEA,C,pass_forward,0.1982,0.1993,0.2748,3.6,2.4052,0.0755,Matthew Stafford
2021100700,165,0,LA,SEA,I,pass_forward,0.4677,0.4753,0.4392,2.7,2.7262,-0.0361,Matthew Stafford
2021100700,227,1,SEA,LA,C,pass_forward,0.3272,0.3906,0.4038,3.8,2.4267,0.0131,Russell Wilson
2021100700,272,0,SEA,LA,C,pass_forward,0.419,0.4747,0.4239,2.0,5.0202,-0.0508,Russell Wilson
2021100700,301,0,SEA,LA,I,pass_forward,0.5567,0.6964,0.4025,3.8,1.5689,-0.2939,Russell Wilson
2021100700,372,0,LA,SEA,C,pass_forward,0.2196,0.1706,0.2525,2.2,3.884,0.0819,Matthew Stafford
2021100700,417,0,LA,SEA,C,pass_forward,0.3221,0.3348,0.3065,1.9,3.0201,-0.0284,Matthew Stafford
2021100700,523,0,SEA,LA,I,pass_forward,0.3322,0.3277,0.2707,2.0,1.9828,-0.057,Russell Wilson
2021100700,599,1,SEA,LA,C,pass_forward,0.3689,0.3092,0.2172,5.0,0.9708,-0.092,Russell Wilson
2021100700,734,0,LA,SEA,I,pass_forward,0.3827,0.4368,0.5549,3.5,2.3063,0.1181,Matthew Stafford
2021100700,780,0,LA,SEA,S,qb_sack,0.3825,0.4022,0.1921,5.1,0.2502,-0.2101,Matthew Stafford
2021100700,799,1,LA,SEA,C,pass_forward,0.0744,0.0723,0.103,2.7,3.2067,0.0307,Matthew Stafford
2021100700,823,1,LA,SEA,C,pass_forward,0.2919,0.2556,0.3044,2.7,2.03,0.0488,Matthew Stafford
2021100700,893,0,LA,SEA,IN,pass_forward,0.3252,0.3399,0.2422,6.6,2.8664,-0.0977,Matthew Stafford
2021100700,920,0,SEA,LA,R,run,0.3027,0.2817,0.322,3.2,2.5306,0.0403,Russell Wilson
2021100700,988,0,SEA,LA,IN,pass_forward,0.4044,0.4385,0.4768,3.1,3.4726,0.0383,Russell Wilson
2021100700,1014,0,LA,SEA,I,pass_forward,0.413,0.4013,0.2945,3.2,1.9287,-0.1069,Matthew Stafford
2021100700,1036,0,LA,SEA,C,pass_forward,0.3276,0.2738,0.2478,2.0,3.3915,-0.026,Matthew Stafford
2021100700,1205,1,SEA,LA,C,pass_forward,0.4406,0.41,0.4246,2.0,3.2313,0.0146,Russell Wilson
2021100700,1336,1,LA,SEA,C,pass_forward,0.4401,0.4252,0.5512,3.2,4.5592,0.126,Matthew Stafford
2021100700,1381,1,LA,SEA,C,pass_forward,0.6472,0.5318,0.5596,2.0,3.8738,0.0278,Matthew Stafford
2021100700,1405,0,LA,SEA,C,pass_forward,0.227,0.216,0.1985,2.1,3.756,-0.0175,Matthew Stafford
2021100700,1492,0,LA,SEA,C,pass_forward,0.3264,0.3109,0.2808,3.6,2.2422,-0.0301,Matthew Stafford
2021100700,1649,1,SEA,LA,C,pass_forward,0.2994,0.2598,0.2948,2.7,1.7977,0.0351,Russell Wilson
2021100700,1727,0,SEA,LA,C,pass_forward,0.1559,0.1782,0.2793,2.2,4.1283,0.1011,Russell Wilson
2021100700,1828,0,SEA,LA,C,pass_forward,0.0716,0.1245,0.1529,2.2,4.0384,0.0284,Russell Wilson
2021100700,1939,1,SEA,LA,C,pass_forward,0.3358,0.4612,0.2756,3.9,2.6849,-0.1856,Russell Wilson
2021100700,1984,0,SEA,LA,C,pass_forward,0.4067,0.5419,0.3281,2.6,1.3432,-0.2138,Russell Wilson
2021100700,2051,0,SEA,LA,S,qb_sack,0.2906,0.286,0.1648,8.0,0.3833,-0.1212,Russell Wilson
2021100700,2110,0,LA,SEA,C,pass_forward,0.2159,0.107,0.0896,1.8,4.6772,-0.0174,Matthew Stafford
2021100700,2139,0,LA,SEA,I,pass_forward,0.6148,0.6165,0.6708,2.9,3.4438,0.0544,Matthew Stafford
2021100700,2161,1,LA,SEA,C,pass_forward,0.5858,0.7071,0.6816,2.7,2.2872,-0.0254,Matthew Stafford
2021100700,2185,0,LA,SEA,I,pass_forward,0.2596,0.2328,0.3234,2.9,2.3712,0.0906,Matthew Stafford
2021100700,2207,0,LA,SEA,I,pass_forward,0.3274,0.3109,0.2776,3.0,1.9233,-0.0333,Matthew Stafford
2021100700,2229,1,LA,SEA,C,pass_forward,0.3555,0.3323,0.3161,3.5,2.5154,-0.0162,Matthew Stafford
2021100700,2353,0,SEA,LA,I,pass_forward,0.2065,0.2021,0.1835,2.9,1.5763,-0.0186,Russell Wilson
2021100700,2432,0,LA,SEA,I,pass_forward,0.2457,0.2799,0.1487,4.7,2.5371,-0.1311,Matthew Stafford
2021100700,2466,1,LA,SEA,C,pass_forward,0.2793,0.3705,0.2757,2.6,1.3326,-0.0948,Matthew Stafford
2021100700,2490,1,LA,SEA,C,pass_forward,0.3313,0.2728,0.3687,3.5,2.877,0.0959,Matthew Stafford
2021100700,2540,1,LA,SEA,C,pass_forward,0.2317,0.3362,0.3286,2.6,3.3124,-0.0076,Matthew Stafford
2021100700,2617,0,SEA,LA,C,pass_forward,0.3484,0.4733,0.3759,2.2,2.0939,-0.0974,Russell Wilson
2021100700,2641,0,SEA,LA,S,qb_sack,0.4026,0.5317,0.0166,7.7,0.3124,-0.5151,Russell Wilson
2021100700,2748,1,LA,SEA,C,pass_forward,0.5312,0.5426,0.645,3.0,2.0466,0.1024,Matthew Stafford
2021100700,2833,0,LA,SEA,I,pass_forward,0.4722,0.5911,0.5886,3.0,2.4003,-0.0024,Matthew Stafford
2021100700,2939,1,SEA,LA,C,pass_forward,0.1806,0.364,0.3281,2.1,2.946,-0.0359,Geno Smith
2021100700,3008,0,SEA,LA,R,run,0.2441,0.4304,0.3471,2.5,1.3761,-0.0832,Geno Smith
2021100700,3029,0,SEA,LA,C,pass_forward,0.5132,0.5055,0.5224,2.3,3.3782,0.0169,Geno Smith
2021100700,3095,1,SEA,LA,C,pass_forward,0.2457,0.3108,0.3621,4.2,3.893,0.0513,Geno Smith
2021100700,3119,1,SEA,LA,C,pass_forward,0.1859,0.2044,0.2701,2.9,2.6955,0.0658,Geno Smith
2021100700,3206,1,LA,SEA,C,pass_forward,0.3908,0.3724,0.4867,2.9,2.0655,0.1144,Matthew Stafford
2021100700,3230,1,LA,SEA,C,pass_forward,0.3138,0.2682,0.2838,3.7,2.0564,0.0155,Matthew Stafford
2021100700,3275,1,LA,SEA,C,pass_forward,0.277,0.2647,0.3594,3.0,2.6702,0.0947,Matthew Stafford
2021100700,3373,1,SEA,LA,C,pass_forward,0.4219,0.4181,0.4554,1.9,2.8946,0.0373,Geno Smith
2021100700,3425,0,SEA,LA,I,pass_forward,0.1848,0.1782,0.264,4.8,5.0689,0.0857,Geno Smith
2021100700,3447,0,SEA,LA,C,pass_forward,0.1848,0.14,0.153,1.9,2.4694,0.013,Geno Smith
2021100700,3471,1,SEA,LA,C,pass_forward,0.303,0.3589,0.3148,2.3,2.9821,-0.0441,Geno Smith
2021100700,3495,0,SEA,LA,I,pass_forward,0.2608,0.2703,0.179,2.4,1.1474,-0.0913,Geno Smith
2021100700,3562,0,SEA,LA,I,pass_forward,0.2876,0.2055,0.1467,2.9,1.19,-0.0589,Geno Smith
2021100700,3584,0,SEA,LA,I,pass_forward,0.2876,0.2098,0.1919,3.2,1.2021,-0.0179,Geno Smith
2021100700,3606,0,SEA,LA,I,pass_forward,0.2876,0.2053,0.1784,6.2,0.6748,-0.0269,Geno Smith
2021100700,3800,0,LA,SEA,I,pass_forward,0.4401,0.4126,0.4413,3.0,3.0013,0.0288,Matthew Stafford
2021100700,3841,0,SEA,LA,IN,pass_forward,0.3043,0.2648,0.307,3.8,2.7711,0.0422,Geno Smith
2021100700,4003,0,SEA,LA,I,pass_forward,0.3576,0.2686,0.1327,4.3,1.3393,-0.1358,Geno Smith
2021100700,4048,0,SEA,LA,R,run,0.2683,0.1152,0.1462,4.3,2.0806,0.031,Geno Smith
2021100700,4074,1,SEA,LA,C,pass_forward,0.5118,0.5295,0.5477,2.5,3.0724,0.0182,Geno Smith
2021101000,55,0,ATL,NYJ,C,pass_forward,0.3221,0.3168,0.1741,2.8,2.4456,-0.1428,Matt Ryan
2021101000,121,0,ATL,NYJ,I,pass_forward,0.2808,0.3272,0.1829,3.5,1.1595,-0.1442,Matt Ryan
2021101000,197,0,ATL,NYJ,I,pass_forward,0.5224,0.4463,0.5316,2.4,2.5416,0.0852,Matt Ryan
2021101000,219,0,ATL,NYJ,C,pass_forward,0.5872,0.6051,0.5666,2.3,4.5437,-0.0386,Matt Ryan
2021101000,319,1,ATL,NYJ,C,pass_forward,0.3187,0.2576,0.2073,1.9,2.6631,-0.0503,Matt Ryan
2021101000,364,0,ATL,NYJ,I,pass_forward,0.243,0.2966,0.3822,2.8,2.5213,0.0856,Matt Ryan
2021101000,465,0,NYJ,ATL,R,run,0.3729,0.5049,0.3181,5.1,1.0902,-0.1868,Zach Wilson
2021101000,486,0,NYJ,ATL,I,pass_forward,0.4886,0.4488,0.2566,5.1,4.1146,-0.1922,Zach Wilson
2021101000,625,1,ATL,NYJ,C,pass_forward,0.5593,0.6445,0.6604,3.5,1.8682,0.0159,Matt Ryan
2021101000,670,1,ATL,NYJ,C,pass_forward,0.3538,0.3297,0.4116,2.5,2.5489,0.0819,Matt Ryan
2021101000,715,1,ATL,NYJ,C,pass_forward,0.5756,0.4609,0.6005,4.5,2.1477,0.1395,Matt Ryan
2021101000,739,1,ATL,NYJ,C,pass_forward,0.2659,0.2123,0.2854,2.7,2.5266,0.0731,Matt Ryan
2021101000,763,1,ATL,NYJ,C,pass_forward,0.5827,0.5996,0.2842,2.3,2.2139,-0.3154,Matt Ryan
2021101000,828,0,NYJ,ATL,I,pass_forward,0.2375,0.3873,0.5705,2.9,2.1904,0.1832,Zach Wilson
2021101000,888,0,NYJ,ATL,C,pass_forward,0.206,0.1825,0.171,3.2,1.2735,-0.0115,Zach Wilson
2021101000,982,1,ATL,NYJ,C,pass_forward,0.299,0.2537,0.3133,2.3,1.8402,0.0596,Matt Ryan
2021101000,1051,1,ATL,NYJ,C,pass_forward,0.7217,0.5277,0.4712,3.5,2.1783,-0.0565,Matt Ryan
2021101000,1112,0,ATL,NYJ,I,pass_forward,0.2514,0.2633,0.2152,3.7,2.5854,-0.0481,Matt Ryan
2021101000,1134,1,ATL,NYJ,C,pass_forward,0.2745,0.3201,0.3456,1.9,2.9979,0.0254,Matt Ryan
2021101000,1190,0,NYJ,ATL,I,pass_forward,0.4157,0.2847,0.3565,3.6,2.2997,0.0718,Zach Wilson
2021101000,1212,0,NYJ,ATL,IN,pass_forward,0.4143,0.3479,0.4521,3.6,2.5026,0.1042,Zach Wilson
2021101000,1238,0,ATL,NYJ,C,pass_forward,0.3488,0.3151,0.4042,2.7,1.646,0.0891,Matt Ryan
2021101000,1268,1,ATL,NYJ,C,pass_forward,0.413,0.4346,0.4329,2.7,1.3774,-0.0018,Matt Ryan
2021101000,1329,1,NYJ,ATL,C,pass_forward,0.4397,0.3522,0.4151,2.1,2.883,0.0629,Zach Wilson
2021101000,1374,0,NYJ,ATL,I,pass_forward,0.6567,0.7227,0.7161,4.6,0.8793,-0.0067,Zach Wilson
2021101000,1492,0,NYJ,ATL,C,pass_forward,0.3251,0.4414,0.3476,4.2,2.4607,-0.0937,Zach Wilson
2021101000,1516,0,NYJ,ATL,I,pass_forward,0.3276,0.3456,0.3545,5.8,1.7806,0.0089,Zach Wilson
2021101000,1538,1,NYJ,ATL,C,pass_forward,0.2411,0.3908,0.5247,2.6,3.4065,0.1339,Zach Wilson
2021101000,1676,0,NYJ,ATL,C,pass_forward,0.2303,0.2972,0.3251,2.9,3.0375,0.0278,Zach Wilson
2021101000,1781,0,ATL,NYJ,I,pass_forward,0.5863,0.6315,0.5724,2.3,2.2322,-0.0591,Matt Ryan
2021101000,1803,1,ATL,NYJ,C,pass_forward,0.5328,0.6105,0.6336,2.2,3.3548,0.0231,Matt Ryan
2021101000,1827,1,ATL,NYJ,C,pass_forward,0.2627,0.2603,0.328,2.6,2.7538,0.0677,Matt Ryan
2021101000,1872,0,ATL,NYJ,I,pass_forward,0.4645,0.4003,0.1729,4.1,1.1102,-0.2274,Matt Ryan
2021101000,1927,0,ATL,NYJ,I,pass_forward,0.2247,0.2776,0.2766,2.7,2.35,-0.001,Matt Ryan
2021101000,1949,0,ATL,NYJ,I,pass_forward,0.2303,0.284,0.4135,2.7,2.16,0.1295,Matt Ryan
2021101000,1971,0,ATL,NYJ,C,pass_forward,0.2354,0.3661,0.3203,1.7,2.5254,-0.0458,Matt Ryan
2021101000,2283,1,ATL,NYJ,C,pass_forward,0.4257,0.512,0.5204,2.6,2.2652,0.0084,Matt Ryan
2021101000,2307,0,ATL,NYJ,C,pass_forward,0.2957,0.3839,0.1957,2.4,2.0479,-0.1882,Matt Ryan
2021101000,2340,0,ATL,NYJ,I,pass_forward,0.2751,0.281,0.3024,2.6,2.2135,0.0215,Matt Ryan
2021101000,2362,0,ATL,NYJ,I,pass_forward,0.3691,0.4141,0.3423,2.9,1.9167,-0.0719,Matt Ryan
2021101000,2402,1,NYJ,ATL,C,pass_forward,0.3103,0.362,0.4522,3.4,2.1866,0.0902,Zach Wilson
2021101000,2452,0,NYJ,ATL,I,pass_forward,0.2865,0.2489,0.1372,4.5,2.0869,-0.1117,Zach Wilson
2021101000,2474,0,NYJ,ATL,C,pass_forward,0.2753,0.3847,0.4027,3.5,1.4741,0.018,Zach Wilson
2021101000,2576,0,ATL,NYJ,I,pass_forward,0.4329,0.3835,0.2901,3.5,2.6225,-0.0934,Matt Ryan
2021101000,2598,1,ATL,NYJ,C,pass_forward,0.3311,0.3382,0.3238,4.4,1.6618,-0.0144,Matt Ryan
2021101000,2648,1,ATL,NYJ,C,pass_forward,0.4128,0.5659,0.5961,1.9,4.0168,0.0302,Matt Ryan
2021101000,2722,1,ATL,NYJ,C,pass_forward,0.5458,0.6003,0.6548,2.2,2.442,0.0545,Matt Ryan
2021101000,2837,0,NYJ,ATL,I,pass_forward,0.2301,0.2356,0.1777,3.1,1.2619,-0.0579,Zach Wilson
2021101000,2969,0,ATL,NYJ,C,pass_forward,0.4972,0.4326,0.5679,3.2,2.3565,0.1353,Matt Ryan
2021101000,3035,1,ATL,NYJ,C,pass_forward,0.3558,0.2841,0.3729,2.2,2.2441,0.0888,Matt Ryan
2021101000,3120,0,ATL,NYJ,C,pass_forward,0.0546,0.0641,0.0722,2.4,4.4991,0.0081,Matt Ryan
2021101000,3144,0,ATL,NYJ,C,pass_forward,0.3928,0.5048,0.2392,2.9,1.4309,-0.2657,Matt Ryan
2021101000,3187,0,NYJ,ATL,C,pass_forward,0.3163,0.3642,0.3716,2.3,3.18,0.0075,Zach Wilson
2021101000,3211,1,NYJ,ATL,C,pass_forward,0.5452,0.702,0.7773,3.3,5.5001,0.0753,Zach Wilson
2021101000,3270,1,NYJ,ATL,C,pass_forward,0.0593,0.0166,0.0289,3.0,3.8928,0.0123,Zach Wilson
2021101000,3397,1,ATL,NYJ,C,pass_forward,0.3817,0.4031,0.4803,3.4,3.0399,0.0772,Matt Ryan
2021101000,3442,0,ATL,NYJ,C,pass_forward,0.1911,0.1841,0.1494,2.2,4.1315,-0.0347,Matt Ryan
2021101000,3500,1,ATL,NYJ,C,pass_forward,0.2021,0.1895,0.1566,2.1,2.7703,-0.0329,Matt Ryan
2021101000,3545,0,ATL,NYJ,C,pass_forward,0.5028,0.454,0.3176,4.6,1.9991,-0.1364,Matt Ryan
2021101000,3700,0,NYJ,ATL,C,pass_forward,0.2976,0.2995,0.4531,3.0,5.2774,0.1536,Zach Wilson
2021101000,3729,0,NYJ,ATL,S,qb_sack,0.5294,0.6544,0.0409,5.8,0.05,-0.6135,Zach Wilson
2021101000,3765,1,NYJ,ATL,C,pass_forward,0.2114,0.2084,0.2256,3.0,3.2666,0.0172,Zach Wilson
2021101000,3789,1,NYJ,ATL,C,pass_forward,0.2347,0.2913,0.0933,3.0,0.7244,-0.1979,Zach Wilson
2021101000,3814,0,NYJ,ATL,I,pass_forward,0.2699,0.2326,0.2948,2.9,2.2314,0.0621,Zach Wilson
2021101000,3836,0,NYJ,ATL,C,pass_forward,0.2745,0.3711,0.3235,3.1,2.0371,-0.0476,Zach Wilson
2021101000,3860,1,NYJ,ATL,C,pass_forward,0.6004,0.6177,0.6878,2.2,3.7811,0.0701,Zach Wilson
2021101000,3889,0,NYJ,ATL,I,pass_forward,0.3225,0.256,0.1069,9.0,2.4062,-0.1491,Zach Wilson
2021101000,3911,1,NYJ,ATL,C,pass_forward,0.2636,0.2686,0.2912,3.4,2.7752,0.0226,Zach Wilson
2021101000,3952,0,NYJ,ATL,I,pass_forward,0.2614,0.1923,0.2508,2.8,2.9677,0.0584,Zach Wilson
2021101000,3974,0,NYJ,ATL,S,qb_sack,0.2593,0.2202,0.0958,7.4,0.3256,-0.1244,Zach Wilson
2021101001,62,0,PHI,CAR,I,pass_forward,0.333,0.2126,0.2105,2.3,3.1401,-0.002,Jalen Hurts
2021101001,206,0,CAR,PHI,C,pass_forward,0.28,0.3392,0.2857,2.0,3.1098,-0.0535,Sam Darnold
2021101001,251,1,CAR,PHI,R,run,0.5677,0.6148,0.5691,3.2,1.7912,-0.0457,Sam Darnold
2021101001,311,0,CAR,PHI,I,pass_forward,0.2934,0.3187,0.3776,2.9,1.889,0.059,Sam Darnold
2021101001,345,0,CAR,PHI,I,pass_forward,0.2934,0.3191,0.1762,6.7,2.1379,-0.1429,Sam Darnold
2021101001,450,0,PHI,CAR,I,pass_forward,0.4966,0.581,0.6307,2.4,2.2484,0.0497,Jalen Hurts
2021101001,539,0,CAR,PHI,IN,pass_forward,0.2699,0.1988,0.2114,2.6,1.6251,0.0126,Sam Darnold
2021101001,613,0,PHI,CAR,C,pass_forward,0.2576,0.2163,0.1564,5.9,2.8285,-0.06,Jalen Hurts
2021101001,735,1,CAR,PHI,C,pass_forward,0.3124,0.356,0.2422,2.0,2.1009,-0.1138,Sam Darnold
2021101001,806,0,CAR,PHI,I,pass_forward,0.4497,0.432,0.1884,5.0,1.3277,-0.2436,Sam Darnold
2021101001,828,1,CAR,PHI,C,pass_forward,0.3915,0.4325,0.3667,2.1,2.1371,-0.0658,Sam Darnold
2021101001,873,0,CAR,PHI,I,pass_forward,0.3555,0.3837,0.4142,2.6,3.3713,0.0306,Sam Darnold
2021101001,895,1,CAR,PHI,C,pass_forward,0.3735,0.3948,0.4384,2.2,3.3951,0.0435,Sam Darnold
2021101001,973,0,PHI,CAR,C,pass_forward,0.2918,0.3103,0.4173,2.4,3.8742,0.107,Jalen Hurts
2021101001,997,1,PHI,CAR,C,pass_forward,0.5526,0.5278,0.5161,2.0,3.0262,-0.0117,Jalen Hurts
2021101001,1063,0,PHI,CAR,I,pass_forward,0.3565,0.4164,0.5094,2.6,3.8668,0.093,Jalen Hurts
2021101001,1184,1,CAR,PHI,C,pass_forward,0.368,0.3816,0.501,2.4,2.0998,0.1194,Sam Darnold
2021101001,1229,0,CAR,PHI,I,pass_forward,0.32,0.3138,0.3879,3.6,1.0486,0.074,Sam Darnold
2021101001,1251,0,CAR,PHI,I,pass_forward,0.3185,0.3301,0.2834,3.0,1.3194,-0.0467,Sam Darnold
2021101001,1313,0,PHI,CAR,C,pass_forward,0.4952,0.504,0.5334,2.3,2.7457,0.0294,Jalen Hurts
2021101001,1359,1,PHI,CAR,C,pass_forward,0.2662,0.4302,0.3954,1.8,2.6011,-0.0348,Jalen Hurts
2021101001,1383,0,PHI,CAR,I,pass_forward,0.3426,0.2988,0.202,6.0,2.0985,-0.0968,Jalen Hurts
2021101001,1429,0,PHI,CAR,I,pass_forward,0.342,0.2562,0.2799,4.7,1.0891,0.0238,Jalen Hurts
2021101001,1518,0,CAR,PHI,S,qb_sack,0.5931,0.5446,0.0466,3.0,0.1345,-0.4981,Sam Darnold
2021101001,1556,0,PHI,CAR,I,pass_forward,0.2607,0.4052,0.2217,7.2,0.8705,-0.1834,Jalen Hurts
2021101001,1679,1,CAR,PHI,C,pass_forward,0.3301,0.3742,0.3812,3.5,1.8222,0.007,Sam Darnold
2021101001,1780,0,CAR,PHI,S,qb_sack,0.2508,0.2202,0.0211,5.2,0.0141,-0.1992,Sam Darnold
2021101001,1974,0,CAR,PHI,C,pass_forward,0.2938,0.2794,0.3743,2.6,1.9601,0.0949,Sam Darnold
2021101001,2019,0,CAR,PHI,C,pass_forward,0.4433,0.4294,0.3186,1.9,4.2538,-0.1109,Sam Darnold
2021101001,2095,1,PHI,CAR,C,pass_forward,0.4003,0.2412,0.1967,2.7,1.2756,-0.0445,Jalen Hurts
2021101001,2135,1,PHI,CAR,C,pass_forward,0.3495,0.2786,0.4618,3.9,3.7092,0.1832,Jalen Hurts
2021101001,2209,1,PHI,CAR,C,pass_forward,0.465,0.4834,0.4257,2.0,3.5968,-0.0577,Jalen Hurts
2021101001,2250,0,PHI,CAR,I,pass_forward,0.3014,0.2545,0.3732,3.0,2.0236,0.1187,Jalen Hurts
2021101001,2330,0,CAR,PHI,C,pass_forward,0.3938,0.3001,0.3345,2.4,2.0723,0.0345,Sam Darnold
2021101001,2391,0,CAR,PHI,C,pass_forward,0.3774,0.3386,0.2213,3.7,2.348,-0.1173,Sam Darnold
2021101001,2415,0,CAR,PHI,I,pass_forward,0.285,0.2721,0.2435,3.5,1.5357,-0.0285,Sam Darnold
2021101001,2437,0,CAR,PHI,I,pass_forward,0.285,0.305,0.322,3.3,1.5729,0.0169,Sam Darnold
2021101001,2514,0,PHI,CAR,R,run,0.3507,0.4486,0.52,3.9,3.9409,0.0714,Jalen Hurts
2021101001,2540,1,PHI,CAR,C,pass_forward,0.4495,0.4203,0.3835,2.1,3.0557,-0.0368,Jalen Hurts
2021101001,2622,0,CAR,PHI,S,qb_sack,0.458,0.4739,0.0208,4.8,0.3523,-0.4531,Sam Darnold
2021101001,2660,0,PHI,CAR,IN,pass_forward,0.367,0.302,0.4772,3.7,3.4972,0.1752,Jalen Hurts
2021101001,2747,0,CAR,PHI,IN,pass_forward,0.2058,0.1503,0.2128,3.2,1.5838,0.0625,Sam Darnold
2021101001,2773,0,PHI,CAR,C,pass_forward,0.3116,0.2943,0.2354,1.6,3.3666,-0.0589,Jalen Hurts
2021101001,2802,0,PHI,CAR,S,qb_sack,0.5708,0.6043,0.0713,3.6,0.29,-0.533,Jalen Hurts
2021101001,2821,0,PHI,CAR,S,qb_sack,0.3138,0.3474,0.077,3.9,0.1442,-0.2704,Jalen Hurts
2021101001,2865,0,CAR,PHI,C,pass_forward,0.3304,0.2824,0.2585,2.4,1.9725,-0.0239,Sam Darnold
2021101001,2889,1,CAR,PHI,C,pass_forward,0.4355,0.4049,0.265,3.1,1.4046,-0.14,Sam Darnold
2021101001,2934,0,CAR,PHI,C,pass_forward,0.4215,0.3965,0.343,2.6,2.1606,-0.0535,Sam Darnold
2021101001,2958,0,CAR,PHI,I,pass_forward,0.46,0.4519,0.0349,4.5,0.5914,-0.417,Sam Darnold
2021101001,3024,1,PHI,CAR,C,pass_forward,0.4243,0.3253,0.3561,2.0,3.1885,0.0308,Jalen Hurts
2021101001,3095,0,PHI,CAR,I,pass_forward,0.3143,0.2193,0.1406,3.0,0.9936,-0.0787,Jalen Hurts
2021101001,3117,1,PHI,CAR,C,pass_forward,0.322,0.2852,0.2251,3.6,1.4361,-0.0601,Jalen Hurts
2021101001,3316,0,CAR,PHI,C,pass_forward,0.0825,0.1384,0.2203,3.0,2.0817,0.0819,Sam Darnold
2021101001,3389,0,CAR,PHI,C,pass_forward,0.4136,0.2774,0.1366,2.8,2.3173,-0.1408,Sam Darnold
2021101001,3479,0,CAR,PHI,R,run,0.4688,0.5012,0.0648,3.6,0.8001,-0.4364,Sam Darnold
2021101001,3630,0,PHI,CAR,C,pass_forward,0.1822,0.0689,0.1042,2.9,2.2493,0.0353,Jalen Hurts
2021101001,3707,0,PHI,CAR,I,pass_forward,0.6664,0.6073,0.1909,4.2,1.397,-0.4164,Jalen Hurts
2021101001,3748,0,PHI,CAR,I,pass_forward,0.5265,0.5847,0.5141,2.9,2.1623,-0.0706,Jalen Hurts
2021101001,3772,0,PHI,CAR,I,pass_forward,0.5472,0.5717,0.567,2.2,3.022,-0.0047,Jalen Hurts
2021101001,3836,0,CAR,PHI,I,pass_forward,0.6514,0.687,0.713,2.1,5.2357,0.026,Sam Darnold
2021101001,3906,1,PHI,CAR,C,pass_forward,0.3296,0.3187,0.3237,2.6,2.3592,0.0049,Jalen Hurts
2021101001,4003,0,CAR,PHI,I,pass_forward,0.3538,0.2878,0.295,2.3,2.2558,0.0072,Sam Darnold
2021101001,4025,0,CAR,PHI,I,pass_forward,0.3443,0.3074,0.3313,3.2,1.7568,0.0239,Sam Darnold
2021101001,4070,1,CAR,PHI,C,pass_forward,0.1786,0.2199,0.4241,3.6,1.6881,0.2043,Sam Darnold
2021101001,4116,0,CAR,PHI,IN,pass_forward,0.0797,0.0538,0.0623,2.9,2.0304,0.0085,Sam Darnold
2021101002,154,0,GB,CIN,I,pass_forward,0.4822,0.4765,0.2107,5.5,1.8943,-0.2658,Aaron Rodgers
2021101002,176,0,GB,CIN,I,pass_forward,0.4519,0.4553,0.2147,7.6,0.7211,-0.2407,Aaron Rodgers
2021101002,223,0,CIN,GB,C,pass_forward,0.219,0.3103,0.2361,1.7,3.2602,-0.0742,Joe Burrow
2021101002,247,0,CIN,GB,C,pass_forward,0.4341,0.435,0.443,2.1,2.8116,0.008,Joe Burrow
2021101002,317,1,GB,CIN,C,pass_forward,0.3398,0.4012,0.4531,2.9,2.3265,0.0519,Aaron Rodgers
2021101002,341,0,GB,CIN,IN,pass_forward,0.3439,0.2763,0.3136,5.0,1.572,0.0373,Aaron Rodgers
2021101002,367,0,CIN,GB,I,pass_forward,0.3227,0.2774,0.3093,1.8,4.0757,0.0318,Joe Burrow
2021101002,403,0,CIN,GB,S,qb_sack,0.3273,0.3154,0.2871,3.2,0.5743,-0.0283,Joe Burrow
2021101002,422,0,CIN,GB,C,pass_forward,0.0985,0.1613,0.1095,3.2,1.63,-0.0518,Joe Burrow
2021101002,484,0,GB,CIN,I,pass_forward,0.3621,0.3586,0.3927,2.3,2.9,0.0341,Aaron Rodgers
2021101002,506,0,GB,CIN,I,pass_forward,0.3853,0.338,0.1647,5.0,1.1595,-0.1732,Aaron Rodgers
2021101002,567,0,CIN,GB,I,pass_forward,0.5957,0.6435,0.6656,2.6,3.2973,0.0221,Joe Burrow
2021101002,589,0,CIN,GB,I,pass_forward,0.5529,0.6129,0.4009,2.3,1.5443,-0.212,Joe Burrow
2021101002,611,1,CIN,GB,C,pass_forward,0.5653,0.6344,0.5339,3.0,1.9284,-0.1005,Joe Burrow
2021101002,656,0,CIN,GB,C,pass_forward,0.4169,0.397,0.2731,2.9,2.6242,-0.124,Joe Burrow
2021101002,680,1,CIN,GB,C,pass_forward,0.5402,0.624,0.6472,2.7,4.4255,0.0232,Joe Burrow
2021101002,704,0,CIN,GB,C,pass_forward,0.2479,0.1981,0.2058,1.9,3.7271,0.0077,Joe Burrow
2021101002,728,1,CIN,GB,C,pass_forward,0.3327,0.3146,0.4151,3.2,1.8869,0.1005,Joe Burrow
2021101002,752,1,CIN,GB,C,pass_forward,0.5344,0.4303,0.4094,2.0,2.6633,-0.0209,Joe Burrow
2021101002,808,1,GB,CIN,C,pass_forward,0.2751,0.2574,0.2518,2.6,2.8991,-0.0055,Aaron Rodgers
2021101002,896,1,GB,CIN,C,pass_forward,0.2479,0.1655,0.2185,3.7,1.476,0.053,Aaron Rodgers
2021101002,920,1,GB,CIN,C,pass_forward,0.321,0.3625,0.5546,4.5,2.4735,0.1921,Aaron Rodgers
2021101002,968,1,GB,CIN,C,pass_forward,0.2782,0.2088,0.2334,2.5,4.7539,0.0245,Aaron Rodgers
2021101002,1024,0,CIN,GB,C,pass_forward,0.3253,0.3147,0.2673,1.5,3.5283,-0.0474,Joe Burrow
2021101002,1074,0,CIN,GB,S,qb_sack,0.545,0.5754,0.0586,5.6,0.3256,-0.5167,Joe Burrow
2021101002,1112,1,GB,CIN,C,pass_forward,0.3341,0.2928,0.4525,3.4,2.3294,0.1598,Aaron Rodgers
2021101002,1141,1,GB,CIN,C,pass_forward,0.3321,0.3176,0.4627,3.7,2.8004,0.1451,Aaron Rodgers
2021101002,1233,0,GB,CIN,I,pass_forward,0.2424,0.1574,0.182,3.1,1.6901,0.0246,Aaron Rodgers
2021101002,1296,0,CIN,GB,S,qb_sack,0.3315,0.24,0.0264,4.7,0.4837,-0.2136,Joe Burrow
2021101002,1315,0,CIN,GB,I,pass_forward,0.2059,0.1111,0.1419,2.4,2.4997,0.0308,Joe Burrow
2021101002,1337,0,CIN,GB,R,run,0.2358,0.1542,0.2382,4.8,3.6091,0.084,Joe Burrow
2021101002,1408,0,GB,CIN,C,pass_forward,0.3846,0.3819,0.342,2.0,4.0671,-0.0398,Aaron Rodgers
2021101002,1437,1,GB,CIN,C,pass_forward,0.4986,0.3967,0.3576,2.9,3.5524,-0.0391,Aaron Rodgers
2021101002,1482,1,GB,CIN,C,pass_forward,0.6308,0.5152,0.5113,3.4,2.4602,-0.004,Aaron Rodgers
2021101002,1529,0,GB,CIN,C,pass_forward,0.1174,0.489,0.4308,1.8,4.5145,-0.0582,Aaron Rodgers
2021101002,1575,1,GB,CIN,C,pass_forward,0.3469,0.4584,0.527,2.8,2.4734,0.0687,Aaron Rodgers
2021101002,1693,0,CIN,GB,C,pass_forward,0.3013,0.2526,0.2677,1.8,3.5407,0.015,Joe Burrow
2021101002,1717,1,CIN,GB,C,pass_forward,0.5303,0.4752,0.5099,7.9,3.153,0.0347,Joe Burrow
2021101002,1792,0,GB,CIN,S,qb_sack,0.3277,0.3064,0.4041,4.1,0.9153,0.0977,Aaron Rodgers
2021101002,1905,1,CIN,GB,C,pass_forward,0.4579,0.445,0.3343,2.0,2.7459,-0.1107,Joe Burrow
2021101002,1929,0,CIN,GB,IN,pass_forward,0.3634,0.3576,0.135,4.9,1.6323,-0.2226,Joe Burrow
2021101002,1957,0,GB,CIN,C,pass_forward,0.3545,0.3816,0.4361,3.9,2.4446,0.0545,Aaron Rodgers
2021101002,2005,1,GB,CIN,C,pass_forward,0.4971,0.6208,0.6282,2.1,3.3341,0.0074,Aaron Rodgers
2021101002,2076,1,GB,CIN,C,pass_forward,0.5893,0.6051,0.3482,6.5,1.4684,-0.2569,Aaron Rodgers
2021101002,2168,0,GB,CIN,C,pass_forward,0.2209,0.2178,0.2421,3.0,3.265,0.0244,Aaron Rodgers
2021101002,2192,0,GB,CIN,C,pass_forward,0.3775,0.3932,0.3936,2.9,2.2742,0.0004,Aaron Rodgers
2021101002,2273,1,CIN,GB,C,pass_forward,0.3316,0.3018,0.2762,2.1,2.058,-0.0256,Joe Burrow
2021101002,2318,0,CIN,GB,I,pass_forward,0.5793,0.5684,0.2981,2.7,1.1734,-0.2703,Joe Burrow
2021101002,2340,1,CIN,GB,C,pass_forward,0.5595,0.5585,0.6144,2.5,2.1693,0.0558,Joe Burrow
2021101002,2406,0,CIN,GB,I,pass_forward,0.3531,0.2172,0.448,3.5,1.6415,0.2308,Joe Burrow
2021101002,2452,0,CIN,GB,I,pass_forward,0.5552,0.5945,0.557,4.6,3.0344,-0.0375,Joe Burrow
2021101002,2641,1,GB,CIN,C,pass_forward,0.3415,0.2924,0.4548,3.4,4.116,0.1624,Aaron Rodgers
2021101002,2728,0,GB,CIN,I,pass_forward,0.5274,0.4184,0.3864,2.5,4.0936,-0.032,Aaron Rodgers
2021101002,2866,1,CIN,GB,C,pass_forward,0.4423,0.4097,0.404,3.1,2.2178,-0.0057,Joe Burrow
2021101002,2924,0,CIN,GB,C,pass_forward,0.3722,0.3895,0.3446,2.7,2.3461,-0.0449,Joe Burrow
2021101002,3011,0,CIN,GB,I,pass_forward,0.5011,0.5221,0.2535,3.9,1.2673,-0.2686,Joe Burrow
2021101002,3033,1,CIN,GB,C,pass_forward,0.4739,0.4934,0.4808,2.1,2.6702,-0.0126,Joe Burrow
2021101002,3188,0,GB,CIN,I,pass_forward,0.2889,0.2575,0.1369,5.9,1.7803,-0.1206,Aaron Rodgers
2021101002,3227,0,GB,CIN,I,pass_forward,0.2114,0.2595,0.182,2.7,2.0728,-0.0776,Aaron Rodgers
2021101002,3269,0,CIN,GB,C,pass_forward,0.2754,0.2551,0.2329,2.2,4.0205,-0.0222,Joe Burrow
2021101002,3331,0,CIN,GB,C,pass_forward,0.301,0.2331,0.2851,2.5,2.19,0.0519,Joe Burrow
2021101002,3355,0,CIN,GB,I,pass_forward,0.6134,0.5988,0.6521,2.5,2.4906,0.0533,Joe Burrow
2021101002,3377,1,CIN,GB,C,pass_forward,0.6303,0.5623,0.5746,2.3,3.1459,0.0123,Joe Burrow
2021101002,3401,0,CIN,GB,I,pass_forward,0.4452,0.2368,0.1975,3.7,2.5403,-0.0393,Joe Burrow
2021101002,3423,0,CIN,GB,C,pass_forward,0.3585,0.307,0.2118,2.0,3.0376,-0.0952,Joe Burrow
2021101002,3522,1,GB,CIN,C,pass_forward,0.4371,0.2953,0.2987,3.2,2.9298,0.0034,Aaron Rodgers
2021101002,3647,0,CIN,GB,IN,pass_forward,0.2739,0.244,0.3344,3.1,2.5192,0.0904,Joe Burrow
2021101002,3806,1,CIN,GB,C,pass_forward,0.4486,0.5083,0.5457,2.4,3.8831,0.0374,Joe Burrow
2021101002,3935,0,GB,CIN,I,pass_forward,0.2934,0.3168,0.3334,2.6,3.0233,0.0166,Aaron Rodgers
2021101002,4007,0,GB,CIN,S,qb_sack,0.2185,0.3545,0.0469,4.4,0.2419,-0.3076,Aaron Rodgers
2021101002,4043,0,GB,CIN,C,pass_forward,0.1178,0.1368,0.1323,4.3,1.6269,-0.0045,Aaron Rodgers
2021101003,148,0,HOU,NE,I,pass_forward,0.3259,0.3767,0.2817,1.8,3.2226,-0.095,Davis Mills
2021101003,318,0,HOU,NE,I,pass_forward,0.3131,0.359,0.4039,3.3,2.0055,0.0449,Davis Mills
2021101003,399,1,HOU,NE,C,pass_forward,0.5156,0.4759,0.5231,1.4,4.0335,0.0471,Davis Mills
2021101003,518,1,HOU,NE,C,pass_forward,0.5385,0.462,0.6244,2.3,2.2846,0.1624,Davis Mills
2021101003,616,1,NE,HOU,C,pass_forward,0.5808,0.634,0.6128,1.8,3.5484,-0.0212,Mac Jones
2021101003,703,1,NE,HOU,C,pass_forward,0.5543,0.6006,0.592,2.1,2.1058,-0.0086,Mac Jones
2021101003,846,0,HOU,NE,C,pass_forward,0.3415,0.3486,0.1764,2.5,3.6144,-0.1722,Davis Mills
2021101003,896,1,HOU,NE,C,pass_forward,0.5319,0.519,0.6111,4.8,4.1215,0.0921,Davis Mills
2021101003,1006,0,NE,HOU,C,pass_forward,0.3679,0.2938,0.244,1.8,2.7039,-0.0498,Mac Jones
2021101003,1051,1,NE,HOU,C,pass_forward,0.5806,0.6477,0.747,2.0,3.9842,0.0992,Mac Jones
2021101003,1075,1,NE,HOU,C,pass_forward,0.3369,0.4086,0.4609,2.2,2.3049,0.0523,Mac Jones
2021101003,1110,0,NE,HOU,C,pass_forward,0.1559,0.2422,0.3051,2.4,2.9087,0.0629,Mac Jones
2021101003,1236,1,HOU,NE,C,pass_forward,0.38,0.4325,0.4905,2.3,3.0366,0.0581,Davis Mills
2021101003,1414,0,HOU,NE,I,pass_forward,0.5205,0.4188,0.0292,5.5,0.2119,-0.3895,Davis Mills
2021101003,1459,0,HOU,NE,I,pass_forward,0.1308,0.1046,0.1625,2.5,3.5413,0.0579,Davis Mills
2021101003,1481,0,HOU,NE,C,pass_forward,0.14,0.2151,0.1866,1.4,4.1863,-0.0286,Davis Mills
2021101003,1505,1,HOU,NE,C,pass_forward,0.5716,0.6042,0.6405,3.4,3.931,0.0363,Davis Mills
2021101003,1602,0,HOU,NE,S,qb_sack,0.3304,0.3779,0.034,4.8,0.2159,-0.3439,Davis Mills
2021101003,1676,0,HOU,NE,S,qb_sack,0.2687,0.2497,0.0174,5.2,0.3183,-0.2323,Davis Mills
2021101003,1753,0,NE,HOU,C,pass_forward,0.2614,0.218,0.3455,3.4,2.9039,0.1275,Mac Jones
2021101003,1777,1,NE,HOU,C,pass_forward,0.4799,0.4916,0.3573,5.3,1.2167,-0.1343,Mac Jones
2021101003,1801,0,NE,HOU,I,pass_forward,0.2868,0.2839,0.2805,2.2,2.8612,-0.0034,Mac Jones
2021101003,1874,0,NE,HOU,I,pass_forward,0.3119,0.2797,0.3462,2.8,2.4023,0.0665,Mac Jones
2021101003,1896,1,NE,HOU,C,pass_forward,0.3675,0.2864,0.4707,4.7,3.3169,0.1843,Mac Jones
2021101003,1920,0,NE,HOU,C,pass_forward,0.3405,0.2787,0.2283,2.6,1.2021,-0.0504,Mac Jones
2021101003,1966,0,NE,HOU,I,pass_forward,0.4015,0.5625,0.3643,3.3,1.5117,-0.1982,Mac Jones
2021101003,2089,0,NE,HOU,IN,pass_forward,0.2872,0.3261,0.2441,3.5,1.9263,-0.082,Mac Jones
2021101003,2229,0,NE,HOU,C,pass_forward,0.1701,0.134,0.1995,3.3,3.6556,0.0655,Mac Jones
2021101003,2253,0,NE,HOU,I,pass_forward,0.2771,0.329,0.3526,6.3,1.3087,0.0236,Mac Jones
2021101003,2359,0,HOU,NE,I,pass_forward,0.5575,0.7229,0.6974,1.5,3.6547,-0.0255,Davis Mills
2021101003,2523,1,HOU,NE,C,pass_forward,0.2319,0.1857,0.4213,2.3,2.4901,0.2357,Davis Mills
2021101003,2579,0,HOU,NE,C,pass_forward,0.0591,0.0253,0.0262,2.1,4.4148,0.0008,Davis Mills
2021101003,2604,0,HOU,NE,I,pass_forward,0.1097,0.0834,0.1021,4.2,1.2131,0.0188,Davis Mills
2021101003,2679,1,NE,HOU,C,pass_forward,0.3169,0.3527,0.4258,2.7,2.5137,0.0731,Mac Jones
2021101003,2725,1,NE,HOU,C,pass_forward,0.3667,0.5285,0.5613,2.2,2.5635,0.0329,Mac Jones
2021101003,2906,1,HOU,NE,C,pass_forward,0.5051,0.5171,0.5139,2.8,2.905,-0.0032,Davis Mills
2021101003,2972,0,HOU,NE,I,pass_forward,0.4524,0.4986,0.4811,2.8,2.5401,-0.0175,Davis Mills
2021101003,2994,0,HOU,NE,C,pass_forward,0.3933,0.4128,0.5361,4.2,1.7395,0.1233,Davis Mills
2021101003,3076,1,NE,HOU,C,pass_forward,0.575,0.6211,0.6707,1.7,2.0357,0.0496,Mac Jones
2021101003,3184,1,NE,HOU,C,pass_forward,0.4705,0.5097,0.5528,2.5,3.1315,0.0432,Mac Jones
2021101003,3261,0,HOU,NE,S,qb_sack,0.4658,0.3275,0.0422,2.9,0.11,-0.2853,Davis Mills
2021101003,3280,0,HOU,NE,C,pass_forward,0.0991,0.0809,0.114,2.9,3.5974,0.0331,Davis Mills
2021101003,3332,1,NE,HOU,C,pass_forward,0.4711,0.3446,0.5164,2.5,2.2853,0.1717,Mac Jones
2021101003,3397,0,NE,HOU,S,qb_sack,0.0975,0.1122,0.0618,3.5,0.4301,-0.0504,Mac Jones
2021101003,3420,0,NE,HOU,C,pass_forward,0.0575,0.0171,0.0266,3.3,3.2268,0.0095,Mac Jones
2021101003,3525,1,NE,HOU,C,pass_forward,0.5339,0.5179,0.5421,3.0,2.2171,0.0242,Mac Jones
2021101003,3549,0,NE,HOU,I,pass_forward,0.5239,0.4456,0.4862,3.2,2.5711,0.0406,Mac Jones
2021101003,3857,0,HOU,NE,I,pass_forward,0.2854,0.3846,0.532,5.1,2.8235,0.1474,Davis Mills
2021101003,3879,0,HOU,NE,C,pass_forward,0.2902,0.3992,0.4377,2.8,5.1854,0.0385,Davis Mills
2021101004,77,0,JAX,TEN,I,pass_forward,0.3178,0.3427,0.2665,3.3,1.1667,-0.0762,Trevor Lawrence
2021101004,99,1,JAX,TEN,C,pass_forward,0.3252,0.3081,0.3943,3.8,1.0933,0.0863,Trevor Lawrence
2021101004,314,1,TEN,JAX,C,pass_forward,0.3443,0.3678,0.5016,2.2,2.3416,0.1338,Ryan Tannehill
2021101004,391,0,TEN,JAX,I,pass_forward,0.2425,0.2155,0.4512,2.4,2.4069,0.2357,Ryan Tannehill
2021101004,436,0,TEN,JAX,C,pass_forward,0.1074,0.1298,0.1203,1.6,2.9998,-0.0094,Ryan Tannehill
2021101004,479,1,JAX,TEN,C,pass_forward,0.2589,0.4026,0.229,4.1,1.619,-0.1737,Trevor Lawrence
2021101004,538,0,JAX,TEN,C,pass_forward,0.0252,0.0657,0.0423,1.6,3.892,-0.0233,Trevor Lawrence
2021101004,585,0,JAX,TEN,C,pass_forward,0.3569,0.285,0.3087,2.2,3.423,0.0237,Trevor Lawrence
2021101004,609,0,JAX,TEN,R,run,0.1715,0.2361,0.1618,5.5,4.5349,-0.0744,Trevor Lawrence
2021101004,676,0,TEN,JAX,I,pass_forward,0.3824,0.5207,0.2736,3.4,1.0183,-0.2472,Ryan Tannehill
2021101004,698,1,TEN,JAX,C,pass_forward,0.3917,0.486,0.4987,2.8,2.3829,0.0126,Ryan Tannehill
2021101004,727,0,TEN,JAX,I,pass_forward,0.3727,0.3587,0.428,3.2,2.2314,0.0693,Ryan Tannehill
2021101004,845,1,TEN,JAX,C,pass_forward,0.4973,0.4652,0.4633,2.7,3.4991,-0.0019,Ryan Tannehill
2021101004,869,1,TEN,JAX,C,pass_forward,0.5183,0.2497,0.2288,3.0,2.5319,-0.021,Ryan Tannehill
2021101004,1035,1,JAX,TEN,C,pass_forward,0.5294,0.5554,0.5516,2.6,2.7998,-0.0038,Trevor Lawrence
2021101004,1059,0,JAX,TEN,C,pass_forward,0.3158,0.2457,0.2692,2.6,4.5925,0.0235,Trevor Lawrence
2021101004,1083,1,JAX,TEN,C,pass_forward,0.5736,0.6605,0.7107,3.7,1.559,0.0501,Trevor Lawrence
2021101004,1182,1,JAX,TEN,C,pass_forward,0.6481,0.5464,0.536,1.8,4.6078,-0.0104,Trevor Lawrence
2021101004,1233,1,TEN,JAX,C,pass_forward,0.3831,0.4652,0.4362,3.5,1.7971,-0.029,Ryan Tannehill
2021101004,1397,1,TEN,JAX,C,pass_forward,0.2539,0.2628,0.1371,3.8,1.7767,-0.1257,Ryan Tannehill
2021101004,1547,0,JAX,TEN,I,pass_forward,0.3072,0.3962,0.0383,2.9,0.6021,-0.3579,Trevor Lawrence
2021101004,1590,0,JAX,TEN,I,pass_forward,0.4153,0.372,0.4615,3.0,1.7354,0.0896,Trevor Lawrence
2021101004,1708,1,TEN,JAX,C,pass_forward,0.2653,0.3402,0.505,2.7,3.2969,0.1648,Ryan Tannehill
2021101004,1732,0,TEN,JAX,I,pass_forward,0.2176,0.2022,0.207,2.4,1.8164,0.0048,Ryan Tannehill
2021101004,1754,0,TEN,JAX,S,pass_forward,0.1976,0.1989,0.2836,3.3,1.7006,0.0848,Ryan Tannehill
2021101004,1794,0,TEN,JAX,I,pass_forward,0.1939,0.2142,0.2085,2.7,1.8793,-0.0057,Ryan Tannehill
2021101004,1857,0,JAX,TEN,C,pass_forward,0.3014,0.2577,0.3786,3.4,2.42,0.1208,Trevor Lawrence
2021101004,1881,0,JAX,TEN,S,qb_sack,0.67,0.5573,0.2845,6.2,0.6307,-0.2728,Trevor Lawrence
2021101004,1917,1,JAX,TEN,C,pass_forward,0.4432,0.4009,0.5692,3.0,3.9641,0.1684,Trevor Lawrence
2021101004,2089,1,TEN,JAX,C,pass_forward,0.5595,0.5923,0.5048,3.4,1.7159,-0.0875,Ryan Tannehill
2021101004,2176,1,TEN,JAX,C,pass_forward,0.6053,0.6583,0.6532,2.4,3.5243,-0.0051,Ryan Tannehill
2021101004,2231,0,TEN,JAX,I,pass_forward,0.4602,0.4697,0.0678,3.5,0.7411,-0.402,Ryan Tannehill
2021101004,2493,0,JAX,TEN,S,qb_sack,0.5304,0.6374,0.1121,5.7,0.7157,-0.5253,Trevor Lawrence
2021101004,2552,0,TEN,JAX,I,pass_forward,0.3039,0.5026,0.5369,1.9,5.0783,0.0343,Ryan Tannehill
2021101004,2574,0,TEN,JAX,C,pass_forward,0.2989,0.3863,0.2983,3.8,1.3433,-0.088,Ryan Tannehill
2021101004,2615,1,TEN,JAX,R,run,0.444,0.4565,0.5424,3.3,4.2406,0.086,Ryan Tannehill
2021101004,2685,0,TEN,JAX,S,qb_sack,0.3555,0.3891,0.0271,3.4,0.4837,-0.362,Ryan Tannehill
2021101004,2784,0,JAX,TEN,I,pass_forward,0.2927,0.4069,0.1889,3.8,1.8778,-0.218,Trevor Lawrence
2021101004,2891,0,JAX,TEN,R,run,0.238,0.3442,0.0957,4.6,1.7241,-0.2485,Trevor Lawrence
2021101004,3043,0,TEN,JAX,I,pass_forward,0.5011,0.2133,0.3135,3.4,1.9054,0.1002,Ryan Tannehill
2021101004,3129,1,JAX,TEN,C,pass_forward,0.2886,0.3135,0.3916,4.4,3.9387,0.0781,Trevor Lawrence
2021101004,3157,0,JAX,TEN,I,pass_forward,0.2271,0.28,0.3609,2.9,2.2421,0.0809,Trevor Lawrence
2021101004,3239,0,JAX,TEN,I,pass_forward,0.4425,0.5178,0.4527,2.9,2.2212,-0.0652,Trevor Lawrence
2021101004,3261,0,JAX,TEN,I,pass_forward,0.4646,0.3038,0.3632,2.2,2.7,0.0594,Trevor Lawrence
2021101004,3453,0,TEN,JAX,S,qb_sack,0.0618,0.0479,0.0276,4.5,0.3471,-0.0203,Ryan Tannehill
2021101004,3472,0,TEN,JAX,C,pass_forward,0.078,0.0287,0.0244,1.7,2.7295,-0.0043,Ryan Tannehill
2021101004,3548,0,JAX,TEN,C,pass_forward,0.0683,0.0325,0.0258,2.7,1.5658,-0.0066,Trevor Lawrence
2021101004,3616,0,JAX,TEN,C,pass_forward,0.4225,0.3369,0.3551,3.5,2.7336,0.0182,Trevor Lawrence
2021101004,3640,0,JAX,TEN,I,pass_forward,0.6094,0.6378,0.3897,2.8,1.9706,-0.2482,Trevor Lawrence
2021101004,3885,0,JAX,TEN,C,pass_forward,0.5332,0.4762,0.4621,2.6,2.2629,-0.0141,Trevor Lawrence
2021101004,3914,1,JAX,TEN,C,pass_forward,0.6829,0.6781,0.874,1.5,3.2571,0.1959,Trevor Lawrence
2021101004,3956,1,JAX,TEN,C,pass_forward,0.2655,0.2791,0.2395,3.3,1.9513,-0.0396,Trevor Lawrence
2021101004,3997,0,JAX,TEN,C,pass_forward,0.1508,0.1865,0.171,1.9,1.9402,-0.0156,Trevor Lawrence
2021101004,4067,0,JAX,TEN,I,pass_forward,0.2851,0.353,0.3058,1.6,2.5516,-0.0472,Trevor Lawrence
2021101004,4089,0,JAX,TEN,IN,pass_forward,0.2489,0.399,0.2276,3.2,1.2847,-0.1714,Trevor Lawrence
2021101005,101,0,DET,MIN,C,pass_forward,0.3622,0.2273,0.2961,2.4,4.7472,0.0688,Jared Goff
2021101005,201,1,DET,MIN,C,pass_forward,0.3194,0.323,0.313,2.2,4.4625,-0.01,Jared Goff
2021101005,225,0,DET,MIN,I,pass_forward,0.2807,0.2809,0.2386,2.6,2.0663,-0.0423,Jared Goff
2021101005,268,0,DET,MIN,I,pass_forward,0.3474,0.2857,0.3006,2.2,4.02,0.015,Jared Goff
2021101005,330,0,MIN,DET,I,pass_forward,0.3558,0.3593,0.1532,3.5,2.5097,-0.2061,Kirk Cousins
2021101005,378,1,MIN,DET,C,pass_forward,0.3804,0.3942,0.346,2.4,2.1684,-0.0481,Kirk Cousins
2021101005,402,0,MIN,DET,I,pass_forward,0.3101,0.3287,0.2939,2.1,2.4203,-0.0348,Kirk Cousins
2021101005,445,1,MIN,DET,C,pass_forward,0.2157,0.2809,0.1541,2.4,2.286,-0.1268,Kirk Cousins
2021101005,495,0,MIN,DET,C,pass_forward,0.2316,0.1911,0.129,2.7,2.6909,-0.0621,Kirk Cousins
2021101005,519,0,MIN,DET,I,pass_forward,0.3457,0.245,0.2918,4.0,1.5517,0.0468,Kirk Cousins
2021101005,575,0,DET,MIN,C,pass_forward,0.3526,0.3591,0.4571,3.5,2.4141,0.098,Jared Goff
2021101005,716,0,DET,MIN,I,pass_forward,0.4352,0.3465,0.2918,4.3,4.9664,-0.0547,Jared Goff
2021101005,788,0,DET,MIN,S,qb_sack,0.334,0.3969,0.0258,4.6,0.04,-0.3711,Jared Goff
2021101005,807,0,DET,MIN,S,qb_strip_sack,0.1084,0.0362,0.0169,2.9,0.7211,-0.0193,Jared Goff
2021101005,857,1,MIN,DET,R,run,0.6685,0.7526,0.7754,4.9,1.8085,0.0228,Kirk Cousins
2021101005,918,0,MIN,DET,I,pass_forward,0.3208,0.3549,0.2925,2.3,2.4456,-0.0624,Kirk Cousins
2021101005,940,1,MIN,DET,C,pass_forward,0.2995,0.3983,0.4241,2.7,2.6028,0.0258,Kirk Cousins
2021101005,964,0,MIN,DET,C,pass_forward,0.3524,0.3942,0.3177,3.1,2.562,-0.0765,Kirk Cousins
2021101005,1044,0,MIN,DET,C,pass_forward,0.0742,0.1143,0.0614,3.4,1.524,-0.053,Kirk Cousins
2021101005,1106,0,MIN,DET,C,pass_forward,0.2178,0.1856,0.2412,3.4,1.0216,0.0556,Kirk Cousins
2021101005,1185,1,DET,MIN,C,pass_forward,0.4699,0.4404,0.2463,2.9,2.4788,-0.1941,Jared Goff
2021101005,1256,0,DET,MIN,C,pass_forward,0.4307,0.4858,0.4323,1.9,3.1695,-0.0535,Jared Goff
2021101005,1341,1,MIN,DET,C,pass_forward,0.47,0.4564,0.4907,2.5,2.6566,0.0343,Kirk Cousins
2021101005,1396,1,MIN,DET,C,pass_forward,0.6342,0.5831,0.3644,3.3,2.3947,-0.2187,Kirk Cousins
2021101005,1420,0,MIN,DET,C,pass_forward,0.3665,0.3937,0.3839,3.0,2.0529,-0.0098,Kirk Cousins
2021101005,1476,1,MIN,DET,C,pass_forward,0.1928,0.2196,0.2786,2.5,4.05,0.059,Kirk Cousins
2021101005,1532,0,DET,MIN,C,pass_forward,0.2091,0.2899,0.297,2.6,3.9246,0.0071,Jared Goff
2021101005,1573,1,DET,MIN,C,pass_forward,0.4767,0.4318,0.5142,2.3,4.0719,0.0825,Jared Goff
2021101005,1597,0,DET,MIN,I,pass_forward,0.2812,0.3214,0.253,2.6,1.7791,-0.0683,Jared Goff
2021101005,1669,1,DET,MIN,C,pass_forward,0.3141,0.399,0.3827,1.9,3.8617,-0.0163,Jared Goff
2021101005,1701,0,DET,MIN,I,pass_forward,0.3227,0.2774,0.2518,2.4,2.4901,-0.0256,Jared Goff
2021101005,1723,0,DET,MIN,I,pass_forward,0.2878,0.4143,0.3251,2.5,2.0752,-0.0892,Jared Goff
2021101005,1745,0,DET,MIN,C,pass_forward,0.2878,0.4552,0.4582,2.8,5.1128,0.003,Jared Goff
2021101005,1904,0,MIN,DET,S,qb_sack,0.3961,0.2998,0.1809,3.8,0.7479,-0.1189,Kirk Cousins
2021101005,2019,1,DET,MIN,C,pass_forward,0.4993,0.5067,0.526,2.9,2.5604,0.0193,Jared Goff
2021101005,2132,0,MIN,DET,C,pass_forward,0.3227,0.2771,0.3411,3.4,2.6922,0.064,Kirk Cousins
2021101005,2321,0,DET,MIN,I,pass_forward,0.441,0.4333,0.1902,4.5,2.4069,-0.2431,Jared Goff
2021101005,2343,0,DET,MIN,I,pass_forward,0.3952,0.3569,0.4182,2.4,3.0291,0.0613,Jared Goff
2021101005,2384,1,MIN,DET,C,pass_forward,0.2975,0.2105,0.3148,2.4,2.5256,0.1043,Kirk Cousins
2021101005,2434,0,MIN,DET,I,pass_forward,0.5042,0.4616,0.3151,4.5,2.523,-0.1465,Kirk Cousins
2021101005,2456,1,MIN,DET,C,pass_forward,0.3118,0.4509,0.2571,3.6,1.5945,-0.1937,Kirk Cousins
2021101005,2612,0,DET,MIN,C,pass_forward,0.3861,0.4016,0.2979,2.1,2.5458,-0.1036,Jared Goff
2021101005,2682,0,MIN,DET,C,pass_forward,0.484,0.448,0.5204,2.6,2.6476,0.0724,Kirk Cousins
2021101005,2779,1,DET,MIN,C,pass_forward,0.3937,0.2719,0.3605,2.8,2.7693,0.0886,Jared Goff
2021101005,2910,1,MIN,DET,C,pass_forward,0.4641,0.3022,0.3867,2.6,2.823,0.0845,Kirk Cousins
2021101005,2968,1,MIN,DET,C,pass_forward,0.6629,0.7516,0.7354,3.7,2.8838,-0.0162,Kirk Cousins
2021101005,3029,0,MIN,DET,C,pass_forward,0.0606,0.1085,0.1298,2.6,2.5598,0.0213,Kirk Cousins
2021101005,3095,0,MIN,DET,S,qb_sack,0.3347,0.4077,0.0563,3.8,0.314,-0.3514,Kirk Cousins
2021101005,3114,0,MIN,DET,I,pass_forward,0.1456,0.0568,0.1048,4.8,2.0787,0.048,Kirk Cousins
2021101005,3136,0,MIN,DET,C,pass_forward,0.1952,0.0728,0.0586,1.7,2.6423,-0.0142,Kirk Cousins
2021101005,3194,0,DET,MIN,C,pass_forward,0.3552,0.2901,0.4169,2.6,2.2863,0.1267,Jared Goff
2021101005,3229,0,DET,MIN,C,pass_forward,0.3208,0.2876,0.4308,3.0,1.8197,0.1432,Jared Goff
2021101005,3253,0,DET,MIN,I,pass_forward,0.7135,0.6731,0.6497,2.4,2.2965,-0.0235,Jared Goff
2021101005,3310,0,DET,MIN,S,qb_sack,0.2499,0.1826,0.0132,5.7,0.0608,-0.1694,Jared Goff
2021101005,3340,0,DET,MIN,S,qb_sack,0.221,0.1047,0.0392,3.1,0.222,-0.0655,Jared Goff
2021101005,3447,0,MIN,DET,I,pass_forward,0.4536,0.4472,0.205,4.7,1.8559,-0.2423,Kirk Cousins
2021101005,3489,1,DET,MIN,C,pass_forward,0.3257,0.2788,0.2162,3.2,1.5962,-0.0626,Jared Goff
2021101005,3513,1,DET,MIN,C,pass_forward,0.3146,0.2976,0.3261,2.8,1.9946,0.0284,Jared Goff
2021101005,3542,0,DET,MIN,I,pass_forward,0.2579,0.2118,0.2893,2.4,2.0414,0.0775,Jared Goff
2021101005,3564,0,DET,MIN,I,pass_forward,0.2649,0.2783,0.3555,2.5,3.4901,0.0771,Jared Goff
2021101005,3808,1,DET,MIN,C,pass_forward,0.5105,0.4609,0.5107,2.0,3.43,0.0497,Jared Goff
2021101005,3890,1,MIN,DET,C,pass_forward,0.4787,0.2573,0.4386,3.3,2.8615,0.1813,Kirk Cousins
2021101005,3931,0,MIN,DET,C,pass_forward,0.4537,0.2583,0.1908,1.9,3.9667,-0.0675,Kirk Cousins
2021101005,3972,1,MIN,DET,C,pass_forward,0.723,0.5963,0.7302,3.6,4.9866,0.1339,Kirk Cousins
2021101006,115,1,PIT,DEN,C,pass_forward,0.6857,0.6674,0.6419,2.2,3.5316,-0.0255,Ben Roethlisberger
2021101006,170,0,PIT,DEN,I,pass_forward,0.4768,0.4779,0.2139,2.8,1.2265,-0.264,Ben Roethlisberger
2021101006,192,1,PIT,DEN,C,pass_forward,0.354,0.434,0.4021,2.5,3.0113,-0.0319,Ben Roethlisberger
2021101006,313,0,DEN,PIT,C,pass_forward,0.3735,0.346,0.3204,1.9,3.7923,-0.0256,Teddy Bridgewater
2021101006,398,1,PIT,DEN,C,pass_forward,0.4947,0.5985,0.4661,2.0,2.5894,-0.1324,Ben Roethlisberger
2021101006,425,0,PIT,DEN,I,pass_forward,0.2827,0.2968,0.2314,2.3,3.8541,-0.0654,Ben Roethlisberger
2021101006,472,1,PIT,DEN,C,pass_forward,0.4504,0.4843,0.5588,2.3,3.6497,0.0745,Ben Roethlisberger
2021101006,582,0,PIT,DEN,S,qb_strip_sack,0.1583,0.3021,0.1027,4.2,0.9093,-0.1994,Ben Roethlisberger
2021101006,653,0,DEN,PIT,C,pass_forward,0.2858,0.1789,0.3025,3.0,2.274,0.1237,Teddy Bridgewater
2021101006,756,1,PIT,DEN,C,pass_forward,0.5603,0.5097,0.5365,1.7,3.9025,0.0268,Ben Roethlisberger
2021101006,878,0,PIT,DEN,I,pass_forward,0.1826,0.1155,0.1163,2.1,4.6388,0.0007,Ben Roethlisberger
2021101006,900,0,PIT,DEN,I,pass_forward,0.2179,0.1524,0.1764,2.9,3.4343,0.024,Ben Roethlisberger
2021101006,992,0,DEN,PIT,I,pass_forward,0.4342,0.5215,0.5952,2.4,3.3266,0.0737,Teddy Bridgewater
2021101006,1014,0,DEN,PIT,I,pass_forward,0.3814,0.4205,0.4682,2.6,2.7272,0.0477,Teddy Bridgewater
2021101006,1114,0,PIT,DEN,I,pass_forward,0.5777,0.6724,0.5195,2.6,2.0389,-0.1529,Ben Roethlisberger
2021101006,1188,0,DEN,PIT,C,pass_forward,0.2688,0.3197,0.3851,3.3,2.5793,0.0655,Teddy Bridgewater
2021101006,1271,0,DEN,PIT,S,qb_sack,0.424,0.3836,0.0326,4.1,0.2193,-0.351,Teddy Bridgewater
2021101006,1389,1,PIT,DEN,C,pass_forward,0.4375,0.4675,0.4419,1.8,3.8601,-0.0256,Ben Roethlisberger
2021101006,1480,0,PIT,DEN,I,pass_forward,0.1341,0.1336,0.1517,3.6,1.2458,0.0181,Ben Roethlisberger
2021101006,1609,1,DEN,PIT,C,pass_forward,0.2915,0.2626,0.456,2.8,1.064,0.1935,Teddy Bridgewater
2021101006,1703,0,DEN,PIT,I,pass_forward,0.1478,0.1754,0.1566,2.5,2.126,-0.0188,Teddy Bridgewater
2021101006,1729,0,DEN,PIT,I,pass_forward,0.1481,0.1577,0.1391,2.0,3.3679,-0.0187,Teddy Bridgewater
2021101006,1774,0,DEN,PIT,I,pass_forward,0.2082,0.2783,0.1709,6.7,1.4673,-0.1074,Teddy Bridgewater
2021101006,1912,0,PIT,DEN,C,pass_forward,0.3499,0.3106,0.3182,1.9,3.4721,0.0076,Ben Roethlisberger
2021101006,2026,1,DEN,PIT,C,pass_forward,0.2926,0.4304,0.4029,3.1,2.2865,-0.0276,Teddy Bridgewater
2021101006,2076,1,DEN,PIT,C,pass_forward,0.5132,0.571,0.3188,4.5,1.6368,-0.2522,Teddy Bridgewater
2021101006,2121,1,DEN,PIT,C,pass_forward,0.3217,0.2861,0.2027,2.7,1.1491,-0.0833,Teddy Bridgewater
2021101006,2192,0,DEN,PIT,I,pass_forward,0.4375,0.4475,0.4997,2.4,3.6465,0.0522,Teddy Bridgewater
2021101006,2328,0,PIT,DEN,C,pass_forward,0.0958,0.0919,0.1019,2.4,3.9776,0.0099,Ben Roethlisberger
2021101006,2352,1,PIT,DEN,C,pass_forward,0.4941,0.616,0.505,1.9,1.6687,-0.111,Ben Roethlisberger
2021101006,2397,0,PIT,DEN,I,pass_forward,0.5884,0.6825,0.6116,3.4,1.9761,-0.0708,Ben Roethlisberger
2021101006,2419,1,PIT,DEN,C,pass_forward,0.5495,0.6572,0.7015,2.8,4.7933,0.0443,Ben Roethlisberger
2021101006,2506,0,PIT,DEN,I,pass_forward,0.2649,0.297,0.2587,2.7,1.8818,-0.0383,Ben Roethlisberger
2021101006,2562,0,PIT,DEN,I,pass_forward,0.2774,0.2661,0.2945,2.4,2.6461,0.0283,Ben Roethlisberger
2021101006,2588,0,PIT,DEN,I,pass_forward,0.2853,0.2775,0.2394,2.3,2.0825,-0.0382,Ben Roethlisberger
2021101006,2631,1,PIT,DEN,C,pass_forward,0.2791,0.2752,0.2449,2.4,2.6625,-0.0303,Ben Roethlisberger
2021101006,2687,1,DEN,PIT,C,pass_forward,0.2699,0.2415,0.3484,3.0,2.1594,0.1069,Teddy Bridgewater
2021101006,2711,0,DEN,PIT,S,qb_sack,0.2238,0.3007,0.2502,3.2,0.9418,-0.0506,Teddy Bridgewater
2021101006,2751,0,DEN,PIT,C,pass_forward,0.1717,0.2468,0.2678,2.9,1.748,0.021,Teddy Bridgewater
2021101006,2794,1,DEN,PIT,C,pass_forward,0.296,0.376,0.4448,3.1,1.1229,0.0687,Teddy Bridgewater
2021101006,2864,0,DEN,PIT,I,pass_forward,0.2208,0.2724,0.218,2.2,2.7621,-0.0544,Teddy Bridgewater
2021101006,2898,0,DEN,PIT,C,pass_forward,0.2482,0.2307,0.238,3.0,1.3173,0.0073,Teddy Bridgewater
2021101006,2922,1,DEN,PIT,C,pass_forward,0.3956,0.4253,0.555,2.5,3.0383,0.1297,Teddy Bridgewater
2021101006,2946,0,DEN,PIT,I,pass_forward,0.4329,0.5609,0.3564,2.4,1.5108,-0.2045,Teddy Bridgewater
2021101006,3013,0,DEN,PIT,R,run,0.1737,0.1906,0.2363,3.4,1.3336,0.0456,Teddy Bridgewater
2021101006,3060,1,DEN,PIT,C,pass_forward,0.3808,0.5034,0.509,3.2,4.4851,0.0056,Teddy Bridgewater
2021101006,3197,0,PIT,DEN,C,pass_forward,0.4473,0.4744,0.4547,2.1,2.3786,-0.0197,Ben Roethlisberger
2021101006,3273,1,DEN,PIT,C,pass_forward,0.4474,0.4198,0.4501,2.4,1.6469,0.0304,Teddy Bridgewater
2021101006,3297,0,DEN,PIT,C,pass_forward,0.2786,0.29,0.3715,2.8,2.5164,0.0815,Teddy Bridgewater
2021101006,3342,1,DEN,PIT,C,pass_forward,0.2675,0.2797,0.373,3.1,2.5656,0.0933,Teddy Bridgewater
2021101006,3613,0,DEN,PIT,I,pass_forward,0.3208,0.3374,0.4598,3.0,2.21,0.1224,Teddy Bridgewater
2021101006,3639,1,DEN,PIT,C,pass_forward,0.3165,0.3452,0.3235,2.2,2.2843,-0.0217,Teddy Bridgewater
2021101006,3663,0,DEN,PIT,C,pass_forward,0.2854,0.2367,0.2453,2.1,2.6819,0.0086,Teddy Bridgewater
2021101006,3704,1,DEN,PIT,C,pass_forward,0.566,0.5512,0.761,4.1,1.2881,0.2098,Teddy Bridgewater
2021101006,3728,0,DEN,PIT,C,pass_forward,0.2427,0.2901,0.4113,2.7,2.6283,0.1212,Teddy Bridgewater
2021101006,3752,0,DEN,PIT,I,pass_forward,0.5359,0.607,0.5149,2.7,2.4688,-0.0921,Teddy Bridgewater
2021101006,3774,1,DEN,PIT,C,pass_forward,0.4949,0.6102,0.4968,2.8,1.5926,-0.1134,Teddy Bridgewater
2021101006,3798,0,DEN,PIT,I,pass_forward,0.3582,0.3701,0.2036,4.0,1.3038,-0.1665,Teddy Bridgewater
2021101006,3825,0,DEN,PIT,C,pass_forward,0.3893,0.366,0.3875,2.9,1.4089,0.0215,Teddy Bridgewater
2021101006,3849,0,DEN,PIT,I,pass_forward,0.3605,0.5603,0.4257,2.1,1.5529,-0.1346,Teddy Bridgewater
2021101006,3876,0,DEN,PIT,IN,pass_forward,0.2844,0.5158,0.5176,3.2,2.8009,0.0018,Teddy Bridgewater
2021101007,77,1,MIA,TB,C,pass_forward,0.3178,0.4011,0.2384,5.5,1.7503,-0.1626,Jacoby Brissett
2021101007,195,0,MIA,TB,C,pass_forward,0.4139,0.481,0.5408,1.7,3.9854,0.0598,Jacoby Brissett
2021101007,295,0,MIA,TB,I,pass_forward,0.4688,0.2566,0.152,2.0,1.1006,-0.1047,Jacoby Brissett
2021101007,394,1,TB,MIA,C,pass_forward,0.2714,0.3532,0.3117,2.7,3.093,-0.0415,Tom Brady
2021101007,418,1,TB,MIA,C,pass_forward,0.3307,0.4272,0.4831,3.6,2.435,0.0559,Tom Brady
2021101007,470,1,TB,MIA,C,pass_forward,0.3893,0.3589,0.4565,3.1,2.6294,0.0976,Tom Brady
2021101007,522,0,TB,MIA,I,pass_forward,0.4004,0.3361,0.34,3.2,2.4462,0.0039,Tom Brady
2021101007,544,1,TB,MIA,C,pass_forward,0.416,0.3616,0.2982,2.2,1.8784,-0.0634,Tom Brady
2021101007,600,0,MIA,TB,C,pass_forward,0.2449,0.244,0.1924,4.2,0.9508,-0.0516,Jacoby Brissett
2021101007,669,0,MIA,TB,I,pass_forward,0.2744,0.2731,0.2388,2.0,3.3815,-0.0343,Jacoby Brissett
2021101007,715,0,MIA,TB,S,qb_sack,0.2805,0.2672,0.1349,7.5,0.9005,-0.1322,Jacoby Brissett
2021101007,767,0,MIA,TB,C,pass_forward,0.2836,0.2347,0.2164,1.9,2.9787,-0.0183,Jacoby Brissett
2021101007,791,1,MIA,TB,C,pass_forward,0.4363,0.404,0.5285,2.9,4.9287,0.1245,Jacoby Brissett
2021101007,864,1,TB,MIA,C,pass_forward,0.3376,0.3521,0.3141,1.5,3.5004,-0.038,Tom Brady
2021101007,935,0,TB,MIA,I,pass_forward,0.2999,0.4048,0.5391,3.5,2.9206,0.1342,Tom Brady
2021101007,957,0,TB,MIA,C,pass_forward,0.2803,0.3634,0.2362,2.1,1.4599,-0.1272,Tom Brady
2021101007,986,1,TB,MIA,C,pass_forward,0.5367,0.5381,0.2903,2.8,1.2431,-0.2478,Tom Brady
2021101007,1063,0,TB,MIA,I,pass_forward,0.4596,0.4522,0.5485,2.2,3.2108,0.0963,Tom Brady
2021101007,1085,0,TB,MIA,S,qb_sack,0.4497,0.4849,0.0414,4.3,0.1712,-0.4435,Tom Brady
2021101007,1138,0,MIA,TB,C,pass_forward,0.3136,0.274,0.1861,3.0,1.1,-0.0879,Jacoby Brissett
2021101007,1183,0,MIA,TB,I,pass_forward,0.4962,0.5952,0.5459,1.9,2.2511,-0.0493,Jacoby Brissett
2021101007,1268,1,TB,MIA,C,pass_forward,0.5779,0.5608,0.3435,2.6,1.3736,-0.2174,Tom Brady
2021101007,1335,0,MIA,TB,C,pass_forward,0.3252,0.3379,0.2443,1.5,4.2283,-0.0936,Jacoby Brissett
2021101007,1359,0,MIA,TB,I,pass_forward,0.4317,0.467,0.4501,4.2,2.1823,-0.0169,Jacoby Brissett
2021101007,1381,1,MIA,TB,C,pass_forward,0.456,0.5007,0.5104,2.5,2.1261,0.0097,Jacoby Brissett
2021101007,1434,0,MIA,TB,C,pass_forward,0.4333,0.4726,0.4966,2.4,3.1731,0.024,Jacoby Brissett
2021101007,1458,0,MIA,TB,I,pass_forward,0.5657,0.549,0.529,1.8,3.0089,-0.02,Jacoby Brissett
2021101007,1560,1,TB,MIA,C,pass_forward,0.4541,0.536,0.6142,1.8,4.7077,0.0783,Tom Brady
2021101007,1589,0,TB,MIA,I,pass_forward,0.3858,0.381,0.1479,3.6,1.0791,-0.2331,Tom Brady
2021101007,1611,1,TB,MIA,C,pass_forward,0.3345,0.2589,0.2863,2.3,2.8669,0.0274,Tom Brady
2021101007,1635,0,TB,MIA,I,pass_forward,0.3241,0.2925,0.3567,2.5,3.8003,0.0642,Tom Brady
2021101007,1657,1,TB,MIA,C,pass_forward,0.3412,0.2689,0.292,2.1,3.2907,0.023,Tom Brady
2021101007,1681,0,TB,MIA,I,pass_forward,0.3876,0.3685,0.482,4.2,2.5582,0.1135,Tom Brady
2021101007,1726,1,TB,MIA,C,pass_forward,0.451,0.5043,0.4667,1.6,4.0342,-0.0377,Tom Brady
2021101007,1755,1,TB,MIA,C,pass_forward,0.3534,0.3498,0.2615,2.2,1.9144,-0.0883,Tom Brady
2021101007,1914,1,TB,MIA,C,pass_forward,0.2618,0.3851,0.4199,2.7,1.9631,0.0349,Tom Brady
2021101007,1970,1,MIA,TB,C,pass_forward,0.2928,0.2535,0.2153,2.4,3.1689,-0.0382,Jacoby Brissett
2021101007,1994,0,MIA,TB,C,pass_forward,0.2662,0.2468,0.3596,3.4,2.7099,0.1128,Jacoby Brissett
2021101007,2038,1,MIA,TB,C,pass_forward,0.5087,0.6365,0.6673,2.2,3.0574,0.0309,Jacoby Brissett
2021101007,2067,0,MIA,TB,C,pass_forward,0.2405,0.2394,0.3363,2.4,2.0529,0.0969,Jacoby Brissett
2021101007,2096,0,MIA,TB,S,qb_strip_sack,0.5478,0.6448,0.218,3.2,1.0823,-0.4268,Jacoby Brissett
2021101007,2138,0,TB,MIA,I,pass_forward,0.1787,0.1783,0.3019,4.4,2.6701,0.1236,Tom Brady
2021101007,2160,1,TB,MIA,C,pass_forward,0.1787,0.1962,0.3574,3.6,2.7543,0.1611,Tom Brady
2021101007,2206,1,TB,MIA,R,run,0.2312,0.2754,0.3953,2.6,2.3842,0.1199,Tom Brady
2021101007,2330,0,TB,MIA,C,pass_forward,0.445,0.4351,0.5682,1.9,3.3201,0.1331,Tom Brady
2021101007,2354,0,TB,MIA,I,pass_forward,0.5048,0.5721,0.644,3.6,1.9042,0.0718,Tom Brady
2021101007,2395,0,MIA,TB,C,pass_forward,0.2755,0.4119,0.3223,2.8,1.5179,-0.0895,Jacoby Brissett
2021101007,2474,1,MIA,TB,C,pass_forward,0.4856,0.6715,0.6866,3.4,0.8315,0.0151,Jacoby Brissett
2021101007,2503,0,MIA,TB,I,pass_forward,0.3132,0.3157,0.404,3.6,3.4952,0.0883,Jacoby Brissett
2021101007,2551,1,MIA,TB,C,pass_forward,0.3892,0.5714,0.2909,3.6,0.623,-0.2804,Jacoby Brissett
2021101007,2575,0,MIA,TB,C,pass_forward,0.3,0.249,0.3055,3.1,2.5681,0.0566,Jacoby Brissett
2021101007,2599,0,MIA,TB,C,pass_forward,0.4025,0.3299,0.1452,4.4,0.114,-0.1847,Jacoby Brissett
2021101007,2680,1,MIA,TB,C,pass_forward,0.6041,0.3934,0.4354,2.2,1.6696,0.042,Jacoby Brissett
2021101007,2736,0,TB,MIA,I,pass_forward,0.3548,0.3516,0.2091,2.5,1.1344,-0.1425,Tom Brady
2021101007,2758,0,TB,MIA,I,pass_forward,0.3601,0.355,0.2999,3.6,1.1545,-0.055,Tom Brady
2021101007,2780,1,TB,MIA,C,pass_forward,0.3601,0.3853,0.4406,2.9,2.1346,0.0553,Tom Brady
2021101007,2849,0,TB,MIA,S,qb_sack,0.3616,0.3168,0.3026,3.8,0.563,-0.0142,Tom Brady
2021101007,2892,1,TB,MIA,C,pass_forward,0.6591,0.7157,0.5095,3.5,2.52,-0.2063,Tom Brady
2021101007,2942,1,TB,MIA,C,pass_forward,0.2978,0.3075,0.2535,1.7,4.2947,-0.0541,Tom Brady
2021101007,3096,0,MIA,TB,C,pass_forward,0.3087,0.2806,0.453,3.2,2.028,0.1723,Jacoby Brissett
2021101007,3120,0,MIA,TB,I,pass_forward,0.3143,0.2727,0.2791,1.8,4.2652,0.0064,Jacoby Brissett
2021101007,3142,0,MIA,TB,I,pass_forward,0.3034,0.3337,0.3559,3.8,2.3448,0.0222,Jacoby Brissett
2021101007,3239,1,TB,MIA,C,pass_forward,0.4039,0.4523,0.3905,1.6,3.1509,-0.0617,Tom Brady
2021101007,3263,1,TB,MIA,C,pass_forward,0.2608,0.438,0.3138,2.6,1.2021,-0.1242,Tom Brady
2021101007,3354,0,MIA,TB,C,pass_forward,0.2764,0.2633,0.2248,1.7,4.6228,-0.0385,Jacoby Brissett
2021101007,3383,0,MIA,TB,IN,pass_forward,0.4182,0.4295,0.5371,1.9,3.1641,0.1076,Jacoby Brissett
2021101007,3419,1,TB,MIA,C,pass_forward,0.3227,0.3808,0.5634,3.3,2.884,0.1826,Tom Brady
2021101007,3544,1,TB,MIA,C,pass_forward,0.2694,0.2404,0.3092,2.5,3.0229,0.0688,Tom Brady
2021101007,3608,0,MIA,TB,I,pass_forward,0.3091,0.2924,0.1198,4.3,1.0136,-0.1726,Jacoby Brissett
2021101007,3630,1,MIA,TB,C,pass_forward,0.3091,0.264,0.3304,3.1,2.403,0.0664,Jacoby Brissett
2021101007,3654,0,MIA,TB,I,pass_forward,0.3147,0.3027,0.3661,2.7,1.8646,0.0634,Jacoby Brissett
2021101007,3697,0,MIA,TB,S,qb_sack,0.4011,0.4619,0.064,4.8,0.1442,-0.3979,Jacoby Brissett
2021101007,3836,1,TB,MIA,C,pass_forward,0.521,0.5678,0.6118,2.1,3.4928,0.044,Blaine Gabbert
2021101008,63,0,NO,WAS,I,pass_forward,0.3482,0.281,0.1071,4.3,1.3509,-0.1739,Jameis Winston
2021101008,85,0,NO,WAS,C,pass_forward,0.3368,0.2682,0.3453,2.9,1.9326,0.077,Jameis Winston
2021101008,109,1,NO,WAS,C,pass_forward,0.3567,0.4938,0.467,2.1,3.1019,-0.0267,Jameis Winston
2021101008,133,0,NO,WAS,I,pass_forward,0.4453,0.4485,0.3824,3.6,2.1946,-0.0661,Jameis Winston
2021101008,155,0,NO,WAS,IN,pass_forward,0.4092,0.3666,0.2863,2.9,1.1597,-0.0803,Jameis Winston
2021101008,186,0,WAS,NO,I,pass_forward,0.327,0.4003,0.2977,3.6,1.1628,-0.1026,Taylor Heinicke
2021101008,229,0,WAS,NO,I,pass_forward,0.425,0.4804,0.5268,4.5,4.0296,0.0465,Taylor Heinicke
2021101008,327,1,NO,WAS,C,pass_forward,0.3873,0.4416,0.5305,2.8,2.8692,0.0889,Jameis Winston
2021101008,392,1,WAS,NO,C,pass_forward,0.2371,0.2868,0.3522,3.4,3.1308,0.0654,Taylor Heinicke
2021101008,458,0,WAS,NO,C,pass_forward,0.3237,0.3117,0.4377,3.1,2.8402,0.1261,Taylor Heinicke
2021101008,552,1,WAS,NO,C,pass_forward,0.5812,0.6281,0.6385,3.4,2.0529,0.0104,Taylor Heinicke
2021101008,581,0,WAS,NO,R,run,0.2909,0.2326,0.1506,5.6,2.6593,-0.082,Taylor Heinicke
2021101008,607,0,WAS,NO,I,pass_forward,0.474,0.4921,0.3934,5.9,1.7174,-0.0987,Taylor Heinicke
2021101008,638,0,WAS,NO,I,pass_forward,0.4736,0.4458,0.5863,2.6,3.3092,0.1405,Taylor Heinicke
2021101008,739,0,NO,WAS,S,qb_strip_sack,0.5067,0.5154,0.1999,3.0,1.2024,-0.3155,Jameis Winston
2021101008,800,0,WAS,NO,S,qb_sack,0.0831,0.0774,0.0202,6.2,0.0721,-0.0573,Taylor Heinicke
2021101008,840,0,WAS,NO,C,pass_forward,0.0832,0.0792,0.09,2.6,3.3477,0.0108,Taylor Heinicke
2021101008,953,0,WAS,NO,R,run,0.0943,0.0794,0.077,4.9,0.9866,-0.0024,Taylor Heinicke
2021101008,993,1,WAS,NO,C,pass_forward,0.5761,0.5862,0.6409,2.9,2.0663,0.0547,Taylor Heinicke
2021101008,1074,1,NO,WAS,C,pass_forward,0.3826,0.3767,0.1309,1.5,1.1273,-0.2457,Jameis Winston
2021101008,1124,1,NO,WAS,C,pass_forward,0.5125,0.4875,0.5537,1.9,2.6411,0.0661,Jameis Winston
2021101008,1301,1,WAS,NO,C,pass_forward,0.3704,0.4078,0.4962,3.1,2.2413,0.0884,Taylor Heinicke
2021101008,1330,1,WAS,NO,C,pass_forward,0.3991,0.4003,0.4506,3.1,2.242,0.0503,Taylor Heinicke
2021101008,1416,0,WAS,NO,C,pass_forward,0.1348,0.0589,0.0532,2.0,4.9555,-0.0057,Taylor Heinicke
2021101008,1440,1,WAS,NO,C,pass_forward,0.3265,0.313,0.2879,3.3,2.9732,-0.0251,Taylor Heinicke
2021101008,1512,1,WAS,NO,C,pass_forward,0.3083,0.3043,0.3138,3.3,1.322,0.0095,Taylor Heinicke
2021101008,1557,0,WAS,NO,IN,pass_forward,0.4115,0.4199,0.4329,2.7,2.5201,0.013,Taylor Heinicke
2021101008,1617,0,NO,WAS,I,pass_forward,0.3181,0.3612,0.0305,3.3,0.609,-0.3307,Jameis Winston
2021101008,1664,0,NO,WAS,I,pass_forward,0.1737,0.2627,0.3884,2.5,2.4446,0.1256,Jameis Winston
2021101008,1686,0,NO,WAS,I,pass_forward,0.1982,0.2304,0.2738,2.6,4.3046,0.0435,Jameis Winston
2021101008,1775,1,WAS,NO,R,run,0.5839,0.5244,0.5382,4.1,2.4181,0.0138,Taylor Heinicke
2021101008,1818,0,WAS,NO,I,pass_forward,0.3331,0.2784,0.4239,3.0,2.2857,0.1455,Taylor Heinicke
2021101008,1840,0,WAS,NO,I,pass_forward,0.3306,0.4758,0.3249,3.1,1.5405,-0.1509,Taylor Heinicke
2021101008,1862,0,WAS,NO,I,pass_forward,0.3109,0.3039,0.2962,2.9,2.8139,-0.0077,Taylor Heinicke
2021101008,1905,1,NO,WAS,R,run,0.4146,0.3721,0.1847,4.9,1.3448,-0.1873,Jameis Winston
2021101008,1926,0,NO,WAS,S,qb_sack,0.2801,0.3317,0.0203,4.5,0.136,-0.3114,Jameis Winston
2021101008,1957,0,NO,WAS,I,pass_forward,0.0993,0.0635,0.1202,3.2,2.4764,0.0567,Jameis Winston
2021101008,2183,1,NO,WAS,C,pass_forward,0.2973,0.2962,0.1969,4.5,1.5204,-0.0993,Jameis Winston
2021101008,2261,0,WAS,NO,I,pass_forward,0.345,0.2447,0.1979,4.6,1.4562,-0.0468,Taylor Heinicke
2021101008,2304,0,WAS,NO,I,pass_forward,0.3986,0.4488,0.3725,3.1,1.821,-0.0763,Taylor Heinicke
2021101008,2351,0,NO,WAS,I,pass_forward,0.2287,0.2789,0.2207,2.2,2.0808,-0.0582,Jameis Winston
2021101008,2394,0,NO,WAS,I,pass_forward,0.3861,0.5276,0.5228,4.6,1.077,-0.0048,Jameis Winston
2021101008,2485,0,WAS,NO,C,pass_forward,0.1828,0.1886,0.2575,2.7,3.4425,0.0689,Taylor Heinicke
2021101008,2514,1,WAS,NO,C,pass_forward,0.6106,0.6359,0.5711,3.2,3.9115,-0.0647,Taylor Heinicke
2021101008,2570,0,WAS,NO,C,pass_forward,0.3412,0.3577,0.2709,5.3,1.821,-0.0869,Taylor Heinicke
2021101008,2600,0,WAS,NO,I,pass_forward,0.5371,0.4438,0.4851,2.4,2.3701,0.0413,Taylor Heinicke
2021101008,2647,0,NO,WAS,I,pass_forward,0.3715,0.334,0.3033,2.8,1.5322,-0.0306,Jameis Winston
2021101008,2669,0,NO,WAS,I,pass_forward,0.3884,0.3515,0.3972,2.9,2.28,0.0457,Jameis Winston
2021101008,2691,0,NO,WAS,I,pass_forward,0.2891,0.3498,0.2726,3.2,1.5788,-0.0771,Jameis Winston
2021101008,2743,0,WAS,NO,C,pass_forward,0.3501,0.3558,0.2869,3.9,2.1966,-0.0689,Taylor Heinicke
2021101008,2809,0,WAS,NO,C,pass_forward,0.329,0.3519,0.3697,3.0,2.4593,0.0178,Taylor Heinicke
2021101008,3028,0,WAS,NO,I,pass_forward,0.3536,0.3228,0.3777,2.8,3.8103,0.0549,Taylor Heinicke
2021101008,3105,1,NO,WAS,C,pass_forward,0.5189,0.3759,0.4491,3.3,2.414,0.0732,Jameis Winston
2021101008,3131,0,NO,WAS,I,pass_forward,0.3083,0.319,0.3448,2.6,1.983,0.0258,Jameis Winston
2021101008,3196,0,NO,WAS,R,run,0.2458,0.1757,0.1356,6.4,0.8301,-0.0401,Jameis Winston
2021101008,3261,0,WAS,NO,I,pass_forward,0.1851,0.3187,0.4272,2.2,2.5933,0.1085,Taylor Heinicke
2021101008,3283,0,WAS,NO,I,pass_forward,0.2138,0.1589,0.1578,2.5,4.4083,-0.001,Taylor Heinicke
2021101008,3305,0,WAS,NO,IN,pass_forward,0.2075,0.2758,0.2226,4.7,3.294,-0.0532,Taylor Heinicke
2021101008,3331,1,NO,WAS,C,pass_forward,0.3147,0.3195,0.3047,2.5,1.8068,-0.0148,Jameis Winston
2021101008,3376,0,NO,WAS,I,pass_forward,0.4415,0.3882,0.204,4.8,1.2806,-0.1842,Jameis Winston
2021101008,3398,1,NO,WAS,C,pass_forward,0.4978,0.4584,0.3942,2.4,2.0204,-0.0643,Jameis Winston
2021101008,3487,1,WAS,NO,C,pass_forward,0.3599,0.3712,0.2704,3.4,1.861,-0.1007,Taylor Heinicke
2021101008,3532,0,WAS,NO,I,pass_forward,0.1992,0.1172,0.2259,3.1,2.7449,0.1087,Taylor Heinicke
2021101008,3554,0,WAS,NO,S,qb_sack,0.2255,0.1423,0.0631,5.0,0.6185,-0.0791,Taylor Heinicke
2021101008,3573,1,WAS,NO,C,pass_forward,0.2312,0.1223,0.2678,3.8,3.584,0.1456,Taylor Heinicke
2021101008,3597,1,WAS,NO,R,run,0.2977,0.2999,0.4463,4.7,2.2882,0.1464,Taylor Heinicke
2021101008,3618,0,WAS,NO,R,run,0.2773,0.3118,0.0722,5.5,1.5108,-0.2396,Taylor Heinicke
2021101008,3770,0,NO,WAS,C,pass_forward,0.4206,0.4254,0.4001,2.9,2.1422,-0.0253,Jameis Winston
2021101008,3853,1,NO,WAS,C,pass_forward,0.4703,0.4151,0.2244,3.4,2.1035,-0.1907,Jameis Winston
2021101008,3923,1,NO,WAS,C,pass_forward,0.3907,0.3801,0.2462,2.3,2.1866,-0.1339,Jameis Winston
2021101008,3979,1,WAS,NO,C,pass_forward,0.283,0.2677,0.3745,3.9,0.846,0.1067,Taylor Heinicke
2021101008,4008,0,WAS,NO,I,pass_forward,0.2838,0.2769,0.3918,2.8,1.5981,0.1149,Taylor Heinicke
2021101008,4030,0,WAS,NO,I,pass_forward,0.2886,0.2814,0.2528,3.3,2.1822,-0.0286,Taylor Heinicke
2021101008,4052,0,WAS,NO,I,pass_forward,0.2886,0.3126,0.2674,2.5,1.763,-0.0452,Taylor Heinicke
2021101008,4074,0,WAS,NO,I,pass_forward,0.2714,0.292,0.354,3.1,2.9854,0.062,Taylor Heinicke
2021101009,83,0,LAC,CLE,I,pass_forward,0.4306,0.3946,0.4749,2.3,3.6133,0.0803,Justin Herbert
2021101009,105,0,LAC,CLE,I,pass_forward,0.4515,0.4421,0.4135,2.6,2.7385,-0.0286,Justin Herbert
2021101009,146,0,CLE,LAC,C,pass_forward,0.1964,0.3403,0.3256,1.8,2.1428,-0.0147,Baker Mayfield
2021101009,233,1,CLE,LAC,C,pass_forward,0.1947,0.2097,0.2041,4.1,1.8993,-0.0056,Baker Mayfield
2021101009,311,0,CLE,LAC,S,qb_strip_sack,0.2611,0.2206,0.033,2.7,0.7398,-0.1876,Baker Mayfield
2021101009,495,0,LAC,CLE,C,pass_forward,0.3287,0.2867,0.2401,1.8,3.4092,-0.0466,Justin Herbert
2021101009,519,1,LAC,CLE,C,pass_forward,0.6032,0.613,0.5336,2.3,1.8118,-0.0794,Justin Herbert
2021101009,543,1,LAC,CLE,R,run,0.2424,0.2475,0.2006,4.5,1.1724,-0.0469,Justin Herbert
2021101009,569,0,LAC,CLE,I,pass_forward,0.2639,0.2534,0.4078,2.7,3.5532,0.1543,Justin Herbert
2021101009,666,1,LAC,CLE,C,pass_forward,0.4252,0.4694,0.4225,2.9,2.1556,-0.047,Justin Herbert
2021101009,810,1,CLE,LAC,C,pass_forward,0.2562,0.3096,0.3212,3.1,2.1124,0.0115,Baker Mayfield
2021101009,965,1,CLE,LAC,C,pass_forward,0.331,0.3896,0.3862,2.2,5.0707,-0.0033,Baker Mayfield
2021101009,1028,1,LAC,CLE,R,run,0.3523,0.2496,0.3135,2.9,1.3372,0.064,Justin Herbert
2021101009,1083,0,LAC,CLE,I,pass_forward,0.3373,0.2955,0.2525,1.9,3.6989,-0.043,Justin Herbert
2021101009,1117,1,LAC,CLE,C,pass_forward,0.3198,0.3235,0.3393,3.1,1.6737,0.0158,Justin Herbert
2021101009,1180,1,CLE,LAC,C,pass_forward,0.4942,0.477,0.4893,3.7,2.2618,0.0122,Baker Mayfield
2021101009,1277,0,CLE,LAC,C,pass_forward,0.2336,0.3208,0.3643,2.7,2.6249,0.0435,Baker Mayfield
2021101009,1301,0,CLE,LAC,C,pass_forward,0.4223,0.4471,0.5233,2.9,3.4108,0.0762,Baker Mayfield
2021101009,1342,0,CLE,LAC,I,pass_forward,0.5421,0.6416,0.6219,2.6,2.3646,-0.0197,Baker Mayfield
2021101009,1391,0,LAC,CLE,I,pass_forward,0.44,0.407,0.4807,3.2,2.3233,0.0738,Justin Herbert
2021101009,1436,0,LAC,CLE,S,qb_sack,0.3439,0.2321,0.0186,4.9,0.0583,-0.2135,Justin Herbert
2021101009,1568,0,CLE,LAC,R,run,0.2432,0.214,0.1805,5.7,0.9127,-0.0335,Baker Mayfield
2021101009,1615,1,CLE,LAC,C,pass_forward,0.2853,0.2718,0.2919,2.4,3.0291,0.02,Baker Mayfield
2021101009,1898,0,CLE,LAC,I,pass_forward,0.5896,0.7189,0.4019,4.4,2.0854,-0.317,Baker Mayfield
2021101009,1937,0,CLE,LAC,I,pass_forward,0.5275,0.7056,0.7093,3.8,3.0732,0.0037,Baker Mayfield
2021101009,2034,0,CLE,LAC,C,pass_forward,0.472,0.4143,0.3752,1.8,3.5118,-0.0391,Baker Mayfield
2021101009,2058,1,CLE,LAC,C,pass_forward,0.6633,0.7217,0.6879,2.9,4.6767,-0.0339,Baker Mayfield
2021101009,2208,0,LAC,CLE,C,pass_forward,0.2396,0.375,0.3104,2.5,1.8832,-0.0646,Justin Herbert
2021101009,2253,0,LAC,CLE,C,pass_forward,0.2991,0.3207,0.3703,3.0,3.0891,0.0495,Justin Herbert
2021101009,2309,0,LAC,CLE,I,pass_forward,0.3642,0.4488,0.1799,5.8,1.9455,-0.2689,Justin Herbert
2021101009,2409,0,LAC,CLE,I,pass_forward,0.4767,0.4056,0.4896,2.7,3.749,0.0841,Justin Herbert
2021101009,2431,0,LAC,CLE,I,pass_forward,0.4721,0.4704,0.4651,2.8,2.771,-0.0053,Justin Herbert
2021101009,2457,1,LAC,CLE,C,pass_forward,0.4834,0.4915,0.4174,3.1,1.9846,-0.0741,Justin Herbert
2021101009,2507,1,LAC,CLE,R,run,0.3422,0.2476,0.2438,2.7,1.6851,-0.0038,Justin Herbert
2021101009,2586,1,CLE,LAC,C,pass_forward,0.4488,0.3454,0.3408,2.1,2.2051,-0.0046,Baker Mayfield
2021101009,2668,0,CLE,LAC,R,run,0.069,0.0672,0.0735,5.9,3.788,0.0063,Baker Mayfield
2021101009,2689,0,CLE,LAC,C,pass_forward,0.0734,0.1691,0.1086,2.9,1.6969,-0.0606,Baker Mayfield
2021101009,2780,1,LAC,CLE,C,pass_forward,0.7357,0.7802,0.7708,1.9,3.4758,-0.0094,Justin Herbert
2021101009,2804,0,LAC,CLE,S,qb_sack,0.3301,0.24,0.0205,4.5,0.1389,-0.2195,Justin Herbert
2021101009,2823,0,LAC,CLE,I,pass_forward,0.1441,0.0589,0.0691,2.7,1.4469,0.0102,Justin Herbert
2021101009,2845,0,LAC,CLE,I,pass_forward,0.139,0.0839,0.1324,3.0,2.7279,0.0485,Justin Herbert
2021101009,3000,0,CLE,LAC,I,pass_forward,0.0659,0.1767,0.1795,3.3,3.6559,0.0027,Baker Mayfield
2021101009,3041,0,LAC,CLE,I,pass_forward,0.3665,0.3196,0.3524,2.5,1.7914,0.0328,Justin Herbert
2021101009,3096,1,LAC,CLE,C,pass_forward,0.4142,0.4909,0.4093,4.4,1.1811,-0.0816,Justin Herbert
2021101009,3120,1,LAC,CLE,C,pass_forward,0.2595,0.3057,0.31,4.2,2.4379,0.0043,Justin Herbert
2021101009,3183,0,CLE,LAC,C,pass_forward,0.2723,0.3018,0.2026,1.8,2.1476,-0.0993,Baker Mayfield
2021101009,3207,1,CLE,LAC,C,pass_forward,0.4437,0.5177,0.5639,3.4,2.8071,0.0462,Baker Mayfield
2021101009,3277,0,LAC,CLE,I,pass_forward,0.3071,0.3742,0.2523,3.2,1.7901,-0.1219,Justin Herbert
2021101009,3349,1,LAC,CLE,C,pass_forward,0.2465,0.323,0.3336,2.6,1.7541,0.0106,Justin Herbert
2021101009,3416,0,LAC,CLE,I,pass_forward,0.4905,0.5673,0.5264,2.2,2.6154,-0.0409,Justin Herbert
2021101009,3525,0,LAC,CLE,C,pass_forward,0.1246,0.0973,0.0906,2.8,2.8387,-0.0066,Justin Herbert
2021101009,3549,0,LAC,CLE,I,pass_forward,0.2805,0.3367,0.2033,4.2,0.6592,-0.1334,Justin Herbert
2021101009,3574,1,LAC,CLE,C,pass_forward,0.3451,0.2462,0.2748,3.2,2.914,0.0286,Justin Herbert
2021101009,3818,0,LAC,CLE,C,pass_forward,0.2854,0.257,0.2474,2.4,1.9302,-0.0096,Justin Herbert
2021101009,3872,1,LAC,CLE,C,pass_forward,0.4367,0.4008,0.5174,4.1,0.9694,0.1167,Justin Herbert
2021101009,3901,1,LAC,CLE,C,pass_forward,0.3388,0.3666,0.3781,2.2,2.1288,0.0115,Justin Herbert
2021101009,4115,0,CLE,LAC,I,pass_forward,0.443,0.4645,0.381,4.3,2.3731,-0.0835,Baker Mayfield
2021101009,4403,0,CLE,LAC,C,pass_forward,0.2785,0.2614,0.291,2.6,2.2381,0.0296,Baker Mayfield
2021101009,4427,0,CLE,LAC,C,pass_forward,0.5451,0.6168,0.7099,2.9,3.4437,0.0931,Baker Mayfield
2021101009,4451,1,CLE,LAC,C,pass_forward,0.6333,0.6265,0.6548,1.9,4.4679,0.0283,Baker Mayfield
2021101009,4496,1,CLE,LAC,C,pass_forward,0.4701,0.2764,0.3466,2.6,2.7417,0.0702,Baker Mayfield
2021101009,4553,0,CLE,LAC,I,pass_forward,0.4492,0.3025,0.2707,3.6,1.7863,-0.0318,Baker Mayfield
2021101009,4575,0,CLE,LAC,I,pass_forward,0.4295,0.3476,0.3349,3.3,2.1192,-0.0127,Baker Mayfield
2021101009,4597,0,CLE,LAC,I,pass_forward,0.3803,0.3925,0.4479,5.0,1.0284,0.0554,Baker Mayfield
2021101010,282,0,CHI,LV,I,pass_forward,0.2488,0.2564,0.3369,2.9,2.5089,0.0804,Justin Fields
2021101010,705,0,LV,CHI,I,pass_forward,0.1485,0.1442,0.1583,3.7,1.4073,0.0141,Derek Carr
2021101010,727,0,LV,CHI,I,pass_forward,0.1548,0.1785,0.1917,2.5,2.8102,0.0132,Derek Carr
2021101010,835,0,CHI,LV,C,pass_forward,0.0482,0.0477,0.0302,1.8,2.8573,-0.0175,Justin Fields
2021101010,874,1,CHI,LV,C,pass_forward,0.2828,0.2638,0.519,3.0,2.588,0.2552,Justin Fields
2021101010,943,0,CHI,LV,C,pass_forward,0.3748,0.3627,0.3286,2.0,2.3686,-0.0341,Justin Fields
2021101010,1120,1,CHI,LV,C,pass_forward,0.6428,0.8419,0.5385,3.0,1.8869,-0.3034,Justin Fields
2021101010,1436,0,CHI,LV,I,pass_forward,0.3608,0.4007,0.2641,2.6,1.322,-0.1365,Justin Fields
2021101010,1479,1,CHI,LV,C,pass_forward,0.7247,0.6563,0.7649,2.1,3.7434,0.1087,Justin Fields
2021101010,1505,0,CHI,LV,S,run,0.3244,0.2884,0.0581,5.4,0.8459,-0.2303,Justin Fields
2021101010,1552,1,CHI,LV,C,pass_forward,0.5088,0.4988,0.4214,1.8,3.5795,-0.0775,Andy Dalton
2021101010,1599,0,CHI,LV,I,pass_forward,0.5578,0.5148,0.3016,3.0,2.2135,-0.2132,Justin Fields
2021101010,1621,1,CHI,LV,C,pass_forward,0.4965,0.5456,0.2189,2.5,1.2133,-0.3266,Justin Fields
2021101010,1937,0,CHI,LV,C,pass_forward,0.4132,0.2931,0.328,2.0,3.1101,0.0349,Justin Fields
2021101010,1961,0,CHI,LV,I,pass_forward,0.5426,0.5735,0.2391,2.4,1.0554,-0.3344,Justin Fields
2021101010,2032,0,CHI,LV,S,qb_sack,0.2033,0.2596,0.0204,4.1,0.2209,-0.2392,Justin Fields
2021101010,2130,0,LV,CHI,I,pass_forward,0.4419,0.503,0.4599,5.8,1.0512,-0.0431,Derek Carr
2021101010,2262,0,LV,CHI,I,pass_forward,0.269,0.3682,0.3075,3.9,2.5225,-0.0607,Derek Carr
2021101010,2284,0,LV,CHI,C,pass_forward,0.2144,0.2548,0.2034,1.9,2.5125,-0.0514,Derek Carr
2021101010,2308,0,LV,CHI,IN,pass_forward,0.5261,0.5402,0.4708,3.4,1.6792,-0.0694,Derek Carr
2021101010,2334,0,CHI,LV,I,pass_forward,0.2932,0.246,0.265,2.4,2.4084,0.0189,Justin Fields
2021101010,2377,0,CHI,LV,I,pass_forward,0.2756,0.3383,0.1309,5.6,1.4871,-0.2073,Justin Fields
2021101010,2439,0,LV,CHI,I,pass_forward,0.4668,0.5072,0.5625,3.4,3.1926,0.0552,Derek Carr
2021101010,2484,1,LV,CHI,C,pass_forward,0.2956,0.2897,0.2677,2.6,3.182,-0.022,Derek Carr
2021101010,2513,0,LV,CHI,C,pass_forward,0.277,0.3327,0.327,2.9,1.9828,-0.0057,Derek Carr
2021101010,2558,0,LV,CHI,S,qb_sack,0.377,0.4556,0.0802,4.6,0.2408,-0.3754,Derek Carr
2021101010,2577,0,LV,CHI,I,pass_forward,0.0318,0.1134,0.1127,2.2,3.3615,-0.0007,Derek Carr
2021101010,2599,0,LV,CHI,C,pass_forward,0.0297,0.08,0.1915,4.2,2.1146,0.1115,Derek Carr
2021101010,2668,1,CHI,LV,C,pass_forward,0.5405,0.5541,0.6733,2.0,2.0397,0.1191,Justin Fields
2021101010,2715,0,CHI,LV,C,pass_forward,0.3863,0.3906,0.4103,1.9,3.3792,0.0198,Justin Fields
2021101010,2810,1,LV,CHI,C,pass_forward,0.4489,0.4238,0.2488,2.6,1.1045,-0.1749,Derek Carr
2021101010,2862,0,LV,CHI,C,pass_forward,0.4553,0.4665,0.4783,1.4,3.7423,0.0118,Derek Carr
2021101010,2994,0,LV,CHI,R,run,0.5477,0.5895,0.6245,3.1,2.7791,0.035,Nathan Peterman
2021101010,3036,0,LV,CHI,C,pass_forward,0.275,0.2856,0.2604,1.8,3.452,-0.0252,Derek Carr
2021101010,3121,0,LV,CHI,C,pass_forward,0.236,0.2272,0.3012,2.9,2.7128,0.074,Derek Carr
2021101010,3166,1,LV,CHI,C,pass_forward,0.4063,0.3616,0.4098,2.7,2.5134,0.0482,Derek Carr
2021101010,3406,1,CHI,LV,C,pass_forward,0.2646,0.1528,0.1881,2.5,2.9063,0.0352,Justin Fields
2021101010,3436,1,CHI,LV,C,pass_forward,0.3936,0.3187,0.3123,1.9,2.7946,-0.0064,Justin Fields
2021101010,3621,0,LV,CHI,S,qb_sack,0.3355,0.3622,0.0285,4.8,0.6463,-0.3337,Derek Carr
2021101010,3640,0,LV,CHI,I,pass_forward,0.2807,0.3023,0.2044,2.5,1.8278,-0.0979,Derek Carr
2021101010,3685,0,LV,CHI,C,pass_forward,0.1436,0.1093,0.1508,3.3,1.8645,0.0415,Derek Carr
2021101010,3726,0,LV,CHI,I,pass_forward,0.4958,0.5882,0.7299,3.6,2.0006,0.1417,Derek Carr
2021101010,3909,0,LV,CHI,C,pass_forward,0.3546,0.2452,0.3821,2.8,2.5962,0.137,Derek Carr
2021101010,3933,1,LV,CHI,C,pass_forward,0.5979,0.5979,0.5603,4.3,2.4645,-0.0375,Derek Carr
2021101010,3990,0,LV,CHI,R,run,0.0759,0.0348,0.0432,3.6,1.8975,0.0084,Derek Carr
2021101011,54,1,SF,ARI,R,run,0.2892,0.2416,0.1761,2.5,1.0072,-0.0655,Trey Lance
2021101011,85,1,SF,ARI,C,pass_forward,0.5142,0.3498,0.4551,3.5,2.3295,0.1053,Trey Lance
2021101011,130,0,SF,ARI,IN,pass_forward,0.2545,0.4279,0.2511,4.6,1.594,-0.1767,Trey Lance
2021101011,156,0,ARI,SF,C,pass_forward,0.2773,0.2683,0.2502,2.1,2.508,-0.0181,Kyler Murray
2021101011,222,0,ARI,SF,C,pass_forward,0.307,0.3217,0.2642,2.3,3.2364,-0.0575,Kyler Murray
2021101011,441,0,SF,ARI,I,pass_forward,0.3387,0.2713,0.1379,3.0,0.7864,-0.1334,Trey Lance
2021101011,627,0,ARI,SF,S,qb_sack,0.2859,0.2867,0.0511,5.0,0.7211,-0.2356,Kyler Murray
2021101011,672,0,ARI,SF,C,pass_forward,0.1777,0.3015,0.2381,1.4,4.7275,-0.0635,Kyler Murray
2021101011,719,1,SF,ARI,R,run,0.2594,0.2332,0.2262,5.4,2.3538,-0.0069,Trey Lance
2021101011,794,1,SF,ARI,C,pass_forward,0.3881,0.3382,0.2419,4.4,1.2134,-0.0963,Trey Lance
2021101011,843,0,SF,ARI,I,pass_forward,0.3089,0.2953,0.2585,1.9,2.9736,-0.0368,Trey Lance
2021101011,886,1,SF,ARI,C,pass_forward,0.5319,0.5025,0.5424,2.3,2.9108,0.04,Trey Lance
2021101011,1017,0,SF,ARI,I,pass_forward,0.6025,0.7343,0.167,4.0,0.4805,-0.5673,Trey Lance
2021101011,1039,0,SF,ARI,S,run,0.6813,0.7721,0.5271,4.2,2.1523,-0.2449,Trey Lance
2021101011,1087,0,ARI,SF,I,pass_forward,0.293,0.1389,0.1194,4.2,1.9263,-0.0195,Kyler Murray
2021101011,1109,1,ARI,SF,C,pass_forward,0.3033,0.1288,0.1081,2.3,2.5956,-0.0207,Kyler Murray
2021101011,1289,1,ARI,SF,C,pass_forward,0.2758,0.2995,0.3452,4.1,3.8551,0.0457,Kyler Murray
2021101011,1402,0,ARI,SF,I,pass_forward,0.3489,0.488,0.2615,5.1,5.5036,-0.2265,Kyler Murray
2021101011,1424,0,ARI,SF,I,pass_forward,0.3554,0.5727,0.6481,3.0,4.6804,0.0754,Kyler Murray
2021101011,1501,0,SF,ARI,C,pass_forward,0.2023,0.1344,0.1855,2.7,1.9242,0.0511,Trey Lance
2021101011,1525,0,SF,ARI,I,pass_forward,0.2466,0.2138,0.2867,2.9,2.5132,0.0729,Trey Lance
2021101011,1596,1,ARI,SF,C,pass_forward,0.4767,0.3868,0.3831,2.4,3.7013,-0.0036,Kyler Murray
2021101011,1625,0,ARI,SF,I,pass_forward,0.4359,0.2342,0.2871,2.9,2.4731,0.053,Kyler Murray
2021101011,1647,1,ARI,SF,C,pass_forward,0.4854,0.2739,0.4785,3.5,3.9535,0.2046,Kyler Murray
2021101011,1774,1,ARI,SF,C,pass_forward,0.6421,0.6512,0.6887,1.5,4.9427,0.0375,Kyler Murray
2021101011,1822,0,ARI,SF,S,qb_sack,0.1322,0.1257,0.044,3.6,0.5021,-0.0816,Kyler Murray
2021101011,1858,0,ARI,SF,I,pass_forward,0.0752,0.0247,0.0242,3.1,2.5539,-0.0005,Kyler Murray
2021101011,1880,0,ARI,SF,C,pass_forward,0.0758,0.0242,0.0327,3.0,5.3168,0.0084,Kyler Murray
2021101011,2069,0,SF,ARI,I,pass_forward,0.2178,0.336,0.0401,9.2,0.8638,-0.2958,Trey Lance
2021101011,2112,1,SF,ARI,C,pass_forward,0.2342,0.2783,0.2433,1.9,3.6158,-0.035,Trey Lance
2021101011,2253,0,SF,ARI,C,pass_forward,0.1488,0.1537,0.1286,2.6,3.8084,-0.0251,Trey Lance
2021101011,2294,1,SF,ARI,C,pass_forward,0.3846,0.5552,0.5066,2.2,1.764,-0.0485,Trey Lance
2021101011,2355,0,SF,ARI,C,pass_forward,0.0414,0.1195,0.1067,2.9,3.1753,-0.0128,Trey Lance
2021101011,2379,0,SF,ARI,S,qb_sack,0.1437,0.0898,0.0271,4.4,0.3848,-0.0628,Trey Lance
2021101011,2398,0,SF,ARI,I,pass_forward,0.0398,0.1035,0.0632,7.0,1.3689,-0.0403,Trey Lance
2021101011,2460,0,ARI,SF,I,pass_forward,0.1988,0.3052,0.2113,3.7,0.6931,-0.0939,Kyler Murray
2021101011,2482,0,ARI,SF,C,pass_forward,0.2257,0.1622,0.1189,3.5,2.5864,-0.0433,Kyler Murray
2021101011,2565,0,SF,ARI,I,pass_forward,0.1238,0.153,0.2544,4.1,4.4254,0.1014,Trey Lance
2021101011,2619,1,SF,ARI,C,pass_forward,0.0282,0.0303,0.0399,3.7,4.6014,0.0095,Trey Lance
2021101011,2817,1,ARI,SF,C,pass_forward,0.5389,0.4145,0.4688,2.6,2.9809,0.0543,Kyler Murray
2021101011,2841,0,ARI,SF,I,pass_forward,0.4757,0.3161,0.4597,3.6,3.5288,0.1436,Kyler Murray
2021101011,2903,0,ARI,SF,I,pass_forward,0.346,0.3699,0.0778,4.9,1.0577,-0.2921,Kyler Murray
2021101011,2972,0,SF,ARI,C,pass_forward,0.1947,0.2186,0.2438,2.8,3.5202,0.0251,Trey Lance
2021101011,2996,1,SF,ARI,R,run,0.4747,0.5189,0.3245,4.2,0.8365,-0.1943,Trey Lance
2021101011,3103,0,SF,ARI,R,run,0.1017,0.032,0.0547,7.0,2.9352,0.0227,Trey Lance
2021101011,3124,0,SF,ARI,C,pass_forward,0.304,0.1336,0.1519,2.5,4.3238,0.0183,Trey Lance
2021101011,3262,0,SF,ARI,I,pass_forward,0.3934,0.2648,0.2832,2.3,3.1829,0.0184,Trey Lance
2021101011,3316,0,SF,ARI,I,pass_forward,0.4421,0.495,0.5102,2.1,3.17,0.0153,Trey Lance
2021101011,3338,0,SF,ARI,I,pass_forward,0.5105,0.5759,0.6475,2.3,2.938,0.0716,Trey Lance
2021101011,3423,1,ARI,SF,C,pass_forward,0.3247,0.3743,0.2133,5.4,2.4222,-0.1611,Kyler Murray
2021101011,3503,1,SF,ARI,C,pass_forward,0.282,0.357,0.2318,4.9,1.3789,-0.1252,Trey Lance
2021101011,3527,1,SF,ARI,C,pass_forward,0.2906,0.2841,0.2364,2.1,2.7153,-0.0477,Trey Lance
2021101011,3587,0,SF,ARI,I,pass_forward,0.5773,0.6347,0.6192,2.8,2.6225,-0.0155,Trey Lance
2021101011,3609,0,SF,ARI,I,pass_forward,0.4696,0.4218,0.2947,1.9,1.3606,-0.1271,Trey Lance
2021101011,3686,1,ARI,SF,C,pass_forward,0.5083,0.3665,0.4272,3.1,3.2267,0.0607,Kyler Murray
2021101012,130,0,DAL,NYG,I,pass_forward,0.3522,0.377,0.2547,2.3,1.5832,-0.1223,Dak Prescott
2021101012,200,0,DAL,NYG,IN,pass_forward,0.5109,0.5013,0.6747,2.1,4.4303,0.1734,Dak Prescott
2021101012,271,1,NYG,DAL,R,run,0.4004,0.4328,0.1611,4.7,3.518,-0.2717,Daniel Jones
2021101012,318,0,NYG,DAL,I,pass_forward,0.4133,0.4573,0.509,3.0,3.1724,0.0517,Daniel Jones
2021101012,344,0,NYG,DAL,I,pass_forward,0.4541,0.485,0.2608,5.7,1.6337,-0.2242,Daniel Jones
2021101012,531,1,DAL,NYG,C,pass_forward,0.592,0.6479,0.6929,2.1,3.5574,0.045,Dak Prescott
2021101012,555,0,DAL,NYG,I,pass_forward,0.3715,0.3468,0.0906,4.4,1.6377,-0.2562,Dak Prescott
2021101012,598,0,DAL,NYG,I,pass_forward,0.4548,0.4385,0.5122,2.5,3.1671,0.0737,Dak Prescott
2021101012,660,0,NYG,DAL,I,pass_forward,0.33,0.294,0.2335,2.1,3.3191,-0.0605,Daniel Jones
2021101012,707,0,NYG,DAL,I,pass_forward,0.342,0.3524,0.1492,3.5,1.3342,-0.2032,Daniel Jones
2021101012,754,0,DAL,NYG,R,run,0.379,0.3385,0.2714,4.0,1.33,-0.0671,Dak Prescott
2021101012,817,0,DAL,NYG,I,pass_forward,0.4655,0.4848,0.2267,4.6,0.4833,-0.258,Dak Prescott
2021101012,839,0,DAL,NYG,C,pass_forward,0.4403,0.4977,0.5388,3.2,0.7971,0.0412,Dak Prescott
2021101012,1070,0,NYG,DAL,I,pass_forward,0.6355,0.6545,0.5774,2.6,1.9428,-0.0772,Daniel Jones
2021101012,1157,0,DAL,NYG,C,pass_forward,0.3032,0.236,0.4743,2.9,2.7772,0.2383,Dak Prescott
2021101012,1181,1,DAL,NYG,C,pass_forward,0.3879,0.4135,0.4492,2.8,2.5442,0.0357,Dak Prescott
2021101012,1283,1,NYG,DAL,C,pass_forward,0.2978,0.3733,0.0897,3.5,1.0395,-0.2836,Daniel Jones
2021101012,1322,0,NYG,DAL,I,pass_forward,0.2888,0.3774,0.3957,2.6,4.8716,0.0183,Daniel Jones
2021101012,1369,0,NYG,DAL,I,pass_forward,0.4653,0.5373,0.6224,2.5,1.8233,0.0851,Daniel Jones
2021101012,1455,0,DAL,NYG,C,pass_forward,0.1101,0.0782,0.1126,2.0,4.5371,0.0344,Dak Prescott
2021101012,1520,0,DAL,NYG,C,pass_forward,0.3578,0.3443,0.4391,2.6,2.0553,0.0948,Dak Prescott
2021101012,1611,0,NYG,DAL,C,pass_forward,0.4222,0.3099,0.3035,2.0,3.9905,-0.0064,Daniel Jones
2021101012,1635,1,NYG,DAL,C,pass_forward,0.5526,0.5209,0.4278,3.8,2.3085,-0.0931,Daniel Jones
2021101012,1778,1,NYG,DAL,C,pass_forward,0.6369,0.5768,0.3477,2.5,1.3657,-0.2291,Daniel Jones
2021101012,1963,0,DAL,NYG,C,pass_forward,0.1734,0.1352,0.2722,2.7,3.3173,0.137,Dak Prescott
2021101012,1987,1,DAL,NYG,C,pass_forward,0.7425,0.803,0.8178,2.8,2.5579,0.0148,Dak Prescott
2021101012,2028,0,DAL,NYG,S,qb_sack,0.2408,0.298,0.0115,4.5,0.0361,-0.2866,Dak Prescott
2021101012,2048,0,DAL,NYG,C,pass_forward,0.1934,0.1657,0.3004,2.5,4.4763,0.1347,Dak Prescott
2021101012,2072,1,DAL,NYG,C,pass_forward,0.5785,0.6061,0.6623,3.2,2.1762,0.0562,Dak Prescott
2021101012,2096,0,DAL,NYG,I,pass_forward,0.3138,0.2953,0.4612,2.5,2.7544,0.1658,Dak Prescott
2021101012,2118,1,DAL,NYG,C,pass_forward,0.2428,0.2824,0.3022,2.9,1.7868,0.0197,Dak Prescott
2021101012,2236,1,NYG,DAL,C,pass_forward,0.2761,0.3953,0.6,4.0,2.5143,0.2047,Mike Glennon
2021101012,2492,0,DAL,NYG,I,pass_forward,0.4248,0.5386,0.4766,3.5,3.1015,-0.062,Dak Prescott
2021101012,2514,1,DAL,NYG,C,pass_forward,0.4341,0.4768,0.5299,6.2,3.064,0.053,Dak Prescott
2021101012,2563,1,DAL,NYG,C,pass_forward,0.4163,0.4321,0.6055,2.4,3.092,0.1734,Dak Prescott
2021101012,2611,0,DAL,NYG,I,pass_forward,0.6749,0.5432,0.3896,3.6,0.7991,-0.1536,Dak Prescott
2021101012,2687,1,DAL,NYG,C,pass_forward,0.5097,0.5131,0.4937,2.8,2.4329,-0.0194,Dak Prescott
2021101012,2743,0,NYG,DAL,IN,pass_forward,0.3484,0.4239,0.4636,4.0,2.1272,0.0398,Mike Glennon
2021101012,2822,0,DAL,NYG,C,pass_forward,0.1052,0.0813,0.0952,2.5,3.0759,0.0138,Dak Prescott
2021101012,2942,0,DAL,NYG,S,qb_sack,0.3357,0.301,0.0391,4.1,0.3585,-0.2618,Dak Prescott
2021101012,2961,0,DAL,NYG,C,pass_forward,0.1482,0.1889,0.2285,2.2,4.6735,0.0396,Dak Prescott
2021101012,3060,1,NYG,DAL,C,pass_forward,0.3362,0.3398,0.0698,2.2,0.9425,-0.27,Mike Glennon
2021101012,3205,1,NYG,DAL,C,pass_forward,0.3397,0.3943,0.4995,2.7,2.5795,0.1052,Mike Glennon
2021101012,3255,0,NYG,DAL,I,pass_forward,0.3392,0.3292,0.0995,6.7,1.7889,-0.2297,Mike Glennon
2021101012,3379,1,DAL,NYG,C,pass_forward,0.366,0.5532,0.6695,3.8,2.2209,0.1163,Dak Prescott
2021101012,3484,1,DAL,NYG,C,pass_forward,0.5569,0.5785,0.458,2.8,2.5381,-0.1205,Dak Prescott
2021101012,3590,0,NYG,DAL,I,pass_forward,0.288,0.3078,0.2122,5.1,3.3688,-0.0956,Mike Glennon
2021101012,3612,1,NYG,DAL,C,pass_forward,0.288,0.2503,0.2962,2.2,3.7162,0.0459,Mike Glennon
2021101012,3636,1,NYG,DAL,C,pass_forward,0.2366,0.2411,0.3829,2.6,3.9231,0.1419,Mike Glennon
2021101012,3660,1,NYG,DAL,C,pass_forward,0.2181,0.3012,0.3026,1.9,3.6,0.0013,Mike Glennon
2021101012,3735,0,NYG,DAL,I,pass_forward,0.0785,0.0815,0.0782,2.6,1.9932,-0.0034,Mike Glennon
2021101012,3757,0,NYG,DAL,C,pass_forward,0.0785,0.0591,0.0745,2.8,3.1816,0.0154,Mike Glennon
2021101012,3786,1,NYG,DAL,C,pass_forward,0.4045,0.4178,0.4578,2.3,2.301,0.0399,Mike Glennon
2021101012,3843,0,NYG,DAL,C,pass_forward,0.1977,0.0988,0.1399,2.7,2.4789,0.0411,Mike Glennon
2021101012,3867,0,NYG,DAL,I,pass_forward,0.5407,0.5081,0.1912,4.5,3.784,-0.3169,Mike Glennon
2021101012,3889,0,NYG,DAL,I,pass_forward,0.5172,0.4328,0.2957,2.4,1.7834,-0.1371,Mike Glennon
2021101012,3948,1,NYG,DAL,C,pass_forward,0.4958,0.3656,0.3117,1.6,2.6396,-0.054,Mike Glennon
2021101012,4089,1,DAL,NYG,C,pass_forward,0.4169,0.56,0.4375,4.2,2.1693,-0.1225,Dak Prescott
2021101012,4221,0,DAL,NYG,I,pass_forward,0.4045,0.3994,0.4611,2.0,2.4269,0.0617,Dak Prescott
2021101012,4304,0,NYG,DAL,I,pass_forward,0.2987,0.3235,0.3502,2.7,2.8955,0.0267,Mike Glennon
2021101012,4326,1,NYG,DAL,C,pass_forward,0.2987,0.3142,0.2996,2.5,2.5807,-0.0146,Mike Glennon
2021101012,4355,0,NYG,DAL,IN,pass_forward,0.2455,0.3277,0.3422,2.5,1.6776,0.0145,Mike Glennon
2021101013,97,1,KC,BUF,C,pass_forward,0.5397,0.5902,0.537,2.5,3.4915,-0.0532,Patrick Mahomes
2021101013,137,0,KC,BUF,I,pass_forward,0.3415,0.3944,0.492,4.1,1.8711,0.0976,Patrick Mahomes
2021101013,159,0,KC,BUF,I,pass_forward,0.2965,0.2532,0.312,2.4,1.8556,0.0587,Patrick Mahomes
2021101013,181,1,KC,BUF,R,run,0.2893,0.3174,0.1118,5.0,1.8233,-0.2055,Patrick Mahomes
2021101013,213,0,KC,BUF,I,pass_forward,0.272,0.2575,0.1869,4.6,1.6226,-0.0706,Patrick Mahomes
2021101013,310,0,KC,BUF,R,run,0.2909,0.3073,0.1664,5.6,2.13,-0.141,Patrick Mahomes
2021101013,424,1,KC,BUF,C,pass_forward,0.4343,0.4799,0.3403,1.9,2.1246,-0.1396,Patrick Mahomes
2021101013,452,0,KC,BUF,R,run,0.2316,0.2636,0.1014,5.2,3.5507,-0.1622,Patrick Mahomes
2021101013,535,0,KC,BUF,I,pass_forward,0.2246,0.1357,0.2104,3.3,2.8562,0.0746,Patrick Mahomes
2021101013,666,1,BUF,KC,C,pass_forward,0.3071,0.236,0.4639,3.7,3.9661,0.228,Josh Allen
2021101013,711,1,BUF,KC,R,run,0.3874,0.384,0.5314,2.7,2.9401,0.1474,Josh Allen
2021101013,732,0,BUF,KC,I,pass_forward,0.2515,0.2421,0.2051,2.7,2.3067,-0.0369,Josh Allen
2021101013,933,0,BUF,KC,I,pass_forward,0.2173,0.2834,0.1336,5.3,0.9725,-0.1498,Josh Allen
2021101013,1047,1,KC,BUF,R,run,0.5832,0.611,0.6936,3.0,2.3888,0.0826,Patrick Mahomes
2021101013,1068,1,KC,BUF,C,pass_forward,0.3247,0.3052,0.3931,3.5,2.2657,0.0879,Patrick Mahomes
2021101013,1216,1,KC,BUF,C,pass_forward,0.3065,0.2454,0.1574,5.8,0.9774,-0.088,Patrick Mahomes
2021101013,1240,0,KC,BUF,C,pass_forward,0.2993,0.2873,0.3811,2.8,2.3408,0.0938,Patrick Mahomes
2021101013,1338,0,KC,BUF,S,qb_sack,0.4017,0.4365,0.081,8.1,1.1378,-0.3554,Patrick Mahomes
2021101013,1383,1,KC,BUF,C,pass_forward,0.3848,0.4528,0.2963,4.3,2.1539,-0.1565,Patrick Mahomes
2021101013,1445,0,BUF,KC,I,pass_forward,0.378,0.343,0.4511,3.2,2.3386,0.1081,Josh Allen
2021101013,1488,1,BUF,KC,C,pass_forward,0.5326,0.5205,0.621,3.1,2.5089,0.1005,Josh Allen
2021101013,1512,1,BUF,KC,C,pass_forward,0.4376,0.3118,0.3955,3.6,2.1946,0.0837,Josh Allen
2021101013,1536,1,BUF,KC,C,pass_forward,0.3216,0.2416,0.3758,4.1,4.0096,0.1342,Josh Allen
2021101013,1620,0,KC,BUF,C,pass_forward,0.3015,0.3567,0.1882,2.7,4.7386,-0.1685,Patrick Mahomes
2021101013,1695,0,BUF,KC,I,pass_forward,0.3902,0.4728,0.1196,5.8,2.3355,-0.3532,Josh Allen
2021101013,1738,1,BUF,KC,C,pass_forward,0.465,0.3781,0.3599,4.1,2.2452,-0.0182,Josh Allen
2021101013,1783,0,BUF,KC,I,pass_forward,0.162,0.2062,0.2788,3.2,3.3212,0.0725,Josh Allen
2021101013,1805,0,BUF,KC,I,pass_forward,0.1933,0.2147,0.2158,3.1,2.3444,0.0011,Josh Allen
2021101013,1883,1,KC,BUF,R,run,0.4056,0.3055,0.4516,3.4,1.9543,0.1461,Patrick Mahomes
2021101013,1904,0,KC,BUF,I,pass_forward,0.2749,0.3032,0.2146,1.9,3.8441,-0.0887,Patrick Mahomes
2021101013,1938,0,KC,BUF,I,pass_forward,0.2957,0.2388,0.3486,2.3,2.7966,0.1098,Patrick Mahomes
2021101013,1983,0,KC,BUF,C,pass_forward,0.1939,0.2047,0.0746,6.0,1.2832,-0.1301,Patrick Mahomes
2021101013,2024,0,KC,BUF,I,pass_forward,0.4476,0.4549,0.3741,7.7,4.4131,-0.0808,Patrick Mahomes
2021101013,2070,1,BUF,KC,C,pass_forward,0.2903,0.2494,0.2683,5.7,1.2808,0.0189,Josh Allen
2021101013,2126,0,KC,BUF,C,pass_forward,0.2054,0.2838,0.2705,1.5,4.5894,-0.0132,Patrick Mahomes
2021101013,2150,1,KC,BUF,R,run,0.5408,0.6329,0.6113,3.9,2.196,-0.0215,Patrick Mahomes
2021101013,2171,0,KC,BUF,I,pass_forward,0.2936,0.3053,0.2468,2.6,1.381,-0.0586,Patrick Mahomes
2021101013,2210,1,KC,BUF,C,pass_forward,0.2984,0.3027,0.3332,2.8,2.3544,0.0305,Patrick Mahomes
2021101013,2318,0,KC,BUF,I,pass_forward,0.0594,0.0197,0.0172,3.0,4.38,-0.0025,Patrick Mahomes
2021101013,2340,0,KC,BUF,C,pass_forward,0.061,0.0272,0.0182,2.3,2.8202,-0.009,Patrick Mahomes
2021101013,2403,0,KC,BUF,I,pass_forward,0.1133,0.1324,0.1399,2.6,2.0255,0.0075,Patrick Mahomes
2021101013,2573,0,BUF,KC,I,pass_forward,0.5391,0.5809,0.5397,2.5,3.566,-0.0413,Josh Allen
2021101013,2644,1,KC,BUF,C,pass_forward,0.2202,0.1867,0.2459,2.5,3.3605,0.0592,Patrick Mahomes
2021101013,2668,0,KC,BUF,C,pass_forward,0.2749,0.2698,0.2449,2.0,4.7115,-0.0248,Patrick Mahomes
2021101013,2713,0,KC,BUF,I,pass_forward,0.5854,0.5745,0.1141,3.7,0.7201,-0.4603,Patrick Mahomes
2021101013,2773,1,BUF,KC,C,pass_forward,0.3197,0.317,0.0923,5.4,1.0462,-0.2246,Josh Allen
2021101013,2818,0,BUF,KC,C,pass_forward,0.1725,0.2505,0.4413,3.3,2.3746,0.1908,Josh Allen
2021101013,2842,0,BUF,KC,I,pass_forward,0.3379,0.2559,0.16,2.2,2.831,-0.0958,Josh Allen
2021101013,2903,0,KC,BUF,I,pass_forward,0.2068,0.184,0.2616,3.3,2.2713,0.0775,Patrick Mahomes
2021101013,2987,0,KC,BUF,I,pass_forward,0.4198,0.4363,0.5667,2.9,2.614,0.1305,Patrick Mahomes
2021101013,3009,0,KC,BUF,IN,pass_forward,0.4315,0.4692,0.4455,2.9,2.6655,-0.0238,Patrick Mahomes
2021101013,3067,0,KC,BUF,I,pass_forward,0.2071,0.4206,0.1845,5.7,3.0184,-0.2361,Patrick Mahomes
2021101013,3089,0,KC,BUF,C,pass_forward,0.2578,0.3222,0.2932,2.1,2.8069,-0.029,Patrick Mahomes
2021101013,3113,0,KC,BUF,C,pass_forward,0.349,0.4457,0.4995,2.4,2.9628,0.0538,Patrick Mahomes
2021101013,3175,1,KC,BUF,C,pass_forward,0.2282,0.2965,0.1504,5.0,1.9375,-0.1461,Patrick Mahomes
2021101013,3220,1,KC,BUF,C,pass_forward,0.5715,0.689,0.6984,4.0,2.0502,0.0094,Patrick Mahomes
2021101013,3281,1,KC,BUF,C,pass_forward,0.1976,0.2387,0.2875,2.8,1.6283,0.0487,Patrick Mahomes
2021101013,3380,0,BUF,KC,I,pass_forward,0.3772,0.3792,0.3565,2.9,1.7671,-0.0226,Josh Allen
2021101013,3429,0,KC,BUF,C,pass_forward,0.2019,0.2764,0.2918,3.1,3.5327,0.0154,Patrick Mahomes
2021101013,3453,1,KC,BUF,C,pass_forward,0.5136,0.5245,0.5363,2.5,4.0408,0.0119,Patrick Mahomes
2021101013,3477,0,KC,BUF,C,pass_forward,0.2223,0.2517,0.2311,2.0,4.572,-0.0206,Patrick Mahomes
2021101013,3537,0,KC,BUF,C,pass_forward,0.1735,0.178,0.2707,2.5,4.3095,0.0928,Patrick Mahomes
2021101013,3585,0,KC,BUF,C,pass_forward,0.4352,0.3788,0.5044,3.5,2.4192,0.1256,Patrick Mahomes
2021101013,3937,1,BUF,KC,R,run,0.5132,0.4184,0.4853,2.1,4.4952,0.0669,Josh Allen
2021101013,3958,0,BUF,KC,I,pass_forward,0.4762,0.411,0.5754,3.5,2.7247,0.1644,Josh Allen
2021101013,3980,1,BUF,KC,C,pass_forward,0.3189,0.2732,0.2073,1.6,3.9767,-0.0659,Josh Allen
2021101013,4004,1,BUF,KC,C,pass_forward,0.3214,0.288,0.373,3.3,2.9272,0.0851,Josh Allen
2021101013,4133,0,KC,BUF,I,pass_forward,0.2717,0.2242,0.2315,3.3,1.8186,0.0073,Patrick Mahomes
2021101013,4155,0,KC,BUF,C,pass_forward,0.2259,0.2057,0.1885,2.3,3.1951,-0.0173,Patrick Mahomes
2021101013,4195,1,KC,BUF,C,pass_forward,0.5984,0.6163,0.6465,2.4,3.2141,0.0302,Patrick Mahomes
2021101013,4219,0,KC,BUF,C,pass_forward,0.2363,0.3031,0.2761,2.0,3.4494,-0.0269,Patrick Mahomes
2021101013,4243,1,KC,BUF,R,run,0.4807,0.4758,0.4743,5.1,1.5158,-0.0015,Patrick Mahomes
2021101013,4269,0,KC,BUF,I,pass_forward,0.2249,0.2679,0.2388,2.9,4.0345,-0.0291,Patrick Mahomes
2021101013,4291,0,KC,BUF,C,pass_forward,0.2305,0.3018,0.3399,2.3,4.5963,0.0381,Patrick Mahomes
2021101013,4371,1,KC,BUF,C,pass_forward,0.4685,0.4098,0.3987,1.8,3.3804,-0.0111,Patrick Mahomes
2021101100,62,0,BAL,IND,C,pass_forward,0.2117,0.2424,0.3669,2.6,5.3533,0.1244,Lamar Jackson
2021101100,86,0,BAL,IND,S,qb_sack,0.4527,0.4778,0.1413,5.0,0.5148,-0.3364,Lamar Jackson
2021101100,114,0,BAL,IND,I,pass_forward,0.4208,0.4813,0.5594,2.4,2.8589,0.0781,Lamar Jackson
2021101100,184,0,IND,BAL,I,pass_forward,0.0668,0.0848,0.0451,5.4,0.6989,-0.0397,Carson Wentz
2021101100,206,0,IND,BAL,I,pass_forward,0.0756,0.127,0.1493,2.2,2.3867,0.0223,Carson Wentz
2021101100,291,0,BAL,IND,C,pass_forward,0.2613,0.3413,0.3654,2.2,4.6523,0.024,Lamar Jackson
2021101100,336,0,BAL,IND,I,pass_forward,0.3888,0.5013,0.5909,2.3,3.4306,0.0896,Lamar Jackson
2021101100,418,1,IND,BAL,C,pass_forward,0.1781,0.4036,0.3493,2.9,2.4017,-0.0543,Carson Wentz
2021101100,484,1,IND,BAL,C,pass_forward,0.2304,0.3128,0.3524,2.9,1.6115,0.0397,Carson Wentz
2021101100,574,0,IND,BAL,C,pass_forward,0.2686,0.3291,0.1425,3.0,1.6664,-0.1865,Carson Wentz
2021101100,678,0,IND,BAL,S,qb_strip_sack,0.4434,0.3949,0.0458,2.3,0.7214,-0.3491,Carson Wentz
2021101100,786,0,BAL,IND,R,run,0.4769,0.432,0.4154,4.6,2.449,-0.0166,Lamar Jackson
2021101100,937,1,IND,BAL,C,pass_forward,0.2761,0.337,0.2897,3.0,4.2498,-0.0473,Carson Wentz
2021101100,965,0,IND,BAL,C,pass_forward,0.3567,0.3227,0.2791,3.4,2.4147,-0.0436,Carson Wentz
2021101100,1073,0,IND,BAL,S,qb_sack,0.3164,0.3144,0.0354,2.9,0.4687,-0.279,Carson Wentz
2021101100,1132,1,BAL,IND,R,run,0.2654,0.1789,0.1944,5.5,0.8562,0.0156,Lamar Jackson
2021101100,1153,1,BAL,IND,C,pass_forward,0.2514,0.2768,0.3236,2.6,3.7922,0.0469,Lamar Jackson
2021101100,1394,1,BAL,IND,C,pass_forward,0.307,0.3176,0.4343,2.6,3.0095,0.1167,Lamar Jackson
2021101100,1465,0,BAL,IND,C,pass_forward,0.3256,0.3431,0.3762,2.5,3.5488,0.0331,Lamar Jackson
2021101100,1516,1,BAL,IND,C,pass_forward,0.6302,0.7093,0.7539,3.4,2.9029,0.0446,Lamar Jackson
2021101100,1540,0,BAL,IND,C,pass_forward,0.2294,0.3026,0.2653,2.8,2.0591,-0.0373,Lamar Jackson
2021101100,1625,0,BAL,IND,I,pass_forward,0.3517,0.5732,0.6002,3.3,3.8886,0.027,Lamar Jackson
2021101100,1716,1,IND,BAL,C,pass_forward,0.4564,0.435,0.4581,2.2,2.3277,0.0231,Carson Wentz
2021101100,1740,0,IND,BAL,I,pass_forward,0.3067,0.2666,0.3184,3.3,2.2989,0.0519,Carson Wentz
2021101100,1795,1,IND,BAL,C,pass_forward,0.3078,0.3585,0.2559,2.7,2.1739,-0.1026,Carson Wentz
2021101100,1819,0,IND,BAL,I,pass_forward,0.2704,0.3414,0.352,1.9,4.1938,0.0106,Carson Wentz
2021101100,1865,0,IND,BAL,I,pass_forward,0.109,0.1425,0.1752,1.7,3.287,0.0327,Carson Wentz
2021101100,1887,1,IND,BAL,C,pass_forward,0.107,0.2323,0.2548,2.5,2.1645,0.0224,Carson Wentz
2021101100,2018,1,IND,BAL,C,pass_forward,0.3291,0.3887,0.4302,3.2,2.4956,0.0415,Carson Wentz
2021101100,2042,1,IND,BAL,C,pass_forward,0.4032,0.3676,0.1972,3.4,1.2724,-0.1704,Carson Wentz
2021101100,2127,0,BAL,IND,C,pass_forward,0.3222,0.3396,0.281,3.7,1.578,-0.0587,Lamar Jackson
2021101100,2172,1,BAL,IND,C,pass_forward,0.5422,0.5681,0.6358,1.7,3.4894,0.0677,Lamar Jackson
2021101100,2196,0,BAL,IND,S,qb_sack,0.2687,0.3078,0.0561,4.8,0.102,-0.2517,Lamar Jackson
2021101100,2215,0,BAL,IND,C,pass_forward,0.1744,0.1524,0.1951,3.5,3.438,0.0426,Lamar Jackson
2021101100,2239,1,BAL,IND,R,run,0.5054,0.6167,0.2044,5.4,0.6997,-0.4123,Lamar Jackson
2021101100,2284,1,BAL,IND,C,pass_forward,0.5078,0.4619,0.4996,1.9,2.6023,0.0377,Lamar Jackson
2021101100,2308,0,BAL,IND,C,pass_forward,0.2869,0.3867,0.2442,3.2,1.5882,-0.1425,Lamar Jackson
2021101100,2343,0,BAL,IND,I,pass_forward,0.2113,0.1705,0.365,4.0,1.4069,0.1945,Lamar Jackson
2021101100,2365,0,BAL,IND,C,pass_forward,0.2374,0.2986,0.2521,2.3,3.0505,-0.0464,Lamar Jackson
2021101100,2422,1,BAL,IND,C,pass_forward,0.2573,0.2359,0.2768,2.9,1.3967,0.0409,Lamar Jackson
2021101100,2634,1,IND,BAL,C,pass_forward,0.256,0.2657,0.2932,2.6,1.6325,0.0274,Carson Wentz
2021101100,2720,0,BAL,IND,C,pass_forward,0.2056,0.3032,0.3178,1.9,3.5627,0.0147,Lamar Jackson
2021101100,2744,1,BAL,IND,C,pass_forward,0.3265,0.4678,0.5763,3.3,3.7703,0.1085,Lamar Jackson
2021101100,2813,1,BAL,IND,C,pass_forward,0.2233,0.3126,0.3162,3.4,1.6618,0.0036,Lamar Jackson
2021101100,2876,0,IND,BAL,R,run,0.3786,0.3184,0.2103,4.1,1.8997,-0.1081,Carson Wentz
2021101100,2984,1,IND,BAL,C,pass_forward,0.1623,0.1658,0.4089,3.1,2.2772,0.2431,Carson Wentz
2021101100,3034,0,IND,BAL,C,pass_forward,0.2577,0.2511,0.2494,2.0,3.0869,-0.0017,Carson Wentz
2021101100,3058,0,IND,BAL,I,pass_forward,0.339,0.4533,0.3579,1.7,3.2201,-0.0953,Carson Wentz
2021101100,3121,1,BAL,IND,C,pass_forward,0.2075,0.2739,0.2586,3.4,2.0893,-0.0153,Lamar Jackson
2021101100,3148,1,BAL,IND,C,pass_forward,0.2391,0.3468,0.3484,2.9,2.8538,0.0016,Lamar Jackson
2021101100,3172,0,BAL,IND,C,pass_forward,0.2333,0.304,0.2339,2.4,1.4374,-0.0701,Lamar Jackson
2021101100,3196,1,BAL,IND,C,pass_forward,0.5239,0.5782,0.6242,1.9,3.575,0.046,Lamar Jackson
2021101100,3220,1,BAL,IND,C,pass_forward,0.2076,0.2192,0.2281,2.7,2.7762,0.0089,Lamar Jackson
2021101100,3247,1,BAL,IND,C,pass_forward,0.2836,0.2733,0.2047,5.1,3.0413,-0.0686,Lamar Jackson
2021101100,3336,1,IND,BAL,C,pass_forward,0.4341,0.5013,0.5544,4.4,2.1523,0.0531,Carson Wentz
2021101100,3598,0,BAL,IND,I,pass_forward,0.3062,0.2629,0.0918,3.2,0.8584,-0.1711,Lamar Jackson
2021101100,3620,1,BAL,IND,C,pass_forward,0.3347,0.2922,0.2479,2.0,4.2597,-0.0443,Lamar Jackson
2021101100,3644,1,BAL,IND,C,pass_forward,0.3041,0.3107,0.327,2.7,2.8412,0.0164,Lamar Jackson
2021101100,3668,0,BAL,IND,C,pass_forward,0.3025,0.2829,0.2795,2.9,2.895,-0.0035,Lamar Jackson
2021101100,3692,1,BAL,IND,R,run,0.7388,0.7172,0.3717,6.6,0.5308,-0.3455,Lamar Jackson
2021101100,3713,0,BAL,IND,I,pass_forward,0.2859,0.2618,0.274,1.9,3.3607,0.0122,Lamar Jackson
2021101100,3735,1,BAL,IND,C,pass_forward,0.3025,0.2753,0.3838,3.6,1.701,0.1085,Lamar Jackson
2021101100,3759,0,BAL,IND,C,pass_forward,0.242,0.3307,0.3804,3.4,2.0546,0.0497,Lamar Jackson
2021101100,3800,1,BAL,IND,R,run,0.3345,0.4926,0.319,3.0,1.7493,-0.1735,Lamar Jackson
2021101100,3842,1,BAL,IND,C,pass_forward,0.5567,0.5108,0.4818,4.4,2.4939,-0.0291,Lamar Jackson
2021101100,3896,1,IND,BAL,C,pass_forward,0.3552,0.3772,0.4748,3.6,1.799,0.0976,Carson Wentz
2021101100,4016,1,IND,BAL,C,pass_forward,0.2712,0.3571,0.3543,3.0,2.6507,-0.0029,Carson Wentz
2021101100,4161,0,BAL,IND,R,run,0.2771,0.236,0.1674,5.8,2.3166,-0.0685,Lamar Jackson
2021101100,4182,1,BAL,IND,C,pass_forward,0.5391,0.6784,0.7594,2.0,4.2333,0.081,Lamar Jackson
2021101100,4236,1,BAL,IND,C,pass_forward,0.3886,0.4575,0.4009,2.6,1.9543,-0.0566,Lamar Jackson
2021101100,4269,0,BAL,IND,C,pass_forward,0.2498,0.3412,0.4636,2.8,3.8505,0.1224,Lamar Jackson
2021101100,4314,0,BAL,IND,C,pass_forward,0.2195,0.1877,0.2083,2.1,4.5,0.0207,Lamar Jackson
2021101100,4401,1,BAL,IND,C,pass_forward,0.2655,0.2727,0.3307,2.7,2.6045,0.058,Lamar Jackson
2021101400,76,1,TB,PHI,C,pass_forward,0.4143,0.4046,0.48,1.8,4.1953,0.0754,Tom Brady
2021101400,100,1,TB,PHI,C,pass_forward,0.3595,0.3452,0.5143,3.1,2.3331,0.1692,Tom Brady
2021101400,145,1,TB,PHI,C,pass_forward,0.6089,0.6178,0.56,2.2,2.44,-0.0578,Tom Brady
2021101400,169,0,TB,PHI,I,pass_forward,0.3092,0.3253,0.427,2.6,2.1181,0.1017,Tom Brady
2021101400,257,1,TB,PHI,C,pass_forward,0.5838,0.7121,0.5883,3.2,2.2971,-0.1239,Tom Brady
2021101400,334,0,PHI,TB,I,pass_forward,0.2122,0.1205,0.2367,3.2,1.1594,0.1162,Jalen Hurts
2021101400,379,1,PHI,TB,R,run,0.3941,0.3573,0.3586,4.9,3.2101,0.0012,Jalen Hurts
2021101400,419,0,PHI,TB,I,pass_forward,0.2195,0.1037,0.1843,2.5,2.7986,0.0806,Jalen Hurts
2021101400,441,1,PHI,TB,C,pass_forward,0.2197,0.1929,0.2109,5.3,4.1889,0.0181,Jalen Hurts
2021101400,627,0,TB,PHI,C,pass_forward,0.325,0.3425,0.324,2.5,3.5176,-0.0185,Tom Brady
2021101400,651,1,TB,PHI,C,pass_forward,0.5492,0.5129,0.4756,1.9,4.0005,-0.0373,Tom Brady
2021101400,675,1,TB,PHI,C,pass_forward,0.3498,0.3468,0.4187,2.4,1.9408,0.0719,Tom Brady
2021101400,836,1,TB,PHI,C,pass_forward,0.2952,0.3583,0.4576,4.7,2.228,0.0993,Tom Brady
2021101400,938,0,PHI,TB,C,pass_forward,0.3159,0.3666,0.2572,1.7,2.5102,-0.1094,Jalen Hurts
2021101400,962,0,PHI,TB,I,pass_forward,0.4701,0.5383,0.5829,1.8,3.45,0.0446,Jalen Hurts
2021101400,1054,0,TB,PHI,C,pass_forward,0.2681,0.2988,0.2293,2.0,3.8927,-0.0695,Tom Brady
2021101400,1143,0,PHI,TB,R,run,0.4365,0.5281,0.0869,5.2,2.0156,-0.4412,Jalen Hurts
2021101400,1171,0,PHI,TB,I,pass_forward,0.3788,0.2777,0.2584,2.5,1.9385,-0.0194,Jalen Hurts
2021101400,1253,0,TB,PHI,I,pass_forward,0.5811,0.5948,0.3648,2.8,1.4968,-0.2299,Tom Brady
2021101400,1375,1,PHI,TB,C,pass_forward,0.2862,0.2869,0.4289,3.3,2.652,0.1421,Jalen Hurts
2021101400,1399,0,PHI,TB,IN,pass_forward,0.3113,0.3066,0.5797,3.1,1.8561,0.2731,Jalen Hurts
2021101400,1425,0,TB,PHI,I,pass_forward,0.3624,0.3616,0.0346,3.5,0.5263,-0.327,Tom Brady
2021101400,1447,1,TB,PHI,C,pass_forward,0.3321,0.2863,0.2954,2.1,3.0657,0.0091,Tom Brady
2021101400,1516,1,TB,PHI,C,pass_forward,0.3164,0.3377,0.5727,3.3,2.3778,0.235,Tom Brady
2021101400,1609,0,TB,PHI,C,pass_forward,0.4176,0.3592,0.3674,2.2,3.2504,0.0083,Tom Brady
2021101400,1724,0,PHI,TB,I,pass_forward,0.2921,0.3252,0.3531,5.3,1.3732,0.0279,Jalen Hurts
2021101400,1752,0,PHI,TB,R,run,0.2971,0.3191,0.14,6.2,1.2914,-0.1792,Jalen Hurts
2021101400,1778,0,PHI,TB,I,pass_forward,0.4278,0.3726,0.2764,5.7,2.1349,-0.0962,Jalen Hurts
2021101400,1879,0,TB,PHI,I,pass_forward,0.1262,0.1151,0.2527,3.3,3.3141,0.1376,Tom Brady
2021101400,1901,0,TB,PHI,I,pass_forward,0.1328,0.0922,0.1559,2.9,3.5348,0.0636,Tom Brady
2021101400,1923,0,TB,PHI,IN,pass_forward,0.1448,0.1374,0.3294,3.2,2.6555,0.192,Tom Brady
2021101400,1959,0,PHI,TB,I,pass_forward,0.2824,0.2537,0.3405,2.8,3.7001,0.0867,Jalen Hurts
2021101400,1983,0,PHI,TB,I,pass_forward,0.2902,0.2991,0.1479,5.5,0.2983,-0.1512,Jalen Hurts
2021101400,2016,0,PHI,TB,R,run,0.3521,0.2807,0.1905,5.1,1.8942,-0.0901,Jalen Hurts
2021101400,2119,0,PHI,TB,C,pass_forward,0.3327,0.2909,0.1232,3.2,1.29,-0.1678,Jalen Hurts
2021101400,2170,0,PHI,TB,I,pass_forward,0.4229,0.3756,0.3575,2.9,2.1467,-0.0181,Jalen Hurts
2021101400,2217,0,TB,PHI,C,pass_forward,0.2905,0.4497,0.3948,2.0,4.0227,-0.0549,Tom Brady
2021101400,2241,0,TB,PHI,C,pass_forward,0.3663,0.4523,0.4404,2.5,1.6137,-0.0119,Tom Brady
2021101400,2312,0,TB,PHI,C,pass_forward,0.4557,0.5197,0.5783,2.3,2.9066,0.0587,Tom Brady
2021101400,2420,1,TB,PHI,C,pass_forward,0.3292,0.3448,0.3996,2.1,2.367,0.0548,Tom Brady
2021101400,2611,0,PHI,TB,C,pass_forward,0.2655,0.2118,0.3426,3.8,3.3801,0.1308,Jalen Hurts
2021101400,2722,0,PHI,TB,I,pass_forward,0.449,0.3676,0.1517,3.4,1.4221,-0.2159,Jalen Hurts
2021101400,2744,1,PHI,TB,R,run,0.3786,0.5353,0.5794,3.0,3.6721,0.0441,Jalen Hurts
2021101400,2797,0,TB,PHI,I,pass_forward,0.3071,0.2778,0.319,2.5,1.9547,0.0411,Tom Brady
2021101400,2843,0,TB,PHI,C,pass_forward,0.3135,0.3488,0.3027,2.8,2.1856,-0.0461,Tom Brady
2021101400,2951,1,PHI,TB,C,pass_forward,0.2373,0.1896,0.1908,4.6,2.3713,0.0012,Jalen Hurts
2021101400,3023,0,PHI,TB,I,pass_forward,0.2405,0.4206,0.3692,4.7,1.3321,-0.0515,Jalen Hurts
2021101400,3045,1,PHI,TB,C,pass_forward,0.2372,0.4846,0.4046,3.5,1.4578,-0.08,Jalen Hurts
2021101400,3090,0,PHI,TB,S,qb_sack,0.2827,0.2049,0.168,4.0,1.3092,-0.0369,Jalen Hurts
2021101400,3152,0,PHI,TB,I,pass_forward,0.29,0.3775,0.1218,5.8,1.1732,-0.2557,Jalen Hurts
2021101400,3278,0,TB,PHI,C,pass_forward,0.0575,0.1059,0.0868,1.8,3.5974,-0.019,Tom Brady
2021101400,3302,0,TB,PHI,C,pass_forward,0.1474,0.1219,0.1286,2.8,1.9803,0.0067,Tom Brady
2021101400,3326,0,TB,PHI,C,pass_forward,0.2503,0.2231,0.4026,2.7,4.4082,0.1795,Tom Brady
2021101400,3368,0,TB,PHI,I,pass_forward,0.5756,0.5971,0.5518,2.4,2.3389,-0.0453,Tom Brady
2021101400,3390,0,PHI,TB,C,pass_forward,0.2604,0.3367,0.3644,2.8,4.7566,0.0276,Jalen Hurts
2021101400,3669,1,TB,PHI,C,pass_forward,0.3474,0.3079,0.3036,1.8,3.6649,-0.0042,Tom Brady
2021101400,3761,1,TB,PHI,C,pass_forward,0.5772,0.5452,0.5187,4.2,4.426,-0.0265,Tom Brady
2021101400,3823,0,TB,PHI,C,pass_forward,0.2341,0.1756,0.1684,2.4,3.2213,-0.0072,Tom Brady
2021101700,95,0,MIA,JAX,C,pass_forward,0.181,0.1758,0.1461,2.0,3.1759,-0.0297,Tua Tagovailoa
2021101700,142,1,MIA,JAX,C,pass_forward,0.3225,0.3789,0.3372,3.6,0.528,-0.0417,Tua Tagovailoa
2021101700,213,0,MIA,JAX,I,pass_forward,0.3501,0.3899,0.1705,4.9,1.9961,-0.2194,Tua Tagovailoa
2021101700,259,1,MIA,JAX,C,pass_forward,0.3573,0.4613,0.4225,3.1,1.8804,-0.0387,Tua Tagovailoa
2021101700,283,0,MIA,JAX,I,pass_forward,0.2834,0.2733,0.3208,2.3,3.0559,0.0474,Tua Tagovailoa
2021101700,305,0,MIA,JAX,C,pass_forward,0.314,0.2894,0.2767,1.8,4.3789,-0.0128,Tua Tagovailoa
2021101700,329,1,MIA,JAX,C,pass_forward,0.4998,0.5728,0.527,2.2,2.3579,-0.0458,Tua Tagovailoa
2021101700,386,1,MIA,JAX,R,run,0.4187,0.4426,0.1977,5.1,1.458,-0.2449,Tua Tagovailoa
2021101700,499,0,JAX,MIA,C,pass_forward,0.2559,0.3074,0.3784,2.3,4.4401,0.071,Trevor Lawrence
2021101700,544,1,JAX,MIA,C,pass_forward,0.4622,0.5258,0.481,2.4,1.8462,-0.0448,Trevor Lawrence
2021101700,632,0,JAX,MIA,I,pass_forward,0.3865,0.4666,0.4435,2.7,2.7925,-0.0231,Trevor Lawrence
2021101700,695,1,MIA,JAX,C,pass_forward,0.2928,0.2857,0.3621,2.9,2.1005,0.0764,Tua Tagovailoa
2021101700,768,1,MIA,JAX,C,pass_forward,0.7387,0.7204,0.759,4.0,2.2459,0.0387,Jacoby Brissett
2021101700,802,1,MIA,JAX,C,pass_forward,0.3998,0.3547,0.2769,3.0,2.6417,-0.0778,Tua Tagovailoa
2021101700,874,0,MIA,JAX,C,pass_forward,0.1051,0.0524,0.0539,1.5,4.9098,0.0016,Tua Tagovailoa
2021101700,1048,0,JAX,MIA,C,pass_forward,0.0977,0.0619,0.1048,3.1,3.5432,0.0428,Trevor Lawrence
2021101700,1077,0,JAX,MIA,I,pass_forward,0.2039,0.1865,0.2827,3.0,3.3201,0.0962,Trevor Lawrence
2021101700,1166,0,MIA,JAX,C,pass_forward,0.4298,0.5405,0.4754,2.4,2.2771,-0.0651,Tua Tagovailoa
2021101700,1190,0,MIA,JAX,I,pass_forward,0.5298,0.6314,0.3553,2.3,1.26,-0.2762,Tua Tagovailoa
2021101700,1337,0,MIA,JAX,I,pass_forward,0.3049,0.3801,0.6055,2.8,4.9778,0.2254,Tua Tagovailoa
2021101700,1359,0,MIA,JAX,C,pass_forward,0.2628,0.3878,0.3879,2.9,2.2681,0.0,Tua Tagovailoa
2021101700,1388,0,MIA,JAX,I,pass_forward,0.5363,0.5827,0.4791,5.4,1.1317,-0.1036,Tua Tagovailoa
2021101700,1438,1,MIA,JAX,C,pass_forward,0.3895,0.5456,0.4887,3.4,4.6239,-0.0568,Tua Tagovailoa
2021101700,1462,0,MIA,JAX,C,pass_forward,0.2584,0.3301,0.2197,2.8,3.2034,-0.1104,Tua Tagovailoa
2021101700,1507,0,MIA,JAX,I,pass_forward,0.2772,0.3235,0.4103,2.4,1.771,0.0868,Tua Tagovailoa
2021101700,1563,0,JAX,MIA,C,pass_forward,0.292,0.3044,0.285,2.1,3.6861,-0.0195,Trevor Lawrence
2021101700,1592,1,JAX,MIA,C,pass_forward,0.5405,0.5256,0.5157,2.1,1.707,-0.0099,Trevor Lawrence
2021101700,1621,0,JAX,MIA,C,pass_forward,0.293,0.3198,0.5727,3.0,2.5402,0.2529,Trevor Lawrence
2021101700,1693,0,JAX,MIA,C,pass_forward,0.1631,0.1276,0.1253,1.6,3.6101,-0.0023,Trevor Lawrence
2021101700,1714,1,JAX,MIA,C,pass_forward,0.4866,0.5493,0.3744,2.6,1.8129,-0.1749,Trevor Lawrence
2021101700,1765,0,JAX,MIA,I,pass_forward,0.1497,0.2813,0.1904,3.6,1.212,-0.0909,Trevor Lawrence
2021101700,1814,0,JAX,MIA,I,pass_forward,0.191,0.1505,0.1662,4.4,2.1095,0.0157,Trevor Lawrence
2021101700,1853,0,JAX,MIA,I,pass_forward,0.1858,0.1835,0.2616,3.3,1.7215,0.0781,Trevor Lawrence
2021101700,1929,0,MIA,JAX,I,pass_forward,0.263,0.1301,0.1918,2.7,1.5787,0.0617,Tua Tagovailoa
2021101700,2008,0,MIA,JAX,C,pass_forward,0.2896,0.4131,0.3463,2.0,3.5526,-0.0669,Tua Tagovailoa
2021101700,2056,1,JAX,MIA,C,pass_forward,0.2275,0.2637,0.2744,1.7,3.2104,0.0107,Trevor Lawrence
2021101700,2085,0,JAX,MIA,I,pass_forward,0.2273,0.3904,0.1951,4.4,3.1346,-0.1953,Trevor Lawrence
2021101700,2156,0,JAX,MIA,I,pass_forward,0.5154,0.4627,0.5152,3.2,2.5597,0.0526,Trevor Lawrence
2021101700,2178,1,JAX,MIA,C,pass_forward,0.4928,0.4841,0.5491,2.4,3.2778,0.065,Trevor Lawrence
2021101700,2219,1,JAX,MIA,C,pass_forward,0.3084,0.3238,0.3908,2.9,2.1272,0.067,Trevor Lawrence
2021101700,2275,0,MIA,JAX,I,pass_forward,0.3659,0.3199,0.4332,2.5,3.1042,0.1133,Tua Tagovailoa
2021101700,2297,1,MIA,JAX,C,pass_forward,0.362,0.291,0.4194,2.7,2.7203,0.1284,Tua Tagovailoa
2021101700,2326,0,MIA,JAX,C,pass_forward,0.3018,0.2692,0.3559,2.4,1.8347,0.0867,Tua Tagovailoa
2021101700,2372,1,MIA,JAX,C,pass_forward,0.518,0.6612,0.7365,4.0,,0.0753,Tua Tagovailoa
2021101700,2467,1,JAX,MIA,C,pass_forward,0.3335,0.3375,0.4808,2.8,2.222,0.1434,Trevor Lawrence
2021101700,2514,0,JAX,MIA,I,pass_forward,0.2178,0.159,0.1345,2.0,2.7356,-0.0245,Trevor Lawrence
2021101700,2536,1,JAX,MIA,C,pass_forward,0.2182,0.1233,0.119,2.5,1.2133,-0.0043,Trevor Lawrence
2021101700,2721,0,MIA,JAX,C,pass_forward,0.2608,0.3154,0.3794,2.4,2.2744,0.064,Tua Tagovailoa
2021101700,2745,1,MIA,JAX,R,run,0.4836,0.5287,0.589,3.6,2.322,0.0603,Tua Tagovailoa
2021101700,2810,0,MIA,JAX,R,run,0.1531,0.1734,0.2063,3.1,1.4359,0.033,Tua Tagovailoa
2021101700,2831,1,MIA,JAX,C,pass_forward,0.3937,0.4387,0.1851,3.5,1.02,-0.2536,Tua Tagovailoa
2021101700,2904,0,MIA,JAX,C,pass_forward,0.078,0.0748,0.0789,2.3,2.4481,0.0041,Tua Tagovailoa
2021101700,2952,0,MIA,JAX,I,pass_forward,0.2269,0.1978,0.2561,3.5,2.5244,0.0583,Tua Tagovailoa
2021101700,3056,1,JAX,MIA,C,pass_forward,0.4697,0.4854,0.6013,2.2,2.8618,0.1159,Trevor Lawrence
2021101700,3080,1,JAX,MIA,R,run,0.3875,0.3152,0.3105,3.4,2.9239,-0.0047,Trevor Lawrence
2021101700,3106,1,JAX,MIA,C,pass_forward,0.3907,0.3394,0.1736,3.6,2.4423,-0.1658,Trevor Lawrence
2021101700,3151,0,JAX,MIA,S,qb_strip_sack,0.348,0.4023,0.0425,3.8,0.8668,-0.3598,Trevor Lawrence
2021101700,3180,0,MIA,JAX,IN,pass_forward,0.3116,0.3147,0.3296,3.9,2.3332,0.015,Tua Tagovailoa
2021101700,3206,1,JAX,MIA,C,pass_forward,0.3606,0.2923,0.2988,5.7,2.9582,0.0066,Trevor Lawrence
2021101700,3280,0,JAX,MIA,C,pass_forward,0.3334,0.3455,0.3527,2.4,1.7871,0.0072,Trevor Lawrence
2021101700,3309,0,JAX,MIA,I,pass_forward,0.6048,0.5827,0.507,3.8,3.11,-0.0757,Trevor Lawrence
2021101700,3352,1,MIA,JAX,C,pass_forward,0.3709,0.3372,0.247,3.5,1.4313,-0.0902,Tua Tagovailoa
2021101700,3450,1,MIA,JAX,C,pass_forward,0.4431,0.4583,0.4479,2.3,1.8366,-0.0104,Tua Tagovailoa
2021101700,3479,1,MIA,JAX,C,pass_forward,0.2842,0.2836,0.5091,2.2,2.7659,0.2255,Tua Tagovailoa
2021101700,3503,1,MIA,JAX,C,pass_forward,0.317,0.7093,0.5139,1.9,2.1639,-0.1954,Tua Tagovailoa
2021101700,3609,0,JAX,MIA,I,pass_forward,0.3682,0.2279,0.0492,3.1,1.0273,-0.1787,Trevor Lawrence
2021101700,3631,1,JAX,MIA,C,pass_forward,0.438,0.3629,0.3404,6.6,1.1811,-0.0225,Trevor Lawrence
2021101700,3678,0,JAX,MIA,I,pass_forward,0.1417,0.2844,0.2456,1.7,1.8506,-0.0388,Trevor Lawrence
2021101700,3700,0,JAX,MIA,C,pass_forward,0.1612,0.152,0.1037,3.5,0.8989,-0.0483,Trevor Lawrence
2021101700,3724,0,JAX,MIA,I,pass_forward,0.4088,0.3983,0.3772,2.9,2.153,-0.0211,Trevor Lawrence
2021101700,3815,0,MIA,JAX,C,pass_forward,0.2352,0.2155,0.1968,2.0,3.3456,-0.0186,Tua Tagovailoa
2021101700,3839,0,MIA,JAX,I,pass_forward,0.7171,0.7553,0.763,2.4,3.4353,0.0077,Tua Tagovailoa
2021101700,3951,0,JAX,MIA,C,pass_forward,0.3372,0.4575,0.3563,1.9,4.2247,-0.1011,Trevor Lawrence
2021101700,3980,1,JAX,MIA,C,pass_forward,0.586,0.5824,0.3324,3.5,1.9235,-0.25,Trevor Lawrence
2021101700,4025,0,JAX,MIA,I,pass_forward,0.3854,0.4823,0.5817,3.3,2.7222,0.0994,Trevor Lawrence
2021101700,4047,1,JAX,MIA,C,pass_forward,0.3778,0.4493,0.4955,2.3,2.7813,0.0462,Trevor Lawrence
2021101700,4071,0,JAX,MIA,I,pass_forward,0.2847,0.2967,0.1435,1.7,1.2524,-0.1532,Trevor Lawrence
2021101700,4120,0,JAX,MIA,I,pass_forward,0.4559,0.4885,0.2942,6.7,1.0085,-0.1942,Trevor Lawrence
2021101700,4176,0,MIA,JAX,C,pass_forward,0.3667,0.3089,0.4266,2.8,4.9656,0.1178,Tua Tagovailoa
2021101700,4285,0,MIA,JAX,I,pass_forward,0.4782,0.4411,0.4219,2.3,2.5664,-0.0192,Tua Tagovailoa
2021101700,4307,0,MIA,JAX,C,pass_forward,0.4048,0.3646,0.3876,2.4,2.5439,0.023,Tua Tagovailoa
2021101700,4424,0,JAX,MIA,C,pass_forward,0.1017,0.0805,0.0669,2.1,2.9212,-0.0136,Trevor Lawrence
2021101700,4498,1,JAX,MIA,C,pass_forward,0.4426,0.451,0.4484,1.4,3.5149,-0.0025,Trevor Lawrence
2021101701,63,1,LAC,BAL,C,pass_forward,0.3736,0.387,0.3429,2.8,1.9113,-0.0441,Justin Herbert
2021101701,132,1,LAC,BAL,C,pass_forward,0.2913,0.1301,0.1496,2.6,2.2905,0.0195,Justin Herbert
2021101701,161,0,LAC,BAL,C,pass_forward,0.2666,0.3176,0.2833,2.3,3.4893,-0.0343,Justin Herbert
2021101701,206,0,LAC,BAL,I,pass_forward,0.3158,0.3968,0.3235,4.2,2.157,-0.0733,Justin Herbert
2021101701,228,0,LAC,BAL,I,pass_forward,0.3353,0.33,0.3732,2.8,2.3618,0.0433,Justin Herbert
2021101701,336,0,BAL,LAC,I,pass_forward,0.2547,0.3417,0.0429,4.2,0.6512,-0.2988,Lamar Jackson
2021101701,379,1,BAL,LAC,C,pass_forward,0.5629,0.5442,0.5634,2.1,3.1652,0.0192,Lamar Jackson
2021101701,403,0,BAL,LAC,C,pass_forward,0.2539,0.3633,0.2723,4.0,2.6163,-0.091,Lamar Jackson
2021101701,459,0,BAL,LAC,C,pass_forward,0.3227,0.2982,0.4488,3.5,2.8356,0.1506,Lamar Jackson
2021101701,515,0,BAL,LAC,R,run,0.2772,0.285,0.2677,6.0,4.7444,-0.0173,Lamar Jackson
2021101701,642,0,LAC,BAL,C,pass_forward,0.3353,0.2727,0.1471,2.4,2.3187,-0.1256,Justin Herbert
2021101701,669,0,LAC,BAL,S,qb_sack,0.4206,0.4841,0.041,3.8,0.2102,-0.4431,Justin Herbert
2021101701,713,1,BAL,LAC,C,pass_forward,0.2785,0.3514,0.4188,3.4,2.9076,0.0673,Lamar Jackson
2021101701,807,1,BAL,LAC,C,pass_forward,0.396,0.4884,0.3245,4.3,1.6011,-0.1639,Lamar Jackson
2021101701,888,1,BAL,LAC,R,run,0.0684,0.064,0.0522,6.3,2.6846,-0.0118,Lamar Jackson
2021101701,914,1,BAL,LAC,C,pass_forward,0.3483,0.2741,0.368,3.3,3.6417,0.0939,Lamar Jackson
2021101701,1036,0,LAC,BAL,I,pass_forward,0.4942,0.5645,0.6557,2.6,2.9939,0.0913,Justin Herbert
2021101701,1104,0,BAL,LAC,I,pass_forward,0.3504,0.4288,0.4457,1.7,3.2091,0.017,Lamar Jackson
2021101701,1126,0,BAL,LAC,C,pass_forward,0.3385,0.5308,0.6082,3.2,2.5896,0.0774,Lamar Jackson
2021101701,1184,1,LAC,BAL,C,pass_forward,0.347,0.2965,0.3328,2.3,2.875,0.0362,Justin Herbert
2021101701,1208,0,LAC,BAL,I,pass_forward,0.3456,0.3213,0.1384,4.1,2.0681,-0.1829,Justin Herbert
2021101701,1230,0,LAC,BAL,C,pass_forward,0.3317,0.3568,0.2733,2.8,1.483,-0.0835,Justin Herbert
2021101701,1254,0,LAC,BAL,I,pass_forward,0.5133,0.5608,0.5155,1.9,1.9449,-0.0454,Justin Herbert
2021101701,1276,0,LAC,BAL,I,pass_forward,0.5118,0.6457,0.6919,2.3,3.1535,0.0463,Justin Herbert
2021101701,1298,0,BAL,LAC,S,qb_sack,0.2181,0.316,0.2264,5.0,0.1221,-0.0896,Lamar Jackson
2021101701,1326,0,BAL,LAC,R,run,0.0456,0.088,0.064,4.3,1.1068,-0.0241,Lamar Jackson
2021101701,1427,1,LAC,BAL,R,run,0.3268,0.3441,0.3048,4.1,0.8658,-0.0392,Justin Herbert
2021101701,1493,1,LAC,BAL,C,pass_forward,0.4908,0.4318,0.4576,2.7,1.5042,0.0259,Justin Herbert
2021101701,1517,0,LAC,BAL,IN,pass_forward,0.3002,0.329,0.3795,2.6,2.5877,0.0505,Justin Herbert
2021101701,1557,0,BAL,LAC,IN,pass_forward,0.299,0.3658,0.5382,4.2,1.8107,0.1724,Lamar Jackson
2021101701,1630,1,LAC,BAL,C,pass_forward,0.7472,0.7875,0.4399,2.5,1.8122,-0.3476,Justin Herbert
2021101701,1716,1,BAL,LAC,C,pass_forward,0.4449,0.4698,0.4865,1.9,2.8784,0.0167,Lamar Jackson
2021101701,1803,0,BAL,LAC,S,qb_sack,0.3263,0.3323,0.0271,4.3,0.178,-0.3052,Lamar Jackson
2021101701,1822,0,BAL,LAC,I,pass_forward,0.0563,0.0613,0.135,3.1,1.7261,0.0736,Lamar Jackson
2021101701,1844,0,BAL,LAC,S,qb_sack,0.0707,0.0631,0.1048,3.9,0.8709,0.0417,Lamar Jackson
2021101701,2014,1,BAL,LAC,C,pass_forward,0.5951,0.5609,0.7111,2.1,2.247,0.1503,Lamar Jackson
2021101701,2212,1,BAL,LAC,C,pass_forward,0.2182,0.2987,0.2852,2.6,2.4418,-0.0134,Lamar Jackson
2021101701,2392,0,LAC,BAL,I,pass_forward,0.6637,0.5808,0.5298,2.2,1.9795,-0.0511,Justin Herbert
2021101701,2435,0,BAL,LAC,I,pass_forward,0.2086,0.1897,0.12,2.9,1.1258,-0.0697,Lamar Jackson
2021101701,2457,0,BAL,LAC,I,pass_forward,0.1719,0.3015,0.4397,2.7,2.752,0.1382,Lamar Jackson
2021101701,2519,0,LAC,BAL,I,pass_forward,0.2404,0.272,0.2603,2.7,1.4239,-0.0117,Justin Herbert
2021101701,2563,0,LAC,BAL,I,pass_forward,0.2497,0.4131,0.3506,2.7,1.4545,-0.0624,Justin Herbert
2021101701,2631,1,BAL,LAC,C,pass_forward,0.4274,0.4685,0.4365,3.1,1.589,-0.032,Lamar Jackson
2021101701,2702,1,BAL,LAC,C,autoevent_passforward,0.2605,0.2971,0.2878,1.0,5.1301,-0.0093,Lamar Jackson
2021101701,2747,0,BAL,LAC,I,pass_forward,0.2771,0.258,0.0506,5.1,0.913,-0.2075,Lamar Jackson
2021101701,2786,1,BAL,LAC,C,pass_forward,0.3051,0.2902,0.3024,3.5,2.4697,0.0122,Lamar Jackson
2021101701,2899,0,LAC,BAL,C,pass_forward,0.2433,0.3195,0.2681,1.9,5.2266,-0.0513,Justin Herbert
2021101701,2923,1,LAC,BAL,C,pass_forward,0.4287,0.4357,0.5072,2.7,2.3614,0.0716,Justin Herbert
2021101701,2947,1,LAC,BAL,C,pass_forward,0.3324,0.5952,0.514,3.1,1.6872,-0.0812,Justin Herbert
2021101701,3010,0,LAC,BAL,I,pass_forward,0.4662,0.4198,0.5242,2.5,3.1924,0.1044,Justin Herbert
2021101701,3032,1,LAC,BAL,C,pass_forward,0.4458,0.4975,0.3175,2.9,1.3254,-0.18,Justin Herbert
2021101701,3113,0,LAC,BAL,C,pass_forward,0.0735,0.0706,0.0656,3.8,1.6761,-0.005,Justin Herbert
2021101701,3172,0,LAC,BAL,I,pass_forward,0.0736,0.0327,0.0445,3.3,3.3392,0.0118,Justin Herbert
2021101701,3236,0,BAL,LAC,C,pass_forward,0.2047,0.2793,0.237,1.9,3.7019,-0.0423,Lamar Jackson
2021101701,3326,0,BAL,LAC,IN,pass_forward,0.4739,0.4967,0.4848,2.1,2.516,-0.0119,Lamar Jackson
2021101701,3376,0,LAC,BAL,I,pass_forward,0.4422,0.4773,0.4489,2.4,2.3496,-0.0283,Justin Herbert
2021101701,3476,1,LAC,BAL,C,pass_forward,0.3088,0.3959,0.4748,3.3,1.7844,0.0789,Justin Herbert
2021101701,3500,0,LAC,BAL,C,pass_forward,0.2084,0.2859,0.3517,3.0,1.6155,0.0658,Justin Herbert
2021101701,3545,0,LAC,BAL,S,qb_sack,0.4724,0.4752,0.0273,4.9,0.2524,-0.448,Justin Herbert
2021101701,3564,0,LAC,BAL,I,pass_forward,0.2736,0.2237,0.1648,2.6,1.3283,-0.0589,Justin Herbert
2021101702,55,0,CAR,MIN,IN,pass_forward,0.369,0.4851,0.4499,7.3,2.3542,-0.0352,Sam Darnold
2021101702,123,1,MIN,CAR,C,pass_forward,0.166,0.2936,0.2463,2.4,3.9546,-0.0473,Kirk Cousins
2021101702,173,0,MIN,CAR,C,pass_forward,0.1473,0.1883,0.3693,2.8,2.7132,0.181,Kirk Cousins
2021101702,197,0,MIN,CAR,I,pass_forward,0.3931,0.3938,0.3888,2.3,2.0197,-0.005,Kirk Cousins
2021101702,257,0,CAR,MIN,C,pass_forward,0.3014,0.4213,0.2852,2.3,1.8157,-0.1361,Sam Darnold
2021101702,354,0,CAR,MIN,I,pass_forward,0.1666,0.1046,0.1369,4.8,0.9962,0.0323,Sam Darnold
2021101702,428,0,MIN,CAR,I,pass_forward,0.3986,0.3205,0.2941,2.9,2.0641,-0.0264,Kirk Cousins
2021101702,606,0,MIN,CAR,I,pass_forward,0.423,0.3851,0.2089,4.3,1.2681,-0.1762,Kirk Cousins
2021101702,628,1,MIN,CAR,C,pass_forward,0.4164,0.4164,0.431,2.4,2.3146,0.0147,Kirk Cousins
2021101702,652,0,MIN,CAR,C,pass_forward,0.3541,0.2725,0.4227,3.0,2.3312,0.1502,Kirk Cousins
2021101702,697,0,MIN,CAR,C,pass_forward,0.4438,0.2647,0.3537,2.6,2.2584,0.089,Kirk Cousins
2021101702,768,0,MIN,CAR,I,pass_forward,0.3382,0.3911,0.2665,2.6,1.3587,-0.1245,Kirk Cousins
2021101702,790,0,MIN,CAR,C,pass_forward,0.3527,0.4337,0.5032,2.1,3.9164,0.0695,Kirk Cousins
2021101702,911,0,CAR,MIN,S,qb_sack,0.492,0.5477,0.0151,3.7,0.0632,-0.5326,Sam Darnold
2021101702,947,0,CAR,MIN,I,pass_forward,0.1859,0.1165,0.1133,1.7,2.7602,-0.0033,Sam Darnold
2021101702,1126,1,MIN,CAR,C,pass_forward,0.5469,0.4691,0.5573,3.6,1.9932,0.0882,Kirk Cousins
2021101702,1224,1,MIN,CAR,C,pass_forward,0.408,0.422,0.535,2.5,3.1152,0.113,Kirk Cousins
2021101702,1292,1,MIN,CAR,C,pass_forward,0.5454,0.7869,0.5259,2.4,2.0616,-0.261,Kirk Cousins
2021101702,1379,0,CAR,MIN,I,pass_forward,0.3174,0.3261,0.3634,2.5,3.174,0.0373,Sam Darnold
2021101702,1417,0,CAR,MIN,I,pass_forward,0.2758,0.2701,0.2499,5.0,0.7094,-0.0203,Sam Darnold
2021101702,1439,0,CAR,MIN,I,pass_forward,0.3179,0.413,0.4537,3.3,2.6998,0.0407,Sam Darnold
2021101702,1697,0,CAR,MIN,I,pass_forward,0.4153,0.2911,0.0899,2.9,1.009,-0.2012,Sam Darnold
2021101702,1741,1,CAR,MIN,C,pass_forward,0.2885,0.3389,0.3088,2.5,2.413,-0.0302,Sam Darnold
2021101702,1813,0,CAR,MIN,I,pass_forward,0.387,0.459,0.5298,2.3,2.9697,0.0708,Sam Darnold
2021101702,1869,0,MIN,CAR,C,pass_forward,0.4439,0.4245,0.3621,2.0,2.0671,-0.0623,Kirk Cousins
2021101702,1914,0,MIN,CAR,I,pass_forward,0.8111,0.8856,0.9391,3.2,3.5457,0.0534,Kirk Cousins
2021101702,2084,1,CAR,MIN,C,pass_forward,0.5753,0.5443,0.7029,2.6,2.2496,0.1585,Sam Darnold
2021101702,2108,0,CAR,MIN,I,pass_forward,0.2932,0.2604,0.2769,2.5,2.5492,0.0165,Sam Darnold
2021101702,2130,0,CAR,MIN,I,pass_forward,0.2937,0.3122,0.3383,1.9,2.8409,0.0261,Sam Darnold
2021101702,2251,0,CAR,MIN,I,pass_forward,0.1085,0.1345,0.1144,3.3,1.9882,-0.0201,Sam Darnold
2021101702,2292,0,MIN,CAR,I,pass_forward,0.4995,0.3086,0.4257,2.6,1.9945,0.1171,Kirk Cousins
2021101702,2352,1,MIN,CAR,C,pass_forward,0.6205,0.6117,0.428,2.2,2.2333,-0.1837,Kirk Cousins
2021101702,2393,0,MIN,CAR,I,pass_forward,0.3948,0.2614,0.3414,2.7,3.4961,0.0801,Kirk Cousins
2021101702,2503,0,MIN,CAR,I,pass_forward,0.3935,0.3602,0.3276,2.1,1.8436,-0.0326,Kirk Cousins
2021101702,2601,0,MIN,CAR,C,pass_forward,0.0821,0.022,0.0208,3.6,3.1117,-0.0012,Kirk Cousins
2021101702,2678,0,CAR,MIN,S,run,0.2315,0.2278,0.1283,4.7,1.1728,-0.0996,Sam Darnold
2021101702,2774,0,CAR,MIN,S,qb_sack,0.3197,0.29,0.0212,5.0,0.2025,-0.2688,Sam Darnold
2021101702,2847,0,CAR,MIN,I,pass_forward,0.3744,0.3857,0.1841,4.2,1.7537,-0.2016,Sam Darnold
2021101702,2869,0,CAR,MIN,C,pass_forward,0.3656,0.4121,0.4355,2.5,3.1951,0.0234,Sam Darnold
2021101702,2954,0,MIN,CAR,I,pass_forward,0.3412,0.3069,0.4269,2.4,3.2175,0.12,Kirk Cousins
2021101702,2976,0,MIN,CAR,I,pass_forward,0.423,0.3459,0.1261,2.3,1.0294,-0.2199,Kirk Cousins
2021101702,3130,1,MIN,CAR,C,pass_forward,0.3461,0.3541,0.3114,3.3,2.5121,-0.0426,Kirk Cousins
2021101702,3255,1,CAR,MIN,C,pass_forward,0.3636,0.3703,0.443,2.3,2.7239,0.0727,Sam Darnold
2021101702,3295,1,MIN,CAR,C,pass_forward,0.2904,0.3372,0.4624,4.2,4.1242,0.1252,Kirk Cousins
2021101702,3345,0,MIN,CAR,I,pass_forward,0.4891,0.3627,0.3887,2.9,2.5431,0.0259,Kirk Cousins
2021101702,3367,1,MIN,CAR,C,pass_forward,0.4752,0.3508,0.3968,2.6,3.1705,0.0459,Kirk Cousins
2021101702,3489,0,CAR,MIN,I,pass_forward,0.409,0.4443,0.3162,4.8,2.6205,-0.1281,Sam Darnold
2021101702,3680,1,MIN,CAR,C,pass_forward,0.597,0.4955,0.6517,2.2,2.2557,0.1562,Kirk Cousins
2021101702,3794,0,MIN,CAR,I,pass_forward,0.3379,0.3654,0.4422,2.6,2.0935,0.0768,Kirk Cousins
2021101702,3881,1,CAR,MIN,R,run,0.4785,0.3848,0.3953,2.8,2.268,0.0105,Sam Darnold
2021101702,3902,0,CAR,MIN,I,pass_forward,0.2908,0.2555,0.2456,2.2,2.252,-0.0098,Sam Darnold
2021101702,3954,0,CAR,MIN,I,pass_forward,0.2891,0.2598,0.2953,2.6,2.3719,0.0355,Sam Darnold
2021101702,3976,0,CAR,MIN,S,qb_strip_sack,0.2896,0.2574,0.023,2.8,0.2608,-0.2344,Sam Darnold
2021101702,4047,0,MIN,CAR,I,pass_forward,0.5613,0.6514,0.6967,2.5,2.7432,0.0452,Kirk Cousins
2021101702,4089,1,CAR,MIN,R,run,0.2823,0.3048,0.355,3.0,1.8837,0.0502,Sam Darnold
2021101702,4110,0,CAR,MIN,C,pass_forward,0.2696,0.267,0.2652,2.8,1.543,-0.0018,Sam Darnold
2021101702,4134,1,CAR,MIN,C,pass_forward,0.4669,0.4427,0.5955,2.7,2.5538,0.1528,Sam Darnold
2021101702,4158,0,CAR,MIN,I,pass_forward,0.3457,0.3813,0.419,5.5,1.271,0.0377,Sam Darnold
2021101702,4201,0,CAR,MIN,I,pass_forward,0.3607,0.4141,0.2675,6.8,1.9298,-0.1466,Sam Darnold
2021101702,4257,1,MIN,CAR,C,pass_forward,0.4425,0.3512,0.2095,4.5,2.166,-0.1417,Kirk Cousins
2021101702,4412,0,CAR,MIN,I,pass_forward,0.2021,0.2542,0.2119,3.0,2.4739,-0.0423,Sam Darnold
2021101702,4434,0,CAR,MIN,I,pass_forward,0.203,0.1931,0.1766,2.6,2.0935,-0.0165,Sam Darnold
2021101702,4477,0,CAR,MIN,I,pass_forward,0.1955,0.1746,0.2216,3.0,2.9165,0.0471,Sam Darnold
2021101702,4499,1,CAR,MIN,C,pass_forward,0.1805,0.2801,0.3337,3.2,1.4484,0.0536,Sam Darnold
2021101702,4523,0,CAR,MIN,C,pass_forward,0.2938,0.2667,0.269,1.5,3.2894,0.0022,Sam Darnold
2021101702,4547,1,CAR,MIN,R,run,0.6411,0.5866,0.2998,3.6,1.4897,-0.2869,Sam Darnold
2021101702,4573,0,CAR,MIN,I,pass_forward,0.2854,0.3131,0.3286,2.6,2.2365,0.0155,Sam Darnold
2021101702,4595,0,CAR,MIN,C,pass_forward,0.2859,0.2193,0.2068,3.8,1.9396,-0.0125,Sam Darnold
2021101702,4624,0,CAR,MIN,I,pass_forward,0.5479,0.6152,0.5356,1.5,3.8341,-0.0796,Sam Darnold
2021101702,4663,1,CAR,MIN,C,pass_forward,0.5834,0.6033,0.4691,2.0,3.127,-0.1342,Sam Darnold
2021101702,4692,1,CAR,MIN,C,pass_forward,0.5024,0.4219,0.3082,2.7,2.5683,-0.1137,Sam Darnold
2021101702,4746,0,MIN,CAR,C,pass_forward,0.3973,0.2605,0.2208,1.5,4.4268,-0.0397,Kirk Cousins
2021101702,4775,1,MIN,CAR,R,run,0.5653,0.4753,0.5961,4.2,0.471,0.1208,Kirk Cousins
2021101702,4801,1,MIN,CAR,C,pass_forward,0.4076,0.3383,0.2233,3.2,1.1453,-0.115,Kirk Cousins
2021101702,4883,1,MIN,CAR,C,pass_forward,0.6131,0.6158,0.7006,2.3,3.2641,0.0848,Kirk Cousins
2021101702,5036,0,MIN,CAR,C,pass_forward,0.3647,0.3296,0.4562,2.3,4.3472,0.1266,Kirk Cousins
2021101702,5087,0,MIN,CAR,I,pass_forward,0.3747,0.4593,0.479,4.1,2.6593,0.0198,Kirk Cousins
2021101702,5133,1,MIN,CAR,C,pass_forward,0.4651,0.5249,0.4064,4.1,3.0277,-0.1185,Kirk Cousins
2021101702,5223,1,MIN,CAR,C,pass_forward,0.141,0.1999,0.2782,3.2,2.5355,0.0783,Kirk Cousins
2021101703,96,1,GB,CHI,R,run,0.4731,0.4456,0.4421,4.0,1.351,-0.0035,Aaron Rodgers
2021101703,143,1,GB,CHI,C,pass_forward,0.5814,0.615,0.5814,1.9,3.3863,-0.0336,Aaron Rodgers
2021101703,218,0,GB,CHI,I,pass_forward,0.3062,0.274,0.317,2.6,4.5812,0.043,Aaron Rodgers
2021101703,240,0,GB,CHI,S,qb_sack,0.3024,0.2531,0.0645,3.5,0.5049,-0.1886,Aaron Rodgers
2021101703,343,1,CHI,GB,C,pass_forward,0.3476,0.3243,0.2919,2.7,2.3153,-0.0324,Justin Fields
2021101703,393,0,CHI,GB,C,pass_forward,0.1209,0.1143,0.1592,2.6,2.8284,0.045,Justin Fields
2021101703,422,1,CHI,GB,C,pass_forward,0.4426,0.4224,0.4729,2.5,1.9351,0.0505,Justin Fields
2021101703,608,0,GB,CHI,S,qb_sack,0.3522,0.4391,0.0444,3.6,0.2843,-0.3947,Aaron Rodgers
2021101703,627,0,GB,CHI,C,pass_forward,0.1362,0.2482,0.2204,5.3,2.0236,-0.0278,Aaron Rodgers
2021101703,802,0,CHI,GB,I,pass_forward,0.4218,0.5001,0.577,2.0,2.8934,0.0768,Justin Fields
2021101703,841,0,CHI,GB,R,run,0.4213,0.4735,0.4486,2.2,2.6823,-0.0249,Justin Fields
2021101703,920,0,CHI,GB,I,pass_forward,0.3752,0.3402,0.4867,3.8,2.8969,0.1464,Justin Fields
2021101703,966,0,CHI,GB,IN,pass_forward,0.3955,0.5381,0.2692,5.1,1.2816,-0.2689,Justin Fields
2021101703,993,0,GB,CHI,I,pass_forward,0.2701,0.2961,0.0472,4.9,0.804,-0.2489,Aaron Rodgers
2021101703,1090,0,GB,CHI,C,pass_forward,0.4361,0.4108,0.4157,1.7,3.2747,0.005,Aaron Rodgers
2021101703,1208,1,GB,CHI,C,pass_forward,0.2088,0.1925,0.1512,2.0,2.552,-0.0413,Aaron Rodgers
2021101703,1394,0,CHI,GB,I,pass_forward,0.3141,0.2334,0.2431,2.0,3.4436,0.0097,Justin Fields
2021101703,1437,0,CHI,GB,S,qb_sack,0.3583,0.3114,0.0242,7.4,0.5186,-0.2871,Justin Fields
2021101703,1612,0,GB,CHI,I,pass_forward,0.098,0.0714,0.0647,2.9,2.0323,-0.0068,Aaron Rodgers
2021101703,1779,1,CHI,GB,R,run,0.3474,0.3527,0.2028,6.0,1.0824,-0.1498,Justin Fields
2021101703,1872,1,CHI,GB,C,pass_forward,0.5664,0.6119,0.49,2.8,2.2168,-0.1219,Justin Fields
2021101703,1896,1,CHI,GB,C,pass_forward,0.2998,0.238,0.3045,2.7,2.1701,0.0666,Justin Fields
2021101703,1978,0,CHI,GB,I,pass_forward,0.4461,0.3927,0.2894,4.3,2.4409,-0.1033,Justin Fields
2021101703,2060,0,CHI,GB,S,qb_sack,0.2264,0.1377,0.1196,4.9,0.7378,-0.0181,Justin Fields
2021101703,2221,0,CHI,GB,I,pass_forward,0.4496,0.4574,0.382,2.6,1.9109,-0.0754,Justin Fields
2021101703,2243,0,CHI,GB,R,run,0.3381,0.417,0.355,2.6,2.2095,-0.062,Justin Fields
2021101703,2306,1,GB,CHI,C,pass_forward,0.401,0.6577,0.6615,2.2,2.5181,0.0038,Aaron Rodgers
2021101703,2431,0,GB,CHI,C,pass_forward,0.4423,0.336,0.2882,3.2,2.9004,-0.0478,Aaron Rodgers
2021101703,2485,0,GB,CHI,C,pass_forward,0.352,0.2371,0.1644,2.2,2.605,-0.0727,Aaron Rodgers
2021101703,2535,1,GB,CHI,C,pass_forward,0.5768,0.6115,0.737,2.4,2.36,0.1255,Aaron Rodgers
2021101703,2564,1,GB,CHI,C,pass_forward,0.3511,0.1998,0.2398,4.1,2.5663,0.0399,Aaron Rodgers
2021101703,2656,1,CHI,GB,C,pass_forward,0.3319,0.411,0.6494,3.3,3.2035,0.2384,Justin Fields
2021101703,2786,0,CHI,GB,I,pass_forward,0.4896,0.4757,0.3607,3.0,1.8432,-0.115,Justin Fields
2021101703,2810,0,CHI,GB,I,pass_forward,0.3646,0.4834,0.3476,3.7,2.5305,-0.1358,Justin Fields
2021101703,2868,0,GB,CHI,I,pass_forward,0.4604,0.3465,0.3677,2.8,2.3614,0.0213,Aaron Rodgers
2021101703,2940,0,GB,CHI,I,pass_forward,0.3586,0.4139,0.4223,2.4,3.5899,0.0083,Aaron Rodgers
2021101703,2962,0,GB,CHI,S,qb_sack,0.3204,0.366,0.3042,2.9,0.2195,-0.0618,Aaron Rodgers
2021101703,3059,1,CHI,GB,C,pass_forward,0.5298,0.5894,0.4021,4.5,2.361,-0.1873,Justin Fields
2021101703,3083,1,CHI,GB,C,pass_forward,0.338,0.3247,0.5484,2.4,2.732,0.2236,Justin Fields
2021101703,3130,1,CHI,GB,R,run,0.2875,0.3336,0.2788,5.7,2.1883,-0.0548,Justin Fields
2021101703,3189,0,CHI,GB,C,pass_forward,0.0849,0.0492,0.0604,3.0,2.5646,0.0111,Justin Fields
2021101703,3218,0,CHI,GB,C,pass_forward,0.1321,0.1108,0.1328,2.1,3.8382,0.0221,Justin Fields
2021101703,3265,1,CHI,GB,C,pass_forward,0.1729,0.3894,0.6247,3.3,2.81,0.2353,Justin Fields
2021101703,3357,1,GB,CHI,C,pass_forward,0.3349,0.4773,0.5221,2.4,2.7158,0.0448,Aaron Rodgers
2021101703,3381,0,GB,CHI,I,pass_forward,0.4141,0.3856,0.1332,3.6,1.5057,-0.2524,Aaron Rodgers
2021101703,3403,1,GB,CHI,C,pass_forward,0.3802,0.2923,0.3602,3.2,3.239,0.0679,Aaron Rodgers
2021101703,3449,0,GB,CHI,C,pass_forward,0.2866,0.2117,0.2291,3.4,2.2827,0.0173,Aaron Rodgers
2021101703,3494,1,GB,CHI,R,run,0.2063,0.1972,0.2771,6.2,2.3269,0.0799,Aaron Rodgers
2021101703,3580,0,CHI,GB,I,pass_forward,0.2945,0.2905,0.3496,3.6,2.7476,0.0591,Justin Fields
2021101703,3602,1,CHI,GB,R,run,0.3094,0.2661,0.3045,4.9,0.5467,0.0384,Justin Fields
2021101703,3669,1,CHI,GB,C,pass_forward,0.1195,0.09,0.1812,3.1,2.6771,0.0911,Justin Fields
2021101703,3692,0,CHI,GB,S,qb_sack,0.2858,0.2618,0.1389,4.3,0.4885,-0.1229,Justin Fields
2021101703,3773,0,CHI,GB,S,qb_sack,0.1185,0.0742,0.0534,5.3,0.74,-0.0207,Justin Fields
2021101703,3809,0,CHI,GB,I,pass_forward,0.0566,0.0422,0.0431,7.5,1.6162,0.0009,Justin Fields
2021101704,162,0,DET,CIN,I,pass_forward,0.1979,0.0966,0.1048,3.3,1.2665,0.0082,Jared Goff
2021101704,210,0,CIN,DET,R,run,0.2823,0.3913,0.2693,3.5,2.4652,-0.122,Joe Burrow
2021101704,252,1,CIN,DET,C,pass_forward,0.363,0.336,0.4514,2.5,2.6798,0.1154,Joe Burrow
2021101704,318,0,CIN,DET,I,pass_forward,0.3965,0.4008,0.388,3.7,2.2005,-0.0128,Joe Burrow
2021101704,340,0,CIN,DET,R,run,0.3502,0.307,0.3634,3.2,2.4821,0.0564,Joe Burrow
2021101704,366,1,CIN,DET,C,pass_forward,0.4486,0.4092,0.5,2.3,4.6316,0.0908,Joe Burrow
2021101704,478,0,DET,CIN,C,pass_forward,0.3014,0.5059,0.4034,2.8,1.7099,-0.1025,Jared Goff
2021101704,521,0,CIN,DET,C,pass_forward,0.278,0.3538,0.343,3.4,2.1645,-0.0108,Joe Burrow
2021101704,566,1,CIN,DET,R,run,0.5094,0.675,0.5899,4.6,5.4972,-0.0851,Joe Burrow
2021101704,680,0,CIN,DET,C,pass_forward,0.0494,0.1745,0.1075,2.8,2.7915,-0.067,Joe Burrow
2021101704,704,0,CIN,DET,IN,pass_forward,0.0426,0.1529,0.103,3.2,2.8736,-0.05,Joe Burrow
2021101704,746,0,DET,CIN,S,qb_sack,0.3564,0.3692,0.1392,4.9,0.7086,-0.2299,Jared Goff
2021101704,776,0,DET,CIN,IN,pass_forward,0.099,0.0438,0.0319,2.6,1.6197,-0.0119,Jared Goff
2021101704,938,0,CIN,DET,C,pass_forward,0.1291,0.0952,0.0932,1.6,3.9524,-0.002,Joe Burrow
2021101704,1041,1,DET,CIN,C,pass_forward,0.4515,0.4366,0.345,3.0,2.6976,-0.0916,Jared Goff
2021101704,1138,0,DET,CIN,C,pass_forward,0.2818,0.3423,0.3122,2.0,3.2803,-0.0301,Jared Goff
2021101704,1188,0,DET,CIN,I,pass_forward,0.6259,0.5918,0.6446,2.0,3.7371,0.0528,Jared Goff
2021101704,1210,0,DET,CIN,I,pass_forward,0.6565,0.5942,0.4653,6.0,1.5221,-0.1289,Jared Goff
2021101704,1264,0,CIN,DET,C,pass_forward,0.4035,0.5088,0.6189,3.1,2.8018,0.1101,Joe Burrow
2021101704,1290,0,CIN,DET,S,qb_sack,0.52,0.5784,0.0584,2.9,0.1281,-0.5199,Joe Burrow
2021101704,1345,0,DET,CIN,C,pass_forward,0.234,0.3021,0.3041,1.3,3.7308,0.002,Jared Goff
2021101704,1369,1,DET,CIN,C,pass_forward,0.5935,0.5917,0.6665,2.0,2.5778,0.0748,Jared Goff
2021101704,1438,0,DET,CIN,C,pass_forward,0.3885,0.4087,0.3468,3.0,1.8101,-0.0618,Jared Goff
2021101704,1521,0,DET,CIN,C,pass_forward,0.4228,0.3482,0.3494,3.5,3.8556,0.0012,Jared Goff
2021101704,1545,0,DET,CIN,I,pass_forward,0.2422,0.207,0.1422,2.4,1.8479,-0.0647,Jared Goff
2021101704,1613,0,CIN,DET,C,pass_forward,0.6055,0.5684,0.5634,2.4,3.5106,-0.005,Joe Burrow
2021101704,1726,0,DET,CIN,I,pass_forward,0.2671,0.34,0.4,2.6,2.6878,0.06,Jared Goff
2021101704,1786,0,DET,CIN,R,run,0.1549,0.0979,0.2011,4.8,1.3927,0.1032,Jared Goff
2021101704,1843,0,CIN,DET,C,pass_forward,0.3377,0.2522,0.3042,2.5,2.4417,0.052,Joe Burrow
2021101704,1867,0,CIN,DET,I,pass_forward,0.622,0.5579,0.463,4.5,0.8422,-0.095,Joe Burrow
2021101704,1889,1,CIN,DET,C,pass_forward,0.6119,0.563,0.594,3.0,2.3712,0.031,Joe Burrow
2021101704,1913,0,CIN,DET,I,pass_forward,0.3523,0.29,0.3796,2.9,4.3777,0.0897,Joe Burrow
2021101704,1935,0,CIN,DET,I,pass_forward,0.362,0.2825,0.3861,2.8,2.3431,0.1036,Joe Burrow
2021101704,1957,1,CIN,DET,C,pass_forward,0.362,0.3361,0.225,2.6,1.6761,-0.1111,Joe Burrow
2021101704,1986,0,CIN,DET,R,run,0.129,0.1719,0.2071,4.0,1.476,0.0352,Joe Burrow
2021101704,2029,0,CIN,DET,I,pass_forward,0.4178,0.5494,0.0273,5.0,0.3536,-0.5222,Joe Burrow
2021101704,2170,1,CIN,DET,R,run,0.5081,0.6552,0.504,3.5,0.7637,-0.1511,Joe Burrow
2021101704,2191,0,CIN,DET,C,pass_forward,0.2942,0.3034,0.4303,3.6,2.2536,0.1269,Joe Burrow
2021101704,2260,1,CIN,DET,C,pass_forward,0.6409,0.6801,0.7078,2.4,2.084,0.0277,Joe Burrow
2021101704,2327,0,DET,CIN,C,pass_forward,0.3393,0.2768,0.3086,2.2,3.1628,0.0318,Jared Goff
2021101704,2351,0,DET,CIN,C,pass_forward,0.4505,0.4034,0.4809,1.9,3.9217,0.0775,Jared Goff
2021101704,2440,0,CIN,DET,C,pass_forward,0.3635,0.4531,0.4356,2.3,2.8461,-0.0175,Joe Burrow
2021101704,2586,1,CIN,DET,C,pass_forward,0.5459,0.5994,0.7159,2.8,2.3319,0.1165,Joe Burrow
2021101704,2631,0,CIN,DET,I,pass_forward,0.364,0.364,0.3638,2.7,1.792,-0.0003,Joe Burrow
2021101704,2653,0,CIN,DET,I,pass_forward,0.3261,0.3293,0.3645,2.0,2.8746,0.0352,Joe Burrow
2021101704,2739,1,DET,CIN,C,pass_forward,0.1892,0.0921,0.1002,3.4,2.9772,0.0081,Jared Goff
2021101704,2787,0,DET,CIN,I,pass_forward,0.4,0.3615,0.4549,2.6,3.0455,0.0934,Jared Goff
2021101704,2809,0,DET,CIN,I,pass_forward,0.3798,0.362,0.298,3.3,2.1225,-0.064,Jared Goff
2021101704,2903,1,CIN,DET,C,pass_forward,0.4883,0.4888,0.4265,2.7,1.8852,-0.0623,Joe Burrow
2021101704,2948,1,CIN,DET,C,pass_forward,0.4381,0.4369,0.151,3.4,1.2666,-0.2859,Joe Burrow
2021101704,3012,0,CIN,DET,S,qb_sack,0.5114,0.4507,0.0577,5.0,1.0494,-0.393,Joe Burrow
2021101704,3031,0,CIN,DET,C,pass_forward,0.1121,0.1323,0.1355,2.2,1.9856,0.0031,Joe Burrow
2021101704,3055,1,CIN,DET,C,pass_forward,0.5324,0.7216,0.7701,2.9,1.8656,0.0485,Joe Burrow
2021101704,3111,0,DET,CIN,C,pass_forward,0.3057,0.3301,0.3506,2.9,3.5224,0.0206,Jared Goff
2021101704,3145,1,DET,CIN,C,pass_forward,0.6952,0.6991,0.7678,2.0,3.4732,0.0688,Jared Goff
2021101704,3190,1,DET,CIN,C,pass_forward,0.7681,0.7452,0.7058,2.4,2.156,-0.0394,Jared Goff
2021101704,3235,1,DET,CIN,C,pass_forward,0.58,0.4877,0.5896,2.9,3.562,0.102,Jared Goff
2021101704,3259,0,DET,CIN,I,pass_forward,0.3533,0.297,0.3427,2.4,3.2987,0.0458,Jared Goff
2021101704,3281,0,DET,CIN,C,pass_forward,0.3504,0.3123,0.4,3.2,2.0243,0.0876,Jared Goff
2021101704,3305,1,DET,CIN,C,pass_forward,0.6562,0.5471,0.5685,2.1,3.8237,0.0214,Jared Goff
2021101704,3350,0,DET,CIN,C,pass_forward,0.2296,0.1572,0.1525,2.5,1.8976,-0.0047,Jared Goff
2021101704,3391,0,DET,CIN,I,pass_forward,0.3421,0.2002,0.2304,5.6,2.2017,0.0302,Jared Goff
2021101704,3615,1,CIN,DET,C,pass_forward,0.2309,0.3226,0.3034,3.0,2.5103,-0.0192,Brandon Allen
2021101704,3673,0,DET,CIN,C,pass_forward,0.3001,0.2776,0.1724,3.4,1.0548,-0.1052,Jared Goff
2021101704,3697,1,DET,CIN,C,pass_forward,0.6341,0.4789,0.2153,2.5,1.21,-0.2637,Jared Goff
2021101704,3743,0,DET,CIN,C,pass_forward,0.3114,0.3071,0.3459,2.9,2.2244,0.0388,Jared Goff
2021101704,3767,1,DET,CIN,C,pass_forward,0.5669,0.497,0.5633,3.3,3.0261,0.0662,Jared Goff
2021101704,3791,0,DET,CIN,I,pass_forward,0.3219,0.2909,0.4421,2.7,2.2835,0.1511,Jared Goff
2021101704,3813,0,DET,CIN,C,pass_forward,0.322,0.3095,0.4704,3.1,2.0618,0.1609,Jared Goff
2021101704,3837,1,DET,CIN,C,pass_forward,0.6997,0.5707,0.2794,2.9,1.0904,-0.2913,Jared Goff
2021101704,3861,1,DET,CIN,C,pass_forward,0.2523,0.2451,0.254,2.5,1.9474,0.0088,Jared Goff
2021101704,3902,0,DET,CIN,I,pass_forward,0.1984,0.2186,0.2109,5.6,2.293,-0.0077,Jared Goff
2021101704,3928,0,DET,CIN,I,pass_forward,0.2029,0.2243,0.2329,3.5,2.3915,0.0087,Jared Goff
2021101704,3950,1,DET,CIN,C,pass_forward,0.2029,0.1643,0.1999,2.1,4.106,0.0357,Jared Goff
2021101705,111,0,HOU,IND,I,pass_forward,0.1759,0.1537,0.1002,1.8,3.2363,-0.0535,Davis Mills
2021101705,182,1,IND,HOU,C,pass_forward,0.2567,0.244,0.2783,2.1,4.0577,0.0343,Carson Wentz
2021101705,206,0,IND,HOU,S,qb_sack,0.3838,0.305,0.0206,4.4,0.6325,-0.2844,Carson Wentz
2021101705,225,0,IND,HOU,I,pass_forward,0.0868,0.0642,0.0382,2.0,2.4035,-0.026,Carson Wentz
2021101705,349,1,HOU,IND,C,pass_forward,0.4244,0.4733,0.5318,2.6,2.2611,0.0585,Davis Mills
2021101705,378,1,HOU,IND,C,pass_forward,0.3345,0.3223,0.3117,1.9,2.3808,-0.0107,Davis Mills
2021101705,449,1,HOU,IND,C,pass_forward,0.3933,0.4386,0.5122,5.3,0.6083,0.0736,Davis Mills
2021101705,561,0,HOU,IND,C,pass_forward,0.0922,0.0754,0.0454,1.6,4.0031,-0.03,Davis Mills
2021101705,585,0,HOU,IND,S,qb_sack,0.3646,0.4272,0.014,3.2,0.1552,-0.4132,Davis Mills
2021101705,644,1,IND,HOU,C,pass_forward,0.3995,0.3503,0.4339,2.9,3.1046,0.0836,Carson Wentz
2021101705,718,0,IND,HOU,I,pass_forward,0.3688,0.2689,0.4941,3.9,2.421,0.2252,Carson Wentz
2021101705,764,1,IND,HOU,C,pass_forward,0.6655,0.5393,0.6031,3.6,2.7022,0.0638,Carson Wentz
2021101705,861,0,HOU,IND,I,pass_forward,0.3521,0.4365,0.2773,3.2,2.6775,-0.1591,Davis Mills
2021101705,988,1,IND,HOU,C,pass_forward,0.4403,0.4111,0.6341,3.9,2.6396,0.223,Carson Wentz
2021101705,1034,0,IND,HOU,I,pass_forward,0.3743,0.305,0.3755,3.9,4.1012,0.0705,Carson Wentz
2021101705,1079,0,IND,HOU,I,pass_forward,0.4376,0.4687,0.2867,4.7,1.5915,-0.182,Carson Wentz
2021101705,1135,1,HOU,IND,C,pass_forward,0.3299,0.5271,0.5686,2.3,2.0471,0.0415,Davis Mills
2021101705,1180,1,HOU,IND,C,pass_forward,0.4117,0.4359,0.413,4.1,2.2948,-0.0229,Davis Mills
2021101705,1204,0,HOU,IND,C,pass_forward,0.2838,0.265,0.4255,3.6,1.1511,0.1605,Davis Mills
2021101705,1228,0,HOU,IND,I,pass_forward,0.797,0.826,0.7072,2.9,2.3632,-0.1188,Davis Mills
2021101705,1250,1,HOU,IND,C,pass_forward,0.7542,0.779,0.664,2.0,4.1902,-0.115,Davis Mills
2021101705,1326,1,HOU,IND,C,pass_forward,0.5539,0.5879,0.6253,2.0,3.5282,0.0374,Davis Mills
2021101705,1401,0,HOU,IND,I,pass_forward,0.372,0.4019,0.4666,2.3,3.2576,0.0647,Davis Mills
2021101705,1511,1,IND,HOU,C,pass_forward,0.5582,0.5094,0.3269,2.8,1.6964,-0.1825,Carson Wentz
2021101705,1563,1,IND,HOU,C,pass_forward,0.1186,0.068,0.1067,2.9,1.6824,0.0387,Carson Wentz
2021101705,1674,0,IND,HOU,I,pass_forward,0.4061,0.4011,0.547,3.1,3.1803,0.146,Carson Wentz
2021101705,1757,0,HOU,IND,C,pass_forward,0.4493,0.3074,0.3023,2.0,3.9936,-0.0052,Davis Mills
2021101705,1820,1,HOU,IND,C,pass_forward,0.536,0.4955,0.5186,2.6,1.8707,0.0231,Davis Mills
2021101705,1911,0,HOU,IND,C,pass_forward,0.2303,0.1236,0.1894,3.7,1.4208,0.0658,Davis Mills
2021101705,2013,0,HOU,IND,I,pass_forward,0.7015,0.7076,0.5695,2.3,2.6683,-0.1381,Davis Mills
2021101705,2035,0,HOU,IND,S,qb_sack,0.6419,0.613,0.0901,3.7,0.508,-0.5229,Davis Mills
2021101705,2173,0,IND,HOU,R,run,0.3007,0.3125,0.4373,4.3,3.2056,0.1248,Carson Wentz
2021101705,2194,0,IND,HOU,S,qb_sack,0.3404,0.3618,0.0305,6.7,0.2828,-0.3313,Carson Wentz
2021101705,2243,0,HOU,IND,IN,pass_forward,0.2674,0.4323,0.5468,3.3,2.2042,0.1146,Davis Mills
2021101705,2290,1,IND,HOU,C,pass_forward,0.2312,0.2287,0.359,3.4,2.4798,0.1303,Carson Wentz
2021101705,2374,0,HOU,IND,I,pass_forward,0.3966,0.5122,0.5471,4.2,2.239,0.0349,Davis Mills
2021101705,2396,1,HOU,IND,C,pass_forward,0.4068,0.4075,0.2874,4.7,1.6771,-0.12,Davis Mills
2021101705,2465,0,HOU,IND,I,pass_forward,0.5554,0.5517,0.6938,1.8,4.1692,0.1421,Davis Mills
2021101705,2673,0,HOU,IND,C,pass_forward,0.2419,0.276,0.3413,2.8,2.5263,0.0653,Davis Mills
2021101705,2739,0,HOU,IND,R,run,0.2907,0.3409,0.4089,1.9,2.5726,0.0679,Davis Mills
2021101705,2760,1,HOU,IND,C,pass_forward,0.3396,0.3856,0.2631,2.6,2.3305,-0.1226,Davis Mills
2021101705,2813,0,HOU,IND,C,pass_forward,0.3131,0.3802,0.3623,2.3,2.6873,-0.018,Davis Mills
2021101705,2863,0,HOU,IND,I,pass_forward,0.2737,0.2464,0.1993,2.4,1.8322,-0.0471,Davis Mills
2021101705,2925,0,HOU,IND,I,pass_forward,0.2616,0.3373,0.313,3.2,1.5743,-0.0243,Davis Mills
2021101705,2947,0,HOU,IND,I,pass_forward,0.3221,0.3551,0.0427,3.0,0.1628,-0.3123,Davis Mills
2021101705,3026,0,IND,HOU,I,pass_forward,0.3957,0.4595,0.2072,2.5,1.35,-0.2522,Carson Wentz
2021101705,3077,0,HOU,IND,C,pass_forward,0.2523,0.3299,0.251,2.0,3.9721,-0.0789,Davis Mills
2021101705,3106,0,HOU,IND,C,pass_forward,0.5841,0.5437,0.6226,2.8,3.76,0.0789,Davis Mills
2021101705,3198,1,HOU,IND,C,pass_forward,0.2278,0.2818,0.2551,2.4,3.3505,-0.0267,Davis Mills
2021101705,3233,0,HOU,IND,C,pass_forward,0.2496,0.3777,0.3989,3.8,4.9633,0.0213,Davis Mills
2021101705,3403,0,IND,HOU,C,pass_forward,0.2168,0.2847,0.2953,2.9,2.7281,0.0106,Carson Wentz
2021101705,3533,0,HOU,IND,C,pass_forward,0.3282,0.2363,0.4087,2.5,3.7952,0.1724,Davis Mills
2021101705,3609,0,HOU,IND,I,pass_forward,0.4359,0.4035,0.4444,2.1,3.2128,0.0408,Davis Mills
2021101705,3631,1,HOU,IND,C,pass_forward,0.4339,0.4223,0.4904,2.1,2.6843,0.0681,Davis Mills
2021101705,3655,0,HOU,IND,IN,pass_forward,0.2794,0.2453,0.2891,2.3,4.0837,0.0438,Davis Mills
2021101706,73,0,NYG,LA,S,autoevent_passforward,0.2181,0.3211,0.3393,3.1,1.0112,0.0182,Daniel Jones
2021101706,123,1,NYG,LA,C,pass_forward,0.1866,0.1611,0.2585,2.9,1.501,0.0973,Daniel Jones
2021101706,152,0,NYG,LA,C,pass_forward,0.2791,0.2905,0.3304,1.8,3.3938,0.0399,Daniel Jones
2021101706,259,1,NYG,LA,C,pass_forward,0.3964,0.4681,0.4907,2.1,3.3997,0.0225,Daniel Jones
2021101706,404,0,NYG,LA,I,pass_forward,0.4353,0.3942,0.4038,1.9,2.1752,0.0096,Daniel Jones
2021101706,478,0,LA,NYG,I,pass_forward,0.2402,0.435,0.4353,3.3,2.2429,0.0003,Matthew Stafford
2021101706,512,1,LA,NYG,C,pass_forward,0.2957,0.3061,0.4091,3.2,1.831,0.1029,Matthew Stafford
2021101706,562,1,LA,NYG,C,pass_forward,0.3263,0.2983,0.401,3.5,3.6026,0.1027,Matthew Stafford
2021101706,586,0,LA,NYG,I,pass_forward,0.3502,0.3699,0.4552,3.4,2.8876,0.0852,Matthew Stafford
2021101706,629,0,LA,NYG,S,qb_sack,0.3542,0.2744,0.0213,5.7,0.4272,-0.2531,Matthew Stafford
2021101706,667,0,NYG,LA,C,pass_forward,0.3475,0.2457,0.1008,4.6,1.0745,-0.1449,Daniel Jones
2021101706,712,1,NYG,LA,C,pass_forward,0.4373,0.4889,0.3132,2.6,1.559,-0.1757,Daniel Jones
2021101706,760,0,NYG,LA,I,pass_forward,0.4403,0.4479,0.4164,3.2,3.3278,-0.0314,Daniel Jones
2021101706,782,0,NYG,LA,R,run,0.3918,0.4322,0.4303,3.1,2.7034,-0.0018,Daniel Jones
2021101706,819,0,NYG,LA,I,pass_forward,0.3728,0.4087,0.1488,5.4,1.3556,-0.2599,Daniel Jones
2021101706,841,0,NYG,LA,I,pass_forward,0.314,0.3244,0.3006,2.3,2.6298,-0.0239,Daniel Jones
2021101706,886,0,NYG,LA,C,pass_forward,0.1155,0.1345,0.1447,5.7,2.2761,0.0102,Daniel Jones
2021101706,936,0,LA,NYG,I,pass_forward,0.3275,0.3796,0.435,2.1,3.8513,0.0554,Matthew Stafford
2021101706,958,0,LA,NYG,C,pass_forward,0.3404,0.2707,0.4231,2.8,3.082,0.1524,Matthew Stafford
2021101706,982,0,LA,NYG,S,qb_sack,0.5708,0.5776,0.0355,4.1,0.2121,-0.5421,Matthew Stafford
2021101706,1094,0,NYG,LA,C,pass_forward,0.4382,0.4697,0.5445,1.7,3.9593,0.0748,Daniel Jones
2021101706,1250,1,LA,NYG,C,pass_forward,0.2163,0.2358,0.2328,3.7,2.4249,-0.0031,Matthew Stafford
2021101706,1286,1,LA,NYG,C,pass_forward,0.4215,0.2866,0.2519,2.6,2.7127,-0.0348,Matthew Stafford
2021101706,1331,1,LA,NYG,C,pass_forward,0.2266,0.1576,0.2494,2.9,3.43,0.0918,Matthew Stafford
2021101706,1394,0,NYG,LA,I,pass_forward,0.3245,0.2464,0.3876,2.4,2.0822,0.1412,Daniel Jones
2021101706,1492,0,LA,NYG,I,pass_forward,0.3636,0.2381,0.1319,4.7,2.5761,-0.1063,Matthew Stafford
2021101706,1523,0,LA,NYG,C,pass_forward,0.2713,0.2696,0.2428,2.0,4.4522,-0.0267,Matthew Stafford
2021101706,1589,1,LA,NYG,C,pass_forward,0.5092,0.4178,0.5646,2.3,5.0152,0.1468,Matthew Stafford
2021101706,1652,0,NYG,LA,I,pass_forward,0.2948,0.2384,0.2708,2.0,3.2215,0.0324,Daniel Jones
2021101706,1695,0,NYG,LA,I,pass_forward,0.2507,0.2377,0.229,2.2,2.4166,-0.0087,Daniel Jones
2021101706,1778,0,LA,NYG,I,pass_forward,0.5401,0.6109,0.3602,3.7,1.4785,-0.2508,Matthew Stafford
2021101706,1800,0,LA,NYG,R,run,0.4361,0.4796,0.0928,3.7,0.3688,-0.3868,Matthew Stafford
2021101706,1861,0,NYG,LA,IN,pass_forward,0.4678,0.3118,0.4056,2.4,3.1008,0.0938,Daniel Jones
2021101706,1908,0,LA,NYG,C,pass_forward,0.4331,0.5014,0.5506,2.0,5.3989,0.0492,Matthew Stafford
2021101706,2037,0,NYG,LA,C,pass_forward,0.4633,0.2762,0.3378,3.4,1.7723,0.0616,Daniel Jones
2021101706,2082,0,NYG,LA,I,pass_forward,0.2182,0.2729,0.2304,1.7,3.1979,-0.0426,Daniel Jones
2021101706,2104,0,NYG,LA,C,pass_forward,0.2459,0.3338,0.2878,1.6,3.4226,-0.0459,Daniel Jones
2021101706,2145,0,NYG,LA,I,pass_forward,0.4143,0.4509,0.47,2.4,2.9963,0.0191,Daniel Jones
2021101706,2293,1,LA,NYG,C,pass_forward,0.3708,0.3813,0.5106,1.9,5.1485,0.1293,Matthew Stafford
2021101706,2346,1,LA,NYG,C,pass_forward,0.1295,0.094,0.1244,3.2,1.7441,0.0304,Matthew Stafford
2021101706,2370,1,LA,NYG,C,pass_forward,0.1885,0.2194,0.2367,2.4,3.3453,0.0173,Matthew Stafford
2021101706,2436,0,NYG,LA,IN,pass_forward,0.2984,0.2403,0.4101,3.1,3.2092,0.1698,Daniel Jones
2021101706,2472,0,LA,NYG,C,pass_forward,0.2992,0.2388,0.3394,2.9,5.3622,0.1006,Matthew Stafford
2021101706,2513,0,LA,NYG,IN,pass_forward,0.4214,0.4854,0.5734,3.4,2.7504,0.088,Matthew Stafford
2021101706,2601,1,LA,NYG,C,pass_forward,0.6519,0.6125,0.724,1.7,4.5152,0.1115,Matthew Stafford
2021101706,2743,1,LA,NYG,C,pass_forward,0.571,0.6284,0.6971,1.7,5.5285,0.0687,Matthew Stafford
2021101706,2930,1,NYG,LA,C,pass_forward,0.25,0.2722,0.246,2.6,1.5843,-0.0262,Daniel Jones
2021101706,2975,1,NYG,LA,C,pass_forward,0.414,0.4752,0.5265,1.9,3.4271,0.0513,Daniel Jones
2021101706,3020,0,NYG,LA,S,qb_sack,0.3796,0.4776,0.0229,3.4,0.5644,-0.4548,Daniel Jones
2021101706,3063,1,NYG,LA,C,pass_forward,0.442,0.4177,0.2545,2.0,1.4026,-0.1632,Daniel Jones
2021101706,3087,0,NYG,LA,IN,pass_forward,0.2725,0.2646,0.5583,2.9,4.3145,0.2937,Daniel Jones
2021101706,3139,0,LA,NYG,C,pass_forward,0.4806,0.4323,0.5811,1.8,3.849,0.1487,Matthew Stafford
2021101706,3245,1,LA,NYG,R,run,0.3438,0.2768,0.5262,4.1,5.0315,0.2494,Matthew Stafford
2021101706,3308,1,LA,NYG,C,pass_forward,0.284,0.2497,0.1886,2.5,3.678,-0.0611,Matthew Stafford
2021101706,3371,0,NYG,LA,I,pass_forward,0.2923,0.217,0.21,2.8,1.5697,-0.007,Daniel Jones
2021101706,3393,0,NYG,LA,S,qb_sack,0.3929,0.363,0.0182,3.1,0.5694,-0.3448,Daniel Jones
2021101706,3412,0,NYG,LA,I,pass_forward,0.1199,0.0235,0.0217,6.2,2.1658,-0.0017,Daniel Jones
2021101706,3480,0,LA,NYG,I,pass_forward,0.5695,0.4682,0.4255,2.0,3.2671,-0.0428,John Wolford
2021101706,3502,0,LA,NYG,IN,pass_forward,0.4452,0.3708,0.0694,3.5,0.5346,-0.3014,John Wolford
2021101706,3573,0,NYG,LA,I,pass_forward,0.316,0.275,0.2199,3.0,1.1597,-0.0551,Daniel Jones
2021101706,3606,1,NYG,LA,C,pass_forward,0.2866,0.2967,0.2852,2.3,3.4853,-0.0115,Daniel Jones
2021101706,3633,0,NYG,LA,I,pass_forward,0.3315,0.3766,0.0565,3.8,0.5951,-0.32,Daniel Jones
2021101706,3672,0,NYG,LA,C,pass_forward,0.2272,0.2209,0.1835,1.8,3.4959,-0.0374,Daniel Jones
2021101706,3696,1,NYG,LA,C,pass_forward,0.3848,0.4297,0.4634,1.9,2.8047,0.0336,Daniel Jones
2021101706,3720,0,NYG,LA,C,pass_forward,0.1944,0.1788,0.3528,3.6,2.9261,0.174,Daniel Jones
2021101706,3744,0,NYG,LA,I,pass_forward,0.2069,0.2116,0.1834,3.6,2.3114,-0.0281,Daniel Jones
2021101706,3766,0,NYG,LA,I,pass_forward,0.2087,0.2343,0.2532,2.7,2.7973,0.0189,Daniel Jones
2021101706,4114,1,NYG,LA,C,pass_forward,0.2973,0.2353,0.2958,2.6,1.6234,0.0605,Daniel Jones
2021101706,4138,1,NYG,LA,C,pass_forward,0.2935,0.2682,0.2678,1.8,3.7023,-0.0004,Daniel Jones
2021101706,4162,1,NYG,LA,C,pass_forward,0.2652,0.2705,0.2564,2.7,1.685,-0.0142,Daniel Jones
2021101706,4186,1,NYG,LA,C,pass_forward,0.2616,0.2303,0.3155,2.7,2.5403,0.0852,Daniel Jones
2021101706,4227,0,NYG,LA,C,pass_forward,0.244,0.2855,0.32,2.1,3.3204,0.0346,Daniel Jones
2021101706,4251,1,NYG,LA,C,pass_forward,0.5454,0.5745,0.5826,1.9,3.4415,0.0081,Daniel Jones
2021101706,4275,0,NYG,LA,I,pass_forward,0.2975,0.2181,0.3251,3.2,3.5579,0.1071,Daniel Jones
2021101706,4297,0,NYG,LA,C,pass_forward,0.2924,0.3057,0.2681,2.9,2.37,-0.0377,Daniel Jones
2021101706,4321,0,NYG,LA,I,pass_forward,0.37,0.4116,0.1743,5.2,2.0212,-0.2373,Daniel Jones
2021101706,4343,0,NYG,LA,C,pass_forward,0.3468,0.4004,0.1432,3.0,0.9841,-0.2572,Daniel Jones
2021101707,62,0,WAS,KC,I,pass_forward,0.3886,0.3092,0.3007,3.2,1.6812,-0.0085,Taylor Heinicke
2021101707,105,0,WAS,KC,I,pass_forward,0.3774,0.3622,0.4123,2.3,3.3049,0.0501,Taylor Heinicke
2021101707,166,1,KC,WAS,C,pass_forward,0.5936,0.7585,0.8044,1.4,5.2053,0.0458,Patrick Mahomes
2021101707,190,1,KC,WAS,C,pass_forward,0.2806,0.326,0.2369,3.0,2.2239,-0.0891,Patrick Mahomes
2021101707,242,0,KC,WAS,C,pass_forward,0.3058,0.3449,0.4718,2.2,5.1839,0.1269,Patrick Mahomes
2021101707,266,0,KC,WAS,S,qb_sack,0.7051,0.6917,0.518,5.3,0.8959,-0.1737,Patrick Mahomes
2021101707,306,1,KC,WAS,C,pass_forward,0.3155,0.3627,0.3637,3.1,4.1897,0.001,Patrick Mahomes
2021101707,330,1,KC,WAS,C,pass_forward,0.3822,0.3046,0.2713,2.3,1.7541,-0.0333,Patrick Mahomes
2021101707,470,0,WAS,KC,C,pass_forward,0.2083,0.1892,0.2082,2.0,5.07,0.0189,Taylor Heinicke
2021101707,520,0,WAS,KC,I,pass_forward,0.3411,0.2781,0.3921,6.2,0.9665,0.114,Taylor Heinicke
2021101707,563,1,WAS,KC,C,pass_forward,0.3988,0.4303,0.4529,2.5,2.698,0.0225,Taylor Heinicke
2021101707,615,0,WAS,KC,I,pass_forward,0.1715,0.1164,0.4375,3.6,2.42,0.3211,Taylor Heinicke
2021101707,637,0,WAS,KC,C,pass_forward,0.1482,0.1302,0.16,2.4,3.8886,0.0298,Taylor Heinicke
2021101707,661,0,WAS,KC,I,pass_forward,0.3244,0.4075,0.3311,2.6,1.9051,-0.0764,Taylor Heinicke
2021101707,759,1,KC,WAS,C,pass_forward,0.5715,0.5624,0.4754,2.9,2.6742,-0.087,Patrick Mahomes
2021101707,809,0,KC,WAS,C,pass_forward,0.4601,0.4771,0.4711,2.9,2.5732,-0.006,Patrick Mahomes
2021101707,833,1,KC,WAS,C,pass_forward,0.6419,0.5796,0.6094,2.1,3.4486,0.0298,Patrick Mahomes
2021101707,881,0,KC,WAS,IN,pass_forward,0.228,0.2473,0.2975,2.7,4.6834,0.0501,Patrick Mahomes
2021101707,943,0,WAS,KC,C,pass_forward,0.49,0.5968,0.4332,1.7,1.8977,-0.1635,Taylor Heinicke
2021101707,972,0,WAS,KC,I,pass_forward,0.6396,0.6053,0.1892,2.9,1.0689,-0.4162,Taylor Heinicke
2021101707,1019,0,KC,WAS,I,pass_forward,0.4274,0.2858,0.2205,3.5,2.2704,-0.0652,Patrick Mahomes
2021101707,1041,0,KC,WAS,I,pass_forward,0.3724,0.2892,0.3594,2.1,3.7951,0.0702,Patrick Mahomes
2021101707,1063,0,KC,WAS,C,pass_forward,0.3563,0.302,0.3209,3.8,1.7307,0.019,Patrick Mahomes
2021101707,1135,0,WAS,KC,C,pass_forward,0.2863,0.331,0.2589,4.8,2.6744,-0.0721,Taylor Heinicke
2021101707,1173,1,WAS,KC,C,pass_forward,0.3185,0.3581,0.3072,1.9,4.4151,-0.0509,Taylor Heinicke
2021101707,1230,0,WAS,KC,C,pass_forward,0.3521,0.3679,0.382,1.8,3.1704,0.0141,Taylor Heinicke
2021101707,1277,0,WAS,KC,I,pass_forward,0.2854,0.2269,0.2914,2.7,2.6853,0.0645,Taylor Heinicke
2021101707,1320,0,WAS,KC,C,pass_forward,0.4173,0.3647,0.4401,1.9,3.9223,0.0755,Taylor Heinicke
2021101707,1405,0,KC,WAS,I,pass_forward,0.4062,0.402,0.2897,2.8,0.3265,-0.1123,Patrick Mahomes
2021101707,1427,1,KC,WAS,R,run,0.3801,0.3689,0.3385,4.6,1.5536,-0.0304,Patrick Mahomes
2021101707,1495,0,KC,WAS,I,pass_forward,0.4329,0.4764,0.211,3.4,1.2963,-0.2654,Patrick Mahomes
2021101707,1536,0,WAS,KC,I,pass_forward,0.3767,0.2604,0.3107,3.4,1.7369,0.0503,Taylor Heinicke
2021101707,1627,0,KC,WAS,I,pass_forward,0.3476,0.4394,0.5184,3.6,1.5027,0.079,Patrick Mahomes
2021101707,1719,0,WAS,KC,I,pass_forward,0.3359,0.2581,0.3508,3.5,1.5274,0.0927,Taylor Heinicke
2021101707,1741,0,WAS,KC,C,pass_forward,0.3704,0.286,0.2043,2.2,1.4496,-0.0817,Taylor Heinicke
2021101707,1765,1,WAS,KC,C,pass_forward,0.5516,0.5033,0.2436,4.5,1.4122,-0.2597,Taylor Heinicke
2021101707,1824,0,WAS,KC,C,pass_forward,0.0895,0.0596,0.034,1.8,4.0694,-0.0256,Taylor Heinicke
2021101707,1853,0,WAS,KC,I,pass_forward,0.1215,0.1253,0.2118,3.1,3.6917,0.0865,Taylor Heinicke
2021101707,1937,1,WAS,KC,C,pass_forward,0.6932,0.5903,0.7444,3.1,3.9013,0.1542,Taylor Heinicke
2021101707,2013,1,KC,WAS,C,pass_forward,0.2403,0.2361,0.3719,2.7,2.8736,0.1359,Patrick Mahomes
2021101707,2037,1,KC,WAS,C,pass_forward,0.3138,0.3069,0.3504,2.2,2.6618,0.0435,Patrick Mahomes
2021101707,2066,1,KC,WAS,C,pass_forward,0.2906,0.3941,0.42,2.3,3.3243,0.0258,Patrick Mahomes
2021101707,2130,0,KC,WAS,I,pass_forward,0.1885,0.1055,0.0639,2.8,2.5144,-0.0416,Patrick Mahomes
2021101707,2152,0,KC,WAS,C,pass_forward,0.1454,0.0742,0.0885,2.4,3.8308,0.0142,Patrick Mahomes
2021101707,2181,0,KC,WAS,IN,pass_forward,0.7805,0.6218,0.0295,2.9,0.2195,-0.5922,Patrick Mahomes
2021101707,2209,0,WAS,KC,I,pass_forward,0.3852,0.3168,0.2639,5.1,0.4827,-0.0529,Taylor Heinicke
2021101707,2362,1,KC,WAS,C,pass_forward,0.257,0.3427,0.2994,1.6,4.3455,-0.0432,Patrick Mahomes
2021101707,2386,1,KC,WAS,C,pass_forward,0.2274,0.3732,0.4029,2.0,4.5501,0.0297,Patrick Mahomes
2021101707,2447,0,KC,WAS,S,qb_sack,0.1901,0.0498,0.0169,5.1,0.3189,-0.0329,Patrick Mahomes
2021101707,2466,0,KC,WAS,I,pass_forward,0.1171,0.0173,0.0324,2.5,2.8736,0.0151,Patrick Mahomes
2021101707,2535,1,WAS,KC,C,pass_forward,0.3454,0.3306,0.2683,2.4,2.68,-0.0623,Taylor Heinicke
2021101707,2590,1,WAS,KC,C,pass_forward,0.5164,0.584,0.5281,1.8,2.2778,-0.056,Taylor Heinicke
2021101707,2714,1,KC,WAS,C,pass_forward,0.348,0.3108,0.2314,2.1,2.3261,-0.0793,Patrick Mahomes
2021101707,2799,0,KC,WAS,C,pass_forward,0.3308,0.3306,0.2853,3.5,1.5939,-0.0453,Patrick Mahomes
2021101707,2831,1,KC,WAS,C,pass_forward,0.5325,0.5389,0.3973,2.7,1.7224,-0.1416,Patrick Mahomes
2021101707,2882,0,KC,WAS,I,pass_forward,0.3,0.2691,0.3398,2.2,3.211,0.0707,Patrick Mahomes
2021101707,2938,1,KC,WAS,C,pass_forward,0.3876,0.4512,0.1832,2.3,1.1413,-0.268,Patrick Mahomes
2021101707,2994,1,KC,WAS,C,pass_forward,0.5828,0.5969,0.7476,2.1,2.7203,0.1507,Patrick Mahomes
2021101707,3078,0,WAS,KC,C,pass_forward,0.2183,0.1142,0.1319,2.3,3.4752,0.0177,Taylor Heinicke
2021101707,3107,0,WAS,KC,I,pass_forward,0.4014,0.3678,0.1555,4.0,1.2323,-0.2123,Taylor Heinicke
2021101707,3244,1,KC,WAS,C,pass_forward,0.692,0.5798,0.5306,2.0,5.5722,-0.0492,Patrick Mahomes
2021101707,3268,0,KC,WAS,R,run,0.3203,0.2732,0.2605,5.5,1.4327,-0.0127,Patrick Mahomes
2021101707,3335,1,KC,WAS,C,pass_forward,0.388,0.4204,0.3296,3.9,2.298,-0.0908,Patrick Mahomes
2021101707,3488,0,WAS,KC,I,pass_forward,0.3167,0.2861,0.5659,3.1,2.6831,0.2798,Taylor Heinicke
2021101707,3531,1,WAS,KC,C,pass_forward,0.3649,0.363,0.4063,2.7,3.0564,0.0432,Taylor Heinicke
2021101707,3555,0,WAS,KC,C,pass_forward,0.3302,0.3658,0.4086,2.9,3.1065,0.0429,Taylor Heinicke
2021101707,3608,0,WAS,KC,I,pass_forward,0.3929,0.3977,0.0498,9.8,0.3932,-0.3479,Taylor Heinicke
2021101707,3698,1,KC,WAS,R,run,0.5843,0.6648,0.713,4.6,1.4425,0.0482,Patrick Mahomes
2021101707,3748,0,KC,WAS,I,pass_forward,0.3962,0.4064,0.3552,2.7,1.4378,-0.0512,Patrick Mahomes
2021101707,3770,1,KC,WAS,C,pass_forward,0.3405,0.4051,0.5476,4.9,0.9693,0.1425,Patrick Mahomes
2021101707,3815,0,KC,WAS,I,pass_forward,0.4472,0.4628,0.4352,2.1,2.0573,-0.0277,Patrick Mahomes
2021101707,3877,1,KC,WAS,C,pass_forward,0.4066,0.4762,0.4367,2.7,3.1283,-0.0395,Patrick Mahomes
2021101707,3906,0,KC,WAS,S,qb_sack,0.3633,0.341,0.0686,6.3,1.523,-0.2724,Patrick Mahomes
2021101707,3960,1,KC,WAS,C,pass_forward,0.4916,0.4084,0.359,4.7,1.5606,-0.0494,Patrick Mahomes
2021101707,4039,0,KC,WAS,C,pass_forward,0.1971,0.1875,0.2535,3.4,2.0125,0.066,Patrick Mahomes
2021101707,4080,1,KC,WAS,C,pass_forward,0.4713,0.4645,0.4626,2.3,4.2633,-0.002,Patrick Mahomes
2021101707,4147,0,WAS,KC,C,pass_forward,0.3273,0.3063,0.3219,5.4,1.8035,0.0157,Taylor Heinicke
2021101707,4171,0,WAS,KC,IN,pass_forward,0.6889,0.4625,0.4959,2.4,4.1102,0.0334,Taylor Heinicke
2021101708,56,0,CLE,ARI,I,pass_forward,0.2862,0.2442,0.2421,1.8,4.2417,-0.0021,Baker Mayfield
2021101708,137,0,CLE,ARI,I,pass_forward,0.1637,0.2851,0.3105,4.0,0.5108,0.0253,Baker Mayfield
2021101708,198,0,ARI,CLE,I,pass_forward,0.3464,0.3139,0.1261,5.7,1.6502,-0.1878,Kyler Murray
2021101708,262,0,ARI,CLE,C,pass_forward,0.2757,0.282,0.2929,2.8,2.89,0.011,Kyler Murray
2021101708,307,1,ARI,CLE,C,pass_forward,0.4852,0.4535,0.6433,3.2,1.9825,0.1899,Kyler Murray
2021101708,384,1,ARI,CLE,C,pass_forward,0.0316,0.0252,0.0518,3.5,3.208,0.0266,Kyler Murray
2021101708,500,0,CLE,ARI,I,pass_forward,0.2168,0.26,0.2581,1.6,4.1689,-0.0018,Baker Mayfield
2021101708,522,1,CLE,ARI,C,pass_forward,0.261,0.2726,0.2086,6.9,1.3025,-0.0639,Baker Mayfield
2021101708,631,1,CLE,ARI,C,pass_forward,0.1893,0.1218,0.1733,3.2,2.6803,0.0515,Baker Mayfield
2021101708,666,0,CLE,ARI,I,pass_forward,0.2618,0.2461,0.2386,2.6,3.5058,-0.0075,Baker Mayfield
2021101708,715,0,CLE,ARI,R,run,0.347,0.4726,0.1993,4.9,1.7404,-0.2733,Baker Mayfield
2021101708,746,0,CLE,ARI,S,qb_sack,0.4876,0.5221,0.0267,3.4,0.1726,-0.4954,Baker Mayfield
2021101708,824,1,ARI,CLE,C,pass_forward,0.3082,0.3731,0.3822,2.3,2.5612,0.0091,Kyler Murray
2021101708,902,0,ARI,CLE,I,pass_forward,0.2613,0.2822,0.4423,4.1,2.3369,0.1601,Kyler Murray
2021101708,1178,0,ARI,CLE,C,pass_forward,0.0673,0.0306,0.0407,2.3,2.2911,0.01,Kyler Murray
2021101708,1221,0,ARI,CLE,I,pass_forward,0.1228,0.1646,0.1333,2.2,3.815,-0.0314,Kyler Murray
2021101708,1327,0,CLE,ARI,S,qb_strip_sack,0.3108,0.3352,0.0684,7.1,0.1526,-0.2668,Baker Mayfield
2021101708,1367,0,ARI,CLE,I,pass_forward,0.2363,0.3261,0.2368,2.7,2.2706,-0.0893,Kyler Murray
2021101708,1500,0,CLE,ARI,C,pass_forward,0.3926,0.3461,0.2491,1.8,2.8221,-0.0971,Baker Mayfield
2021101708,1545,0,CLE,ARI,IN,pass_forward,0.3828,0.4178,0.4903,3.0,3.6187,0.0726,Baker Mayfield
2021101708,1650,0,ARI,CLE,S,qb_sack,0.5146,0.5913,0.0624,4.0,0.2121,-0.5289,Kyler Murray
2021101708,1703,1,CLE,ARI,C,pass_forward,0.2642,0.3776,0.4647,2.2,3.7733,0.0871,Baker Mayfield
2021101708,1727,0,CLE,ARI,R,run,0.3122,0.4064,0.2604,4.4,2.3117,-0.146,Baker Mayfield
2021101708,1835,0,CLE,ARI,C,pass_forward,0.1532,0.1371,0.1385,2.2,5.1261,0.0014,Baker Mayfield
2021101708,1865,1,CLE,ARI,C,pass_forward,0.504,0.5476,0.6162,1.7,3.6244,0.0686,Baker Mayfield
2021101708,1964,0,ARI,CLE,C,pass_forward,0.4549,0.4596,0.3529,1.5,4.4745,-0.1067,Kyler Murray
2021101708,1988,1,ARI,CLE,C,pass_forward,0.396,0.3074,0.3888,3.1,4.3106,0.0813,Kyler Murray
2021101708,2038,1,ARI,CLE,C,pass_forward,0.581,0.52,0.4651,4.4,2.2366,-0.0549,Kyler Murray
2021101708,2196,0,ARI,CLE,I,pass_forward,0.1697,0.1701,0.1552,3.7,2.2561,-0.0149,Kyler Murray
2021101708,2319,0,CLE,ARI,I,pass_forward,0.3384,0.3061,0.3236,2.9,3.8403,0.0174,Baker Mayfield
2021101708,2341,0,CLE,ARI,C,pass_forward,0.3317,0.3625,0.4046,2.7,3.0166,0.042,Baker Mayfield
2021101708,2365,1,CLE,ARI,C,pass_forward,0.5534,0.4775,0.4217,3.4,1.5742,-0.0558,Baker Mayfield
2021101708,2413,1,CLE,ARI,C,pass_forward,0.6228,0.6282,0.5297,7.0,1.211,-0.0985,Baker Mayfield
2021101708,2500,0,ARI,CLE,S,qb_sack,0.3682,0.3723,0.0218,4.5,0.1118,-0.3505,Kyler Murray
2021101708,2519,0,ARI,CLE,C,pass_forward,0.0391,0.0584,0.0908,2.8,3.4042,0.0324,Kyler Murray
2021101708,2543,0,ARI,CLE,C,pass_forward,0.4589,0.5625,0.3491,3.0,1.6145,-0.2134,Kyler Murray
2021101708,2615,0,CLE,ARI,S,qb_sack,0.2944,0.3302,0.0289,3.3,0.2159,-0.3014,Baker Mayfield
2021101708,2655,0,CLE,ARI,S,qb_sack,0.2503,0.2998,0.058,5.3,0.1612,-0.2418,Baker Mayfield
2021101708,2737,0,ARI,CLE,I,pass_forward,0.3896,0.515,0.6336,3.8,3.8355,0.1186,Kyler Murray
2021101708,2759,0,ARI,CLE,I,pass_forward,0.413,0.469,0.5,2.4,3.7386,0.031,Kyler Murray
2021101708,2844,1,CLE,ARI,C,pass_forward,0.0283,0.0712,0.0635,3.4,3.9455,-0.0077,Baker Mayfield
2021101708,2894,1,CLE,ARI,C,pass_forward,0.2322,0.2521,0.1586,5.0,3.7086,-0.0934,Baker Mayfield
2021101708,2939,0,CLE,ARI,S,autoevent_passforward,0.232,0.1975,0.2167,2.9,1.5689,0.0192,Baker Mayfield
2021101708,3027,0,ARI,CLE,I,pass_forward,0.3271,0.2797,0.2434,2.1,2.477,-0.0364,Kyler Murray
2021101708,3049,1,ARI,CLE,C,pass_forward,0.3443,0.4093,0.4421,3.1,2.6255,0.0328,Kyler Murray
2021101708,3094,0,ARI,CLE,C,pass_forward,0.2878,0.2876,0.2396,1.7,2.8149,-0.048,Kyler Murray
2021101708,3160,1,ARI,CLE,C,pass_forward,0.1724,0.1618,0.2241,3.3,2.7078,0.0623,Kyler Murray
2021101708,3238,0,CLE,ARI,I,pass_forward,0.3397,0.2846,0.2581,2.3,3.2233,-0.0266,Baker Mayfield
2021101708,3260,0,CLE,ARI,C,pass_forward,0.3128,0.346,0.2769,3.6,1.36,-0.0692,Baker Mayfield
2021101708,3284,0,CLE,ARI,C,pass_forward,0.4695,0.5085,0.2386,4.1,1.053,-0.2699,Baker Mayfield
2021101708,3308,1,CLE,ARI,C,pass_forward,0.6273,0.6344,0.7446,2.7,2.1298,0.1103,Baker Mayfield
2021101708,3379,0,CLE,ARI,R,run,0.3072,0.3553,0.3769,3.6,2.8754,0.0216,Baker Mayfield
2021101708,3570,0,CLE,ARI,I,pass_forward,0.4665,0.3753,0.4186,2.5,4.1699,0.0432,Baker Mayfield
2021101708,3592,0,CLE,ARI,I,pass_forward,0.4558,0.3453,0.3777,1.6,3.3874,0.0323,Baker Mayfield
2021101708,3656,1,ARI,CLE,C,pass_forward,0.4978,0.7066,0.4956,3.5,1.6737,-0.211,Kyler Murray
2021101708,3838,1,ARI,CLE,C,pass_forward,0.3272,0.2954,0.3444,2.0,4.6066,0.049,Kyler Murray
2021101708,4059,0,CLE,ARI,C,pass_forward,0.4308,0.4015,0.3107,1.7,4.3989,-0.0908,Case Keenum
2021101708,4083,0,CLE,ARI,I,pass_forward,0.5831,0.578,0.556,2.8,1.7041,-0.0219,Case Keenum
2021101708,4122,0,CLE,ARI,I,pass_forward,0.5835,0.6534,0.587,1.8,2.1095,-0.0664,Case Keenum
2021101709,55,0,LV,DEN,C,pass_forward,0.3989,0.3874,0.3704,1.8,2.2422,-0.017,Derek Carr
2021101709,213,1,LV,DEN,C,pass_forward,0.5119,0.635,0.6182,2.7,2.1446,-0.0168,Derek Carr
2021101709,278,0,DEN,LV,C,pass_forward,0.3346,0.5031,0.4079,5.4,1.9638,-0.0952,Teddy Bridgewater
2021101709,349,0,DEN,LV,S,qb_sack,0.2794,0.3081,0.0229,4.4,0.136,-0.2852,Teddy Bridgewater
2021101709,374,1,DEN,LV,C,pass_forward,0.1819,0.2984,0.3141,3.3,1.2691,0.0156,Teddy Bridgewater
2021101709,485,1,DEN,LV,C,pass_forward,0.3915,0.3926,0.2215,4.1,1.4289,-0.1711,Teddy Bridgewater
2021101709,541,0,LV,DEN,C,pass_forward,0.3749,0.327,0.3564,2.7,2.8812,0.0295,Derek Carr
2021101709,586,1,LV,DEN,C,pass_forward,0.5183,0.5543,0.6118,2.1,3.0495,0.0575,Derek Carr
2021101709,620,1,LV,DEN,C,pass_forward,0.3482,0.2377,0.2412,2.2,2.4962,0.0036,Derek Carr
2021101709,703,0,LV,DEN,I,pass_forward,0.5483,0.596,0.3414,3.3,2.2574,-0.2547,Derek Carr
2021101709,813,0,DEN,LV,I,pass_forward,0.4624,0.4337,0.2242,3.4,1.265,-0.2095,Teddy Bridgewater
2021101709,835,0,DEN,LV,C,pass_forward,0.4297,0.4176,0.4625,2.3,2.5866,0.0449,Teddy Bridgewater
2021101709,859,0,DEN,LV,IN,pass_forward,0.4361,0.3836,0.5276,3.0,2.9628,0.144,Teddy Bridgewater
2021101709,885,1,LV,DEN,C,pass_forward,0.3696,0.2885,0.3128,3.0,2.5177,0.0243,Derek Carr
2021101709,998,0,LV,DEN,I,pass_forward,0.29,0.283,0.4239,3.3,3.1193,0.1409,Derek Carr
2021101709,1020,0,LV,DEN,S,run,0.302,0.263,0.2234,5.5,2.6446,-0.0396,Derek Carr
2021101709,1068,0,DEN,LV,C,pass_forward,0.3878,0.3051,0.2178,2.4,2.1639,-0.0873,Teddy Bridgewater
2021101709,1113,0,DEN,LV,I,pass_forward,0.4954,0.4928,0.5145,3.0,2.4955,0.0218,Teddy Bridgewater
2021101709,1153,1,LV,DEN,C,pass_forward,0.5136,0.5181,0.5399,2.4,2.3417,0.0218,Derek Carr
2021101709,1228,0,LV,DEN,I,pass_forward,0.419,0.4005,0.4874,3.4,2.9754,0.0869,Derek Carr
2021101709,1332,1,DEN,LV,C,pass_forward,0.6335,0.5738,0.6674,3.4,2.1023,0.0936,Teddy Bridgewater
2021101709,1356,0,DEN,LV,C,pass_forward,0.3732,0.2598,0.2629,2.0,3.0704,0.0031,Teddy Bridgewater
2021101709,1401,1,DEN,LV,R,run,0.6119,0.6004,0.624,3.9,1.1098,0.0236,Teddy Bridgewater
2021101709,1422,0,DEN,LV,I,pass_forward,0.4109,0.3947,0.0189,6.4,0.6519,-0.3758,Teddy Bridgewater
2021101709,1444,0,DEN,LV,S,qb_sack,0.3164,0.2927,0.0614,4.3,1.0621,-0.2313,Teddy Bridgewater
2021101709,1544,0,LV,DEN,C,pass_forward,0.052,0.1652,0.1585,1.7,2.5986,-0.0067,Derek Carr
2021101709,1568,0,LV,DEN,I,pass_forward,0.1241,0.1452,0.1187,5.4,1.4024,-0.0265,Derek Carr
2021101709,1590,0,LV,DEN,C,pass_forward,0.191,0.31,0.4732,3.6,1.221,0.1632,Derek Carr
2021101709,1631,0,DEN,LV,C,pass_forward,0.3861,0.3621,0.2492,2.8,1.2882,-0.1129,Teddy Bridgewater
2021101709,1655,1,DEN,LV,C,pass_forward,0.6005,0.5903,0.6194,1.9,2.3526,0.0291,Teddy Bridgewater
2021101709,1733,0,DEN,LV,C,pass_forward,0.1706,0.1417,0.1904,2.7,2.0358,0.0487,Teddy Bridgewater
2021101709,1757,0,DEN,LV,I,pass_forward,0.4777,0.3773,0.4655,3.3,1.2806,0.0882,Teddy Bridgewater
2021101709,1826,0,DEN,LV,C,pass_forward,0.1091,0.0856,0.1254,3.8,1.4966,0.0398,Teddy Bridgewater
2021101709,1886,0,LV,DEN,C,pass_forward,0.3005,0.2626,0.3038,2.9,1.6345,0.0412,Derek Carr
2021101709,1924,1,LV,DEN,C,pass_forward,0.5578,0.5388,0.2875,5.3,1.8868,-0.2514,Derek Carr
2021101709,1953,0,LV,DEN,I,pass_forward,0.2348,0.2367,0.3449,2.9,2.3577,0.1082,Derek Carr
2021101709,1975,1,LV,DEN,C,pass_forward,0.2493,0.2609,0.3115,3.3,2.4752,0.0506,Derek Carr
2021101709,2016,1,LV,DEN,C,pass_forward,0.1577,0.2008,0.1575,3.2,1.2126,-0.0433,Derek Carr
2021101709,2078,0,DEN,LV,S,qb_sack,0.3682,0.3205,0.0615,3.1,0.6466,-0.2589,Teddy Bridgewater
2021101709,2241,0,DEN,LV,I,pass_forward,0.3056,0.3059,0.0376,3.5,0.5456,-0.2683,Teddy Bridgewater
2021101709,2263,0,DEN,LV,I,pass_forward,0.3032,0.2938,0.1449,4.3,0.8873,-0.1489,Teddy Bridgewater
2021101709,2349,0,LV,DEN,C,pass_forward,0.2352,0.3397,0.1597,1.7,2.4541,-0.18,Derek Carr
2021101709,2454,1,DEN,LV,C,pass_forward,0.2862,0.3037,0.342,3.1,1.9105,0.0384,Teddy Bridgewater
2021101709,2502,1,DEN,LV,C,pass_forward,0.4913,0.4616,0.4411,2.6,2.1942,-0.0206,Teddy Bridgewater
2021101709,2581,0,DEN,LV,S,qb_sack,0.4658,0.3689,0.0169,5.8,0.3905,-0.3519,Teddy Bridgewater
2021101709,2600,0,DEN,LV,I,pass_forward,0.5376,0.4228,0.4965,2.8,2.6776,0.0737,Teddy Bridgewater
2021101709,2715,0,LV,DEN,I,pass_forward,0.483,0.5776,0.0503,3.4,0.5215,-0.5273,Derek Carr
2021101709,2756,0,DEN,LV,I,pass_forward,0.2659,0.3012,0.2456,3.8,1.2766,-0.0557,Teddy Bridgewater
2021101709,2778,1,DEN,LV,C,pass_forward,0.2807,0.3017,0.5128,3.2,2.6681,0.2111,Teddy Bridgewater
2021101709,2823,0,DEN,LV,C,pass_forward,0.3203,0.3402,0.4068,2.0,3.5735,0.0666,Teddy Bridgewater
2021101709,2872,0,DEN,LV,R,run,0.2779,0.2014,0.2748,4.4,0.75,0.0734,Teddy Bridgewater
2021101709,2942,0,LV,DEN,I,pass_forward,0.1585,0.145,0.19,3.7,1.472,0.045,Derek Carr
2021101709,2964,1,LV,DEN,C,pass_forward,0.1402,0.1776,0.2209,2.8,1.4463,0.0433,Derek Carr
2021101709,3091,1,DEN,LV,C,pass_forward,0.158,0.2192,0.2276,1.8,2.9249,0.0084,Teddy Bridgewater
2021101709,3134,0,DEN,LV,C,pass_forward,0.158,0.3113,0.2084,2.3,1.4601,-0.1028,Teddy Bridgewater
2021101709,3179,1,DEN,LV,C,pass_forward,0.4917,0.6032,0.5743,1.9,2.0747,-0.0289,Teddy Bridgewater
2021101709,3203,1,DEN,LV,C,pass_forward,0.1608,0.2254,0.3171,2.8,1.8971,0.0917,Teddy Bridgewater
2021101709,3248,1,DEN,LV,C,pass_forward,0.1778,0.3914,0.1431,2.9,0.7684,-0.2483,Teddy Bridgewater
2021101709,3283,0,DEN,LV,I,pass_forward,0.0677,0.07,0.0588,2.9,1.118,-0.0113,Teddy Bridgewater
2021101709,3305,0,DEN,LV,C,pass_forward,0.064,0.057,0.1435,4.5,2.6813,0.0865,Teddy Bridgewater
2021101709,3329,1,DEN,LV,C,pass_forward,0.1958,0.3188,0.3983,3.1,2.7769,0.0795,Teddy Bridgewater
2021101709,3411,0,DEN,LV,I,pass_forward,0.12,0.1864,0.2646,3.6,2.9794,0.0781,Teddy Bridgewater
2021101709,3433,1,DEN,LV,C,pass_forward,0.1018,0.1729,0.2467,2.2,2.6624,0.0738,Teddy Bridgewater
2021101709,3562,1,LV,DEN,C,pass_forward,0.3943,0.4256,0.4217,2.4,2.768,-0.0039,Derek Carr
2021101709,3633,0,LV,DEN,I,pass_forward,0.3183,0.5026,0.3699,2.0,2.2217,-0.1328,Derek Carr
2021101709,3689,1,DEN,LV,C,pass_forward,0.2565,0.2754,0.4009,2.8,3.7706,0.1255,Teddy Bridgewater
2021101709,3739,0,DEN,LV,I,pass_forward,0.2485,0.2583,0.3824,2.8,2.6585,0.1241,Teddy Bridgewater
2021101709,3761,0,DEN,LV,IN,pass_forward,0.2485,0.2631,0.4031,3.5,2.8709,0.14,Teddy Bridgewater
2021101709,3906,1,DEN,LV,C,pass_forward,0.2504,0.2758,0.4143,3.3,2.6286,0.1385,Teddy Bridgewater
2021101709,3930,0,DEN,LV,C,pass_forward,0.2582,0.2652,0.354,1.9,3.2602,0.0888,Teddy Bridgewater
2021101709,3954,1,DEN,LV,C,autoevent_passforward,0.6157,0.6083,0.6793,1.9,4.0708,0.071,Teddy Bridgewater
2021101709,4001,1,DEN,LV,C,pass_forward,0.2812,0.2553,0.326,2.6,1.2962,0.0707,Teddy Bridgewater
2021101709,4063,1,DEN,LV,C,pass_forward,0.576,0.635,0.6131,2.1,2.4328,-0.0218,Teddy Bridgewater
2021101709,4087,0,DEN,LV,C,pass_forward,0.2036,0.2357,0.2976,2.1,3.3549,0.0619,Teddy Bridgewater
2021101709,4111,1,DEN,LV,C,pass_forward,0.4224,0.5393,0.4376,2.5,1.3813,-0.1017,Teddy Bridgewater
2021101709,4168,0,DEN,LV,C,pass_forward,0.2316,0.3428,0.307,2.2,2.767,-0.0358,Teddy Bridgewater
2021101709,4197,0,DEN,LV,S,qb_sack,0.2999,0.3031,0.0257,5.7,0.0316,-0.2774,Teddy Bridgewater
2021101709,4233,0,DEN,LV,C,pass_forward,0.0812,0.1567,0.3271,3.3,1.7683,0.1704,Teddy Bridgewater
2021101709,4257,0,DEN,LV,IN,pass_forward,0.3645,0.3001,0.4692,3.5,2.0483,0.1691,Teddy Bridgewater
2021101710,94,1,DAL,NE,C,pass_forward,0.4113,0.3944,0.3634,1.9,3.6458,-0.031,Dak Prescott
2021101710,179,0,DAL,NE,C,pass_forward,0.1455,0.2643,0.208,4.0,3.0287,-0.0563,Dak Prescott
2021101710,373,1,DAL,NE,C,pass_forward,0.3451,0.3529,0.4155,2.3,2.4134,0.0626,Dak Prescott
2021101710,399,1,DAL,NE,C,pass_forward,0.3487,0.196,0.1204,4.5,2.2239,-0.0756,Dak Prescott
2021101710,444,1,DAL,NE,C,pass_forward,0.3645,0.3342,0.2569,4.2,1.8811,-0.0773,Dak Prescott
2021101710,497,1,DAL,NE,C,pass_forward,0.4383,0.3884,0.4961,3.0,2.2771,0.1077,Dak Prescott
2021101710,521,1,DAL,NE,C,pass_forward,0.6521,0.6582,0.6505,2.1,2.2822,-0.0077,Dak Prescott
2021101710,583,1,NE,DAL,C,pass_forward,0.3953,0.3237,0.1847,2.3,2.2005,-0.139,Mac Jones
2021101710,607,1,NE,DAL,C,pass_forward,0.3151,0.2623,0.5103,3.1,3.6913,0.248,Mac Jones
2021101710,663,1,NE,DAL,C,pass_forward,0.419,0.2658,0.3206,2.6,2.2097,0.0548,Mac Jones
2021101710,719,1,DAL,NE,C,pass_forward,0.2588,0.3556,0.1905,3.5,2.491,-0.1651,Dak Prescott
2021101710,775,0,DAL,NE,C,pass_forward,0.0742,0.0507,0.0389,1.7,3.2486,-0.0119,Dak Prescott
2021101710,799,0,DAL,NE,I,pass_forward,0.1441,0.2418,0.2411,5.1,1.0508,-0.0007,Dak Prescott
2021101710,825,0,DAL,NE,C,pass_forward,0.1501,0.1251,0.2013,2.8,4.168,0.0762,Dak Prescott
2021101710,926,1,DAL,NE,C,pass_forward,0.0986,0.0476,0.1039,5.7,1.7894,0.0563,Dak Prescott
2021101710,971,1,DAL,NE,C,pass_forward,0.2381,0.2128,0.3177,3.7,2.4398,0.1049,Dak Prescott
2021101710,1081,0,DAL,NE,I,pass_forward,0.1565,0.2885,0.163,2.9,0.5337,-0.1255,Dak Prescott
2021101710,1120,0,DAL,NE,IN,pass_forward,0.2829,0.2487,0.3356,2.6,2.7436,0.0869,Dak Prescott
2021101710,1202,1,NE,DAL,C,pass_forward,0.4589,0.5051,0.3222,3.2,1.8868,-0.1829,Mac Jones
2021101710,1283,0,NE,DAL,S,qb_strip_sack,0.1338,0.0498,0.0328,2.4,0.6918,-0.017,Mac Jones
2021101710,1312,0,DAL,NE,C,pass_forward,0.3181,0.4088,0.5197,3.6,2.6932,0.1109,Dak Prescott
2021101710,1379,1,DAL,NE,C,pass_forward,0.293,0.2976,0.2784,1.9,3.8873,-0.0192,Dak Prescott
2021101710,1479,0,DAL,NE,I,autoevent_passforward,0.1599,0.1547,0.2218,2.6,2.6764,0.0671,Dak Prescott
2021101710,1501,0,DAL,NE,I,pass_forward,0.1744,0.2377,0.2332,2.8,2.17,-0.0045,Dak Prescott
2021101710,1604,0,NE,DAL,C,pass_forward,0.37,0.3552,0.4672,2.1,2.1767,0.112,Mac Jones
2021101710,1645,0,NE,DAL,C,pass_forward,0.4431,0.4001,0.2117,2.3,1.3413,-0.1884,Mac Jones
2021101710,1717,0,DAL,NE,C,pass_forward,0.1636,0.2144,0.201,2.4,2.1898,-0.0133,Dak Prescott
2021101710,1746,1,DAL,NE,C,pass_forward,0.4278,0.437,0.4112,2.4,2.9174,-0.0258,Dak Prescott
2021101710,2113,0,NE,DAL,C,pass_forward,0.3559,0.3456,0.4134,3.1,1.987,0.0677,Mac Jones
2021101710,2137,0,NE,DAL,S,qb_sack,0.5168,0.5434,0.0329,2.5,0.1746,-0.5106,Mac Jones
2021101710,2211,0,DAL,NE,C,pass_forward,0.2504,0.378,0.3915,3.2,2.864,0.0135,Dak Prescott
2021101710,2235,0,DAL,NE,I,pass_forward,0.3641,0.3584,0.3791,3.0,1.8869,0.0207,Dak Prescott
2021101710,2331,0,NE,DAL,C,pass_forward,0.6469,0.6973,0.4704,2.6,1.254,-0.2269,Mac Jones
2021101710,2449,1,DAL,NE,C,pass_forward,0.118,0.1301,0.1656,3.5,1.2903,0.0355,Dak Prescott
2021101710,2499,1,DAL,NE,C,pass_forward,0.4329,0.3948,0.3404,6.3,4.5632,-0.0544,Dak Prescott
2021101710,2540,1,DAL,NE,C,pass_forward,0.3348,0.2479,0.3628,2.9,2.5505,0.1149,Dak Prescott
2021101710,2782,0,NE,DAL,C,pass_forward,0.3952,0.3535,0.3616,1.9,2.6382,0.0081,Mac Jones
2021101710,2806,0,NE,DAL,I,pass_forward,0.5808,0.5886,0.6376,1.9,4.0783,0.049,Mac Jones
2021101710,2890,1,DAL,NE,C,pass_forward,0.4665,0.4173,0.5144,3.2,4.0371,0.0971,Dak Prescott
2021101710,2919,1,DAL,NE,C,pass_forward,0.3271,0.2875,0.4451,3.5,2.4546,0.1576,Dak Prescott
2021101710,3006,1,DAL,NE,C,pass_forward,0.264,0.2209,0.1567,5.0,1.6929,-0.0642,Dak Prescott
2021101710,3052,0,DAL,NE,I,pass_forward,0.3016,0.312,0.2357,2.7,2.066,-0.0763,Dak Prescott
2021101710,3074,0,DAL,NE,I,pass_forward,0.3087,0.3404,0.3334,2.9,1.0689,-0.007,Dak Prescott
2021101710,3167,1,NE,DAL,C,pass_forward,0.5427,0.4785,0.4991,1.8,2.4261,0.0206,Mac Jones
2021101710,3276,0,NE,DAL,I,pass_forward,0.2674,0.3681,0.0329,2.7,0.3214,-0.3351,Mac Jones
2021101710,3319,1,NE,DAL,C,pass_forward,0.3792,0.3545,0.4094,3.6,4.4422,0.055,Mac Jones
2021101710,3549,0,DAL,NE,I,pass_forward,0.3649,0.3006,0.4374,3.8,2.6028,0.1368,Dak Prescott
2021101710,3673,0,DAL,NE,I,pass_forward,0.1749,0.1762,0.2566,2.7,3.0154,0.0804,Dak Prescott
2021101710,3695,0,DAL,NE,R,run,0.1852,0.203,0.168,4.0,2.7663,-0.035,Dak Prescott
2021101710,3807,0,NE,DAL,IN,pass_forward,0.1311,0.0667,0.0673,1.5,3.4083,0.0006,Mac Jones
2021101710,3874,1,NE,DAL,C,pass_forward,0.3114,0.232,0.3894,2.9,4.1859,0.1574,Mac Jones
2021101710,3935,0,DAL,NE,I,pass_forward,0.3114,0.28,0.3278,2.1,3.1551,0.0478,Dak Prescott
2021101710,3957,0,DAL,NE,C,pass_forward,0.2981,0.2714,0.2508,4.0,3.1008,-0.0206,Dak Prescott
2021101710,3998,0,DAL,NE,C,pass_forward,0.3637,0.4043,0.2789,3.0,1.6329,-0.1254,Dak Prescott
2021101710,4022,1,DAL,NE,C,pass_forward,0.5212,0.5512,0.3112,2.7,1.1971,-0.24,Dak Prescott
2021101710,4046,1,DAL,NE,C,pass_forward,0.2832,0.2318,0.3605,2.9,2.8101,0.1287,Dak Prescott
2021101710,4070,0,DAL,NE,I,pass_forward,0.3883,0.2715,0.3111,2.0,3.9461,0.0396,Dak Prescott
2021101710,4092,0,DAL,NE,I,pass_forward,0.3471,0.2604,0.3098,3.4,1.8111,0.0495,Dak Prescott
2021101710,4136,0,DAL,NE,C,pass_forward,0.1276,0.0342,0.0336,3.5,3.2541,-0.0006,Dak Prescott
2021101710,4271,0,NE,DAL,I,pass_forward,0.3121,0.3111,0.2522,2.0,3.8389,-0.0589,Mac Jones
2021101710,4293,1,NE,DAL,C,pass_forward,0.3133,0.3047,0.032,2.9,0.3808,-0.2728,Mac Jones
2021101710,4363,0,NE,DAL,I,pass_forward,0.5927,0.4828,0.5981,2.0,3.6898,0.1153,Mac Jones
2021101710,4429,1,DAL,NE,C,pass_forward,0.3009,0.2568,0.3485,4.5,1.1486,0.0917,Dak Prescott
2021101710,4470,0,DAL,NE,C,pass_forward,0.3491,0.2363,0.1586,2.6,2.588,-0.0777,Dak Prescott
2021101710,4494,1,DAL,NE,C,pass_forward,0.5538,0.5737,0.6378,2.1,3.6795,0.0641,Dak Prescott
2021101710,4563,1,DAL,NE,C,pass_forward,0.3522,0.3984,0.3712,3.4,2.0747,-0.0272,Dak Prescott
2021101711,126,0,PIT,SEA,C,pass_forward,0.3615,0.4091,0.4747,2.6,2.8987,0.0656,Ben Roethlisberger
2021101711,231,0,SEA,PIT,C,pass_forward,0.5066,0.6473,0.2327,3.0,1.1402,-0.4146,Geno Smith
2021101711,280,0,PIT,SEA,C,pass_forward,0.3098,0.2563,0.202,1.8,2.828,-0.0543,Ben Roethlisberger
2021101711,328,0,PIT,SEA,I,pass_forward,0.3206,0.3598,0.5137,3.3,3.9319,0.1538,Ben Roethlisberger
2021101711,378,0,PIT,SEA,C,pass_forward,0.3219,0.3589,0.3887,3.7,0.4238,0.0298,Ben Roethlisberger
2021101711,471,0,SEA,PIT,I,pass_forward,0.394,0.3806,0.402,2.7,1.4577,0.0213,Geno Smith
2021101711,493,1,SEA,PIT,C,pass_forward,0.3659,0.3829,0.4468,3.2,2.7241,0.0639,Geno Smith
2021101711,517,1,SEA,PIT,C,pass_forward,0.344,0.2784,0.294,6.5,1.5251,0.0156,Geno Smith
2021101711,594,0,SEA,PIT,I,pass_forward,0.4471,0.4426,0.3332,2.8,1.8146,-0.1095,Geno Smith
2021101711,660,0,PIT,SEA,C,pass_forward,0.3227,0.3541,0.4309,3.8,3.3704,0.0767,Ben Roethlisberger
2021101711,747,1,PIT,SEA,C,pass_forward,0.2657,0.3571,0.3067,2.7,2.3741,-0.0504,Ben Roethlisberger
2021101711,792,0,PIT,SEA,C,pass_forward,0.1211,0.2522,0.1854,2.2,2.9494,-0.0669,Ben Roethlisberger
2021101711,816,0,PIT,SEA,I,pass_forward,0.4132,0.4693,0.5153,2.2,2.6945,0.046,Ben Roethlisberger
2021101711,921,0,SEA,PIT,C,pass_forward,0.2271,0.176,0.1592,2.0,3.6249,-0.0168,Geno Smith
2021101711,945,0,SEA,PIT,I,pass_forward,0.6966,0.7422,0.6762,2.4,2.9229,-0.066,Geno Smith
2021101711,1032,1,PIT,SEA,C,pass_forward,0.4239,0.6003,0.5454,3.0,1.4819,-0.0548,Ben Roethlisberger
2021101711,1103,1,PIT,SEA,C,pass_forward,0.3024,0.1905,0.16,1.7,3.5809,-0.0305,Ben Roethlisberger
2021101711,1127,0,PIT,SEA,I,pass_forward,0.3381,0.3577,0.5244,2.1,4.2557,0.1667,Ben Roethlisberger
2021101711,1166,1,PIT,SEA,C,pass_forward,0.3648,0.2397,0.3481,1.8,3.758,0.1085,Ben Roethlisberger
2021101711,1229,1,SEA,PIT,C,pass_forward,0.4146,0.403,0.4884,2.6,2.1304,0.0855,Geno Smith
2021101711,1275,0,SEA,PIT,S,qb_sack,0.33,0.4094,0.036,4.4,0.2648,-0.3735,Geno Smith
2021101711,1294,0,SEA,PIT,I,pass_forward,0.0761,0.0577,0.0631,2.3,2.2393,0.0054,Geno Smith
2021101711,1320,0,SEA,PIT,C,pass_forward,0.0794,0.0692,0.1107,2.3,4.011,0.0416,Geno Smith
2021101711,1428,1,PIT,SEA,C,pass_forward,0.3721,0.3443,0.4695,3.9,2.1693,0.1252,Ben Roethlisberger
2021101711,1473,1,PIT,SEA,C,pass_forward,0.4451,0.4671,0.4443,2.2,3.0979,-0.0228,Ben Roethlisberger
2021101711,1529,0,PIT,SEA,C,pass_forward,0.3454,0.2652,0.153,2.5,2.3345,-0.1122,Ben Roethlisberger
2021101711,1693,1,PIT,SEA,C,pass_forward,0.5073,0.6745,0.6344,1.0,4.7348,-0.0401,Ben Roethlisberger
2021101711,1846,0,SEA,PIT,I,pass_forward,0.2517,0.2952,0.3755,2.0,3.8651,0.0803,Geno Smith
2021101711,1868,0,SEA,PIT,I,pass_forward,0.2651,0.2944,0.2133,6.4,1.575,-0.0811,Geno Smith
2021101711,1894,0,SEA,PIT,S,qb_sack,0.2789,0.3084,0.0359,3.6,0.1628,-0.2726,Geno Smith
2021101711,1949,0,PIT,SEA,C,pass_forward,0.2833,0.2627,0.2703,2.2,3.6482,0.0076,Ben Roethlisberger
2021101711,1978,0,PIT,SEA,I,pass_forward,0.352,0.3629,0.3717,2.6,2.1702,0.0088,Ben Roethlisberger
2021101711,2000,0,PIT,SEA,C,pass_forward,0.3443,0.3055,0.291,2.9,1.755,-0.0145,Ben Roethlisberger
2021101711,2436,1,PIT,SEA,C,pass_forward,0.5349,0.6649,0.4505,2.3,2.7577,-0.2143,Ben Roethlisberger
2021101711,2464,1,PIT,SEA,C,pass_forward,0.3255,0.4304,0.4666,3.5,1.7705,0.0362,Ben Roethlisberger
2021101711,2555,0,PIT,SEA,C,pass_forward,0.0709,0.1035,0.0592,1.9,4.7249,-0.0444,Ben Roethlisberger
2021101711,2579,0,PIT,SEA,C,pass_forward,0.2193,0.1501,0.1597,2.3,3.3852,0.0096,Ben Roethlisberger
2021101711,2739,1,SEA,PIT,C,pass_forward,0.4427,0.5072,0.5261,3.3,2.4603,0.0189,Geno Smith
2021101711,2879,0,PIT,SEA,C,pass_forward,0.2219,0.1498,0.2281,2.6,2.6475,0.0783,Ben Roethlisberger
2021101711,2903,0,PIT,SEA,I,pass_forward,0.416,0.4582,0.395,2.4,1.5608,-0.0633,Ben Roethlisberger
2021101711,2985,0,SEA,PIT,I,pass_forward,0.4387,0.4537,0.4565,2.4,2.5207,0.0028,Geno Smith
2021101711,3096,0,SEA,PIT,S,qb_sack,0.3661,0.3866,0.0219,5.4,0.1217,-0.3647,Geno Smith
2021101711,3424,1,PIT,SEA,C,pass_forward,0.3139,0.3298,0.3643,2.2,2.6035,0.0345,Ben Roethlisberger
2021101711,3472,0,PIT,SEA,I,pass_forward,0.3754,0.403,0.3967,4.2,1.4012,-0.0062,Ben Roethlisberger
2021101711,3494,0,PIT,SEA,I,pass_forward,0.361,0.434,0.4612,2.6,4.2443,0.0273,Ben Roethlisberger
2021101711,3653,1,PIT,SEA,C,pass_forward,0.5322,0.4435,0.4475,1.8,2.7528,0.004,Ben Roethlisberger
2021101711,3814,0,PIT,SEA,I,pass_forward,0.0993,0.1413,0.1563,3.0,4.0459,0.015,Ben Roethlisberger
2021101711,3836,0,PIT,SEA,C,pass_forward,0.0952,0.2385,0.224,3.9,1.6843,-0.0145,Ben Roethlisberger
2021101711,3917,0,SEA,PIT,C,pass_forward,0.2701,0.2669,0.2981,2.7,1.762,0.0312,Geno Smith
2021101711,3967,0,SEA,PIT,C,pass_forward,0.2925,0.2926,0.4056,2.5,2.1429,0.113,Geno Smith
2021101711,4008,0,SEA,PIT,C,pass_forward,0.5355,0.6089,0.6534,2.9,2.101,0.0445,Geno Smith
2021101711,4032,1,SEA,PIT,C,pass_forward,0.7197,0.7446,0.6517,2.4,3.24,-0.0929,Geno Smith
2021101711,4056,0,SEA,PIT,C,pass_forward,0.3431,0.2745,0.3485,2.3,2.8862,0.074,Geno Smith
2021101711,4131,1,SEA,PIT,C,pass_forward,0.6051,0.6427,0.7248,2.1,2.2804,0.0822,Geno Smith
2021101711,4327,1,SEA,PIT,C,pass_forward,0.4311,0.3436,0.4625,3.0,2.1072,0.1189,Geno Smith
2021101711,4372,0,SEA,PIT,C,pass_forward,0.1802,0.1061,0.0862,2.4,2.4849,-0.0199,Geno Smith
2021101711,4396,0,SEA,PIT,S,qb_sack,0.5592,0.6034,0.0318,3.3,0.2159,-0.5716,Geno Smith
2021101711,4461,0,PIT,SEA,C,pass_forward,0.4094,0.4449,0.444,1.5,4.6567,-0.0009,Ben Roethlisberger
2021101711,4485,0,PIT,SEA,C,pass_forward,0.5926,0.6719,0.4024,3.5,1.3952,-0.2695,Ben Roethlisberger
2021101711,4533,0,SEA,PIT,S,qb_strip_sack,0.3881,0.523,0.0734,4.5,0.9603,-0.4496,Geno Smith
2021101800,73,0,TEN,BUF,I,pass_forward,0.4061,0.3791,0.3234,3.8,2.1353,-0.0557,Ryan Tannehill
2021101800,161,0,TEN,BUF,I,pass_forward,0.1741,0.3897,0.1514,3.1,0.9214,-0.2383,Ryan Tannehill
2021101800,183,0,TEN,BUF,I,pass_forward,0.2286,0.3161,0.4414,2.8,3.1924,0.1253,Ryan Tannehill
2021101800,275,1,BUF,TEN,C,pass_forward,0.2726,0.2351,0.3201,2.4,2.8106,0.085,Josh Allen
2021101800,304,0,BUF,TEN,R,run,0.3206,0.3705,0.3287,4.2,2.6636,-0.0418,Josh Allen
2021101800,351,0,BUF,TEN,R,run,0.3192,0.3297,0.1141,5.8,2.126,-0.2157,Josh Allen
2021101800,462,0,BUF,TEN,C,pass_forward,0.3191,0.2199,0.1849,2.8,2.3195,-0.035,Josh Allen
2021101800,511,0,BUF,TEN,I,pass_forward,0.6012,0.6517,0.1978,9.1,2.767,-0.4538,Josh Allen
2021101800,628,0,TEN,BUF,I,pass_forward,0.439,0.3969,0.2197,6.3,1.837,-0.1772,Ryan Tannehill
2021101800,691,0,BUF,TEN,C,pass_forward,0.3802,0.2903,0.3535,2.0,4.2445,0.0632,Josh Allen
2021101800,742,0,BUF,TEN,S,qb_sack,0.3648,0.2886,0.0174,4.6,0.01,-0.2711,Josh Allen
2021101800,873,0,TEN,BUF,C,pass_forward,0.4342,0.4033,0.4081,2.0,2.4003,0.0048,Ryan Tannehill
2021101800,897,0,TEN,BUF,IN,pass_forward,0.5874,0.577,0.5814,2.8,1.8978,0.0044,Ryan Tannehill
2021101800,923,1,BUF,TEN,C,pass_forward,0.3286,0.3142,0.2727,4.8,2.403,-0.0414,Josh Allen
2021101800,987,1,BUF,TEN,C,pass_forward,0.5197,0.626,0.6964,3.2,1.9601,0.0704,Josh Allen
2021101800,1011,0,BUF,TEN,I,pass_forward,0.293,0.3056,0.4343,2.6,3.486,0.1287,Josh Allen
2021101800,1054,1,BUF,TEN,C,pass_forward,0.4277,0.4728,0.398,2.2,2.29,-0.0748,Josh Allen
2021101800,1194,0,BUF,TEN,I,pass_forward,0.2259,0.1956,0.2456,2.9,4.2676,0.05,Josh Allen
2021101800,1338,0,BUF,TEN,S,qb_sack,0.3681,0.3195,0.0244,4.2,0.4455,-0.2951,Josh Allen
2021101800,1368,0,BUF,TEN,C,pass_forward,0.3193,0.3226,0.298,2.0,4.5708,-0.0247,Josh Allen
2021101800,1397,1,BUF,TEN,C,pass_forward,0.4359,0.4529,0.5353,2.5,2.6369,0.0825,Josh Allen
2021101800,1421,1,BUF,TEN,C,pass_forward,0.2624,0.2879,0.3084,3.7,2.9035,0.0205,Josh Allen
2021101800,1449,0,BUF,TEN,C,pass_forward,0.22,0.1811,0.1582,2.0,1.716,-0.0228,Josh Allen
2021101800,1557,0,TEN,BUF,I,pass_forward,0.3505,0.2803,0.2046,4.2,1.7541,-0.0757,Ryan Tannehill
2021101800,1590,1,TEN,BUF,C,pass_forward,0.3458,0.3796,0.1549,5.0,1.6696,-0.2247,Ryan Tannehill
2021101800,1692,0,TEN,BUF,I,pass_forward,0.5275,0.4295,0.4584,3.4,2.5035,0.0289,Ryan Tannehill
2021101800,1757,0,BUF,TEN,IN,pass_forward,0.3062,0.2606,0.2514,3.3,1.5208,-0.0092,Josh Allen
2021101800,1902,0,BUF,TEN,I,pass_forward,0.2911,0.2297,0.0922,3.6,1.0404,-0.1375,Josh Allen
2021101800,1948,1,BUF,TEN,C,pass_forward,0.4674,0.4402,0.3932,3.5,1.8639,-0.047,Josh Allen
2021101800,2010,1,BUF,TEN,C,pass_forward,0.3969,0.3665,0.4841,2.9,4.0129,0.1176,Josh Allen
2021101800,2034,0,BUF,TEN,R,run,0.2827,0.3185,0.4043,3.3,1.3685,0.0858,Josh Allen
2021101800,2072,0,BUF,TEN,I,pass_forward,0.4694,0.3936,0.4105,3.9,1.9458,0.0169,Josh Allen
2021101800,2117,1,BUF,TEN,C,pass_forward,0.1944,0.1337,0.1534,4.5,1.8537,0.0197,Josh Allen
2021101800,2269,0,BUF,TEN,C,pass_forward,0.4143,0.34,0.2916,2.0,2.6691,-0.0484,Josh Allen
2021101800,2293,1,BUF,TEN,C,pass_forward,0.6048,0.5848,0.6899,2.0,4.4189,0.1052,Josh Allen
2021101800,2322,1,BUF,TEN,C,pass_forward,0.318,0.2974,0.3833,2.7,3.5617,0.0858,Josh Allen
2021101800,2346,1,BUF,TEN,C,pass_forward,0.256,0.315,0.4001,4.3,3.8931,0.0851,Josh Allen
2021101800,2412,0,BUF,TEN,I,pass_forward,0.4464,0.4369,0.4705,2.9,3.6143,0.0336,Josh Allen
2021101800,2486,0,TEN,BUF,C,pass_forward,0.3835,0.3507,0.53,2.9,1.9228,0.1793,Ryan Tannehill
2021101800,2531,0,TEN,BUF,I,pass_forward,0.338,0.3423,0.3444,2.4,2.0039,0.0021,Ryan Tannehill
2021101800,2620,0,TEN,BUF,I,pass_forward,0.3419,0.3229,0.0419,3.4,0.7382,-0.281,Ryan Tannehill
2021101800,2663,0,TEN,BUF,C,pass_forward,0.3227,0.3152,0.3915,2.8,2.5533,0.0762,Ryan Tannehill
2021101800,2687,1,TEN,BUF,C,pass_forward,0.6002,0.4648,0.3436,2.2,2.114,-0.1212,Ryan Tannehill
2021101800,2732,1,TEN,BUF,C,pass_forward,0.4999,0.4498,0.278,2.5,1.4644,-0.1718,Ryan Tannehill
2021101800,2761,0,TEN,BUF,I,pass_forward,0.584,0.4159,0.3782,2.3,2.6545,-0.0377,Ryan Tannehill
2021101800,2901,1,BUF,TEN,C,pass_forward,0.4247,0.4109,0.5143,2.4,2.8247,0.1033,Josh Allen
2021101800,2925,1,BUF,TEN,C,pass_forward,0.3675,0.317,0.5469,3.0,4.6383,0.23,Josh Allen
2021101800,2954,0,BUF,TEN,I,pass_forward,0.3358,0.3018,0.4116,2.8,4.3638,0.1097,Josh Allen
2021101800,2976,0,BUF,TEN,C,pass_forward,0.3307,0.3493,0.3888,2.8,1.9925,0.0395,Josh Allen
2021101800,3082,1,BUF,TEN,C,pass_forward,0.6633,0.7326,0.4649,2.7,2.163,-0.2677,Josh Allen
2021101800,3207,1,TEN,BUF,C,pass_forward,0.4725,0.5066,0.5632,2.6,3.571,0.0566,Ryan Tannehill
2021101800,3252,1,TEN,BUF,C,pass_forward,0.3776,0.3706,0.5476,2.5,2.0008,0.177,Ryan Tannehill
2021101800,3337,0,TEN,BUF,C,pass_forward,0.1334,0.053,0.0484,1.8,2.8474,-0.0047,Ryan Tannehill
2021101800,3361,0,TEN,BUF,C,pass_forward,0.2708,0.2321,0.2135,2.7,1.5576,-0.0186,Ryan Tannehill
2021101800,3419,0,BUF,TEN,C,pass_forward,0.3223,0.3187,0.4539,2.6,2.2528,0.1352,Josh Allen
2021101800,3470,1,BUF,TEN,C,pass_forward,0.5346,0.6204,0.6892,2.1,4.2218,0.0688,Josh Allen
2021101800,3524,0,BUF,TEN,I,pass_forward,0.0994,0.1104,0.1661,4.7,2.0125,0.0557,Josh Allen
2021101800,3550,0,BUF,TEN,I,pass_forward,0.0894,0.1278,0.2408,3.4,3.7514,0.113,Josh Allen
2021101800,3612,1,TEN,BUF,C,pass_forward,0.3384,0.2636,0.3978,3.1,2.2602,0.1342,Ryan Tannehill
2021101800,3636,1,TEN,BUF,C,pass_forward,0.3504,0.3658,0.4141,3.1,2.0259,0.0483,Ryan Tannehill
2021101800,3681,0,TEN,BUF,C,pass_forward,0.2489,0.2237,0.1971,3.1,2.5,-0.0266,Ryan Tannehill
2021101800,3705,1,TEN,BUF,C,pass_forward,0.5092,0.3793,0.4719,2.9,3.7569,0.0927,Ryan Tannehill
2021101800,3825,1,BUF,TEN,C,pass_forward,0.3192,0.3331,0.3841,3.1,1.8804,0.0511,Josh Allen
2021101800,3849,1,BUF,TEN,C,pass_forward,0.3283,0.2913,0.4103,2.8,3.111,0.119,Josh Allen
2021101800,3890,0,BUF,TEN,C,pass_forward,0.2954,0.2751,0.2146,1.8,2.6519,-0.0605,Josh Allen
2021101800,3914,1,BUF,TEN,C,pass_forward,0.5853,0.6616,0.386,4.8,1.8601,-0.2756,Josh Allen
2021101800,3976,0,BUF,TEN,I,pass_forward,0.3934,0.3571,0.2492,3.3,1.3025,-0.1079,Josh Allen
2021101800,3998,0,BUF,TEN,R,run,0.3454,0.3164,0.2759,3.0,2.5419,-0.0405,Josh Allen
2021102100,56,0,CLE,DEN,C,pass_forward,0.3217,0.3828,0.481,2.8,2.7777,0.0982,Case Keenum
2021102100,267,0,DEN,CLE,C,pass_forward,0.3645,0.4195,0.4144,2.4,2.3911,-0.0051,Teddy Bridgewater
2021102100,401,1,CLE,DEN,C,pass_forward,0.484,0.517,0.61,1.8,3.5297,0.093,Case Keenum
2021102100,435,0,CLE,DEN,C,pass_forward,0.2843,0.2188,0.1947,1.7,3.48,-0.0242,Case Keenum
2021102100,486,1,CLE,DEN,C,pass_forward,0.4428,0.5646,0.448,4.0,2.3713,-0.1167,Case Keenum
2021102100,535,0,CLE,DEN,I,pass_forward,0.7228,0.722,0.5846,4.2,2.4284,-0.1374,Case Keenum
2021102100,631,0,CLE,DEN,C,pass_forward,0.0784,0.068,0.0422,1.8,4.2484,-0.0258,Case Keenum
2021102100,655,0,CLE,DEN,R,run,0.2278,0.303,0.1493,4.6,0.9849,-0.1537,Case Keenum
2021102100,802,1,DEN,CLE,C,pass_forward,0.5982,0.53,0.629,2.2,2.9769,0.0991,Teddy Bridgewater
2021102100,890,0,DEN,CLE,IN,pass_forward,0.3539,0.4087,0.5552,3.4,1.8882,0.1464,Teddy Bridgewater
2021102100,1048,0,CLE,DEN,I,pass_forward,0.1534,0.1513,0.1355,1.7,4.1546,-0.0158,Case Keenum
2021102100,1070,0,CLE,DEN,I,pass_forward,0.1657,0.2216,0.3634,3.5,1.7263,0.1417,Case Keenum
2021102100,1205,0,DEN,CLE,C,pass_forward,0.4069,0.4751,0.4844,2.9,2.8279,0.0093,Teddy Bridgewater
2021102100,1292,0,CLE,DEN,C,pass_forward,0.4411,0.4257,0.4366,2.9,3.628,0.0109,Case Keenum
2021102100,1337,0,CLE,DEN,I,pass_forward,0.3175,0.5241,0.3085,3.0,2.028,-0.2156,Case Keenum
2021102100,1383,1,CLE,DEN,C,pass_forward,0.7823,0.8508,0.949,2.7,1.7492,0.0982,Case Keenum
2021102100,1439,0,CLE,DEN,I,pass_forward,0.1357,0.1989,0.132,2.4,3.128,-0.0669,Case Keenum
2021102100,1514,0,CLE,DEN,S,qb_sack,0.2375,0.253,0.0639,4.6,0.6307,-0.1891,Case Keenum
2021102100,1587,0,CLE,DEN,I,pass_forward,0.1817,0.2732,0.2376,2.1,2.8808,-0.0356,Case Keenum
2021102100,1673,0,DEN,CLE,I,pass_forward,0.4294,0.3718,0.1715,5.7,1.6211,-0.2002,Teddy Bridgewater
2021102100,1695,0,DEN,CLE,I,pass_forward,0.4136,0.3884,0.2372,5.9,0.3046,-0.1512,Teddy Bridgewater
2021102100,1753,0,CLE,DEN,C,pass_forward,0.3805,0.2785,0.1993,3.8,1.3738,-0.0792,Case Keenum
2021102100,1794,0,CLE,DEN,I,pass_forward,0.2669,0.2085,0.2265,2.5,3.362,0.018,Case Keenum
2021102100,1820,0,CLE,DEN,I,pass_forward,0.2982,0.3018,0.0371,5.6,0.1676,-0.2647,Case Keenum
2021102100,1966,0,DEN,CLE,C,pass_forward,0.2526,0.3506,0.2568,2.3,2.1779,-0.0938,Teddy Bridgewater
2021102100,2011,1,DEN,CLE,C,pass_forward,0.2309,0.2998,0.276,2.2,2.2376,-0.0238,Teddy Bridgewater
2021102100,2035,1,DEN,CLE,C,pass_forward,0.3251,0.4325,0.1857,3.5,2.2912,-0.2468,Teddy Bridgewater
2021102100,2106,1,DEN,CLE,C,pass_forward,0.6056,0.6308,0.4575,4.0,1.9513,-0.1733,Teddy Bridgewater
2021102100,2130,1,DEN,CLE,C,pass_forward,0.2786,0.3892,0.3079,2.0,2.9929,-0.0813,Teddy Bridgewater
2021102100,2175,1,DEN,CLE,C,pass_forward,0.3077,0.3757,0.3048,1.7,4.2619,-0.0709,Teddy Bridgewater
2021102100,2199,0,DEN,CLE,I,pass_forward,0.3657,0.3771,0.0731,2.8,0.7262,-0.304,Teddy Bridgewater
2021102100,2248,1,DEN,CLE,C,pass_forward,0.4255,0.3371,0.465,2.2,1.6337,0.1279,Teddy Bridgewater
2021102100,2357,0,CLE,DEN,C,pass_forward,0.1458,0.1573,0.1837,1.9,2.776,0.0264,Case Keenum
2021102100,2381,1,CLE,DEN,C,pass_forward,0.4572,0.4442,0.4814,3.1,3.3746,0.0372,Case Keenum
2021102100,2405,1,CLE,DEN,C,pass_forward,0.4148,0.3432,0.4196,3.5,2.5153,0.0764,Case Keenum
2021102100,2450,1,CLE,DEN,C,pass_forward,0.3512,0.3367,0.0312,3.2,0.2581,-0.3055,Case Keenum
2021102100,2484,0,CLE,DEN,I,pass_forward,0.4401,0.3327,0.1598,4.0,2.8533,-0.1729,Case Keenum
2021102100,2590,0,CLE,DEN,I,pass_forward,0.6154,0.5,0.0328,2.8,0.33,-0.4671,Case Keenum
2021102100,2612,1,CLE,DEN,R,run,0.4915,0.3683,0.3239,4.6,1.6347,-0.0445,Case Keenum
2021102100,2655,1,CLE,DEN,C,pass_forward,0.7066,0.6254,0.6104,2.1,2.5181,-0.015,Case Keenum
2021102100,2733,0,DEN,CLE,I,pass_forward,0.321,0.3819,0.3444,2.0,2.4937,-0.0375,Teddy Bridgewater
2021102100,2755,0,DEN,CLE,C,pass_forward,0.3393,0.2869,0.2234,1.7,3.3986,-0.0635,Teddy Bridgewater
2021102100,2798,0,DEN,CLE,S,qb_sack,0.4999,0.5359,0.5835,3.4,0.3883,0.0476,Teddy Bridgewater
2021102100,2990,0,CLE,DEN,I,pass_forward,0.4392,0.5075,0.5618,2.7,3.9692,0.0543,Case Keenum
2021102100,3103,0,DEN,CLE,I,pass_forward,0.2953,0.4571,0.5291,4.2,1.9285,0.0719,Teddy Bridgewater
2021102100,3125,0,DEN,CLE,C,pass_forward,0.294,0.2861,0.2629,1.9,2.836,-0.0232,Teddy Bridgewater
2021102100,3182,0,DEN,CLE,C,pass_forward,0.6058,0.5954,0.6789,2.6,2.8026,0.0835,Teddy Bridgewater
2021102100,3233,0,DEN,CLE,I,pass_forward,0.3306,0.4554,0.4328,4.2,2.2062,-0.0226,Teddy Bridgewater
2021102100,3255,0,DEN,CLE,C,pass_forward,0.2865,0.2931,0.5509,2.2,3.0495,0.2578,Teddy Bridgewater
2021102100,3304,1,DEN,CLE,C,pass_forward,0.7504,0.7481,0.7083,3.4,2.0649,-0.0398,Teddy Bridgewater
2021102100,3329,0,DEN,CLE,C,pass_forward,0.2326,0.24,0.2719,2.7,4.7967,0.0319,Teddy Bridgewater
2021102100,3370,1,DEN,CLE,C,autoevent_passforward,0.4231,0.4715,0.4171,1.8,2.5838,-0.0544,Teddy Bridgewater
2021102100,3394,0,DEN,CLE,I,pass_forward,0.1938,0.1379,0.1705,3.0,2.1695,0.0326,Teddy Bridgewater
2021102100,3416,0,DEN,CLE,I,pass_forward,0.2339,0.2431,0.2328,2.4,2.3231,-0.0103,Teddy Bridgewater
2021102100,3438,0,DEN,CLE,C,pass_forward,0.3057,0.2997,0.3803,2.5,2.3971,0.0806,Teddy Bridgewater
2021102100,3539,0,DEN,CLE,I,pass_forward,0.2243,0.1992,0.2267,2.4,2.6521,0.0275,Teddy Bridgewater
2021102100,3561,0,DEN,CLE,S,run,0.228,0.2394,0.0988,6.6,0.9808,-0.1406,Teddy Bridgewater
2021102100,3673,0,CLE,DEN,C,pass_forward,0.4605,0.372,0.3349,3.3,2.5979,-0.037,Case Keenum
2021102100,3756,1,CLE,DEN,C,pass_forward,0.7353,0.7713,0.6811,2.4,2.2615,-0.0902,Case Keenum
2021102400,56,0,CIN,BAL,I,pass_forward,0.3856,0.3773,0.2134,5.2,1.8883,-0.1639,Joe Burrow
2021102400,78,1,CIN,BAL,C,pass_forward,0.3634,0.3366,0.0502,2.2,0.792,-0.2865,Joe Burrow
2021102400,123,0,CIN,BAL,I,pass_forward,0.4434,0.3639,0.4072,2.3,3.5639,0.0433,Joe Burrow
2021102400,145,1,CIN,BAL,C,pass_forward,0.4463,0.3862,0.2744,4.2,1.2078,-0.1117,Joe Burrow
2021102400,169,0,CIN,BAL,I,pass_forward,0.2425,0.2919,0.2561,2.3,2.4836,-0.0358,Joe Burrow
2021102400,200,0,CIN,BAL,I,pass_forward,0.2706,0.2489,0.3097,2.3,2.3726,0.0608,Joe Burrow
2021102400,239,0,CIN,BAL,I,pass_forward,0.2507,0.2932,0.1742,3.0,1.1102,-0.119,Joe Burrow
2021102400,299,0,BAL,CIN,I,pass_forward,0.2625,0.3776,0.3863,2.1,3.3362,0.0087,Lamar Jackson
2021102400,321,1,BAL,CIN,R,run,0.2544,0.432,0.2644,3.6,1.5028,-0.1676,Lamar Jackson
2021102400,342,0,BAL,CIN,I,pass_forward,0.3412,0.2014,0.254,3.5,1.2567,0.0526,Lamar Jackson
2021102400,385,0,BAL,CIN,S,qb_sack,0.1371,0.1163,0.0384,5.3,0.4742,-0.0779,Lamar Jackson
2021102400,471,0,CIN,BAL,I,pass_forward,0.6558,0.6942,0.5077,2.9,1.3653,-0.1865,Joe Burrow
2021102400,493,1,CIN,BAL,C,pass_forward,0.6516,0.7563,0.7701,2.6,2.9259,0.0139,Joe Burrow
2021102400,540,0,CIN,BAL,C,pass_forward,0.2289,0.2515,0.143,5.8,1.336,-0.1085,Joe Burrow
2021102400,564,0,CIN,BAL,I,pass_forward,0.437,0.4503,0.3072,4.1,1.4187,-0.1431,Joe Burrow
2021102400,641,0,BAL,CIN,I,pass_forward,0.4977,0.4892,0.2015,3.1,0.8709,-0.2877,Lamar Jackson
2021102400,663,0,BAL,CIN,I,pass_forward,0.3253,0.5245,0.3285,3.6,1.4478,-0.196,Lamar Jackson
2021102400,731,0,CIN,BAL,C,pass_forward,0.1993,0.1882,0.245,2.5,2.2023,0.0567,Joe Burrow
2021102400,755,0,CIN,BAL,I,pass_forward,0.4231,0.3721,0.2458,2.9,1.7288,-0.1262,Joe Burrow
2021102400,802,1,BAL,CIN,C,pass_forward,0.3885,0.2611,0.205,5.8,2.3676,-0.0561,Lamar Jackson
2021102400,851,0,BAL,CIN,C,pass_forward,0.2316,0.195,0.2479,2.9,3.0514,0.0529,Lamar Jackson
2021102400,875,1,BAL,CIN,C,pass_forward,0.5215,0.4762,0.3869,3.2,1.4453,-0.0893,Lamar Jackson
2021102400,924,0,BAL,CIN,I,pass_forward,0.3143,0.3008,0.3023,2.4,1.5526,0.0015,Lamar Jackson
2021102400,973,0,BAL,CIN,I,pass_forward,0.2524,0.2035,0.0706,2.8,1.0113,-0.1329,Lamar Jackson
2021102400,1167,1,BAL,CIN,C,pass_forward,0.5702,0.5266,0.5624,3.4,4.1547,0.0358,Lamar Jackson
2021102400,1191,0,BAL,CIN,S,qb_sack,0.3823,0.4214,0.0189,4.5,0.1965,-0.4025,Lamar Jackson
2021102400,1213,0,BAL,CIN,S,qb_sack,0.3234,0.3111,0.0444,6.1,0.4272,-0.2668,Lamar Jackson
2021102400,1267,0,BAL,CIN,R,run,0.1075,0.0362,0.0296,3.4,1.44,-0.0066,Lamar Jackson
2021102400,1305,0,CIN,BAL,C,pass_forward,0.4302,0.4224,0.3147,1.8,2.319,-0.1077,Joe Burrow
2021102400,1340,1,CIN,BAL,C,pass_forward,0.3009,0.269,0.182,4.1,1.8947,-0.087,Joe Burrow
2021102400,1420,0,BAL,CIN,I,pass_forward,0.4082,0.3017,0.3686,3.4,2.6039,0.0669,Lamar Jackson
2021102400,1442,0,BAL,CIN,R,run,0.2948,0.3457,0.3116,5.7,1.3943,-0.0341,Lamar Jackson
2021102400,1463,1,BAL,CIN,R,run,0.5424,0.4712,0.2904,4.4,1.7203,-0.1807,Lamar Jackson
2021102400,1484,1,BAL,CIN,C,pass_forward,0.2986,0.3467,0.3528,4.2,1.7603,0.0061,Lamar Jackson
2021102400,1684,0,CIN,BAL,C,pass_forward,0.3003,0.3107,0.3729,2.4,2.2788,0.0623,Joe Burrow
2021102400,1708,1,CIN,BAL,C,pass_forward,0.5908,0.6007,0.2707,2.4,1.0837,-0.33,Joe Burrow
2021102400,1732,0,CIN,BAL,C,pass_forward,0.2957,0.248,0.3198,2.1,1.8204,0.0717,Joe Burrow
2021102400,1756,1,CIN,BAL,C,pass_forward,0.6057,0.6097,0.6072,2.1,2.6927,-0.0025,Joe Burrow
2021102400,1780,0,CIN,BAL,I,pass_forward,0.3474,0.3164,0.3497,2.5,2.8676,0.0333,Joe Burrow
2021102400,1825,1,CIN,BAL,C,pass_forward,0.3604,0.4119,0.3782,2.6,1.9624,-0.0338,Joe Burrow
2021102400,1849,0,CIN,BAL,C,pass_forward,0.2371,0.2131,0.241,2.1,3.234,0.0278,Joe Burrow
2021102400,1918,0,CIN,BAL,I,pass_forward,0.4886,0.6016,0.6168,1.9,2.9061,0.0151,Joe Burrow
2021102400,2055,1,BAL,CIN,C,pass_forward,0.3119,0.4135,0.3662,3.8,2.0288,-0.0473,Lamar Jackson
2021102400,2079,1,BAL,CIN,C,pass_forward,0.3447,0.3027,0.3082,3.6,2.1906,0.0055,Lamar Jackson
2021102400,2134,1,CIN,BAL,C,pass_forward,0.4618,0.3922,0.5091,2.3,2.1737,0.1169,Joe Burrow
2021102400,2179,1,CIN,BAL,C,pass_forward,0.4735,0.4728,0.4798,2.1,2.3282,0.007,Joe Burrow
2021102400,2210,1,CIN,BAL,C,pass_forward,0.325,0.3061,0.3216,2.1,3.0201,0.0155,Joe Burrow
2021102400,2273,1,BAL,CIN,C,pass_forward,0.2883,0.3137,0.3638,2.8,4.1116,0.0501,Lamar Jackson
2021102400,2297,0,BAL,CIN,I,pass_forward,0.4014,0.3149,0.4565,3.6,3.3539,0.1416,Lamar Jackson
2021102400,2388,0,BAL,CIN,I,pass_forward,0.394,0.4031,0.3156,1.8,3.786,-0.0875,Lamar Jackson
2021102400,2422,0,BAL,CIN,S,qb_sack,0.3603,0.5096,0.0201,4.4,0.4319,-0.4896,Lamar Jackson
2021102400,2477,0,CIN,BAL,C,pass_forward,0.44,0.3611,0.4472,2.2,2.8577,0.0861,Joe Burrow
2021102400,2522,1,CIN,BAL,C,pass_forward,0.5414,0.5306,0.6308,2.0,3.9167,0.1002,Joe Burrow
2021102400,2599,0,BAL,CIN,I,pass_forward,0.2891,0.3783,0.4391,3.1,2.6803,0.0608,Lamar Jackson
2021102400,2621,0,BAL,CIN,S,qb_sack,0.2756,0.3434,0.0327,6.2,0.7603,-0.3107,Lamar Jackson
2021102400,2641,0,BAL,CIN,C,pass_forward,0.1971,0.1727,0.2133,1.3,4.3063,0.0406,Lamar Jackson
2021102400,2690,1,CIN,BAL,C,pass_forward,0.3854,0.2849,0.4121,3.2,1.5044,0.1272,Joe Burrow
2021102400,2714,0,CIN,BAL,I,pass_forward,0.37,0.2915,0.334,2.3,2.2752,0.0425,Joe Burrow
2021102400,2760,1,CIN,BAL,C,pass_forward,0.3859,0.4461,0.4838,3.2,1.7822,0.0377,Joe Burrow
2021102400,2810,0,CIN,BAL,I,pass_forward,0.3208,0.3016,0.3471,2.4,2.4166,0.0455,Joe Burrow
2021102400,2832,1,CIN,BAL,C,pass_forward,0.314,0.3178,0.397,2.9,3.4368,0.0792,Joe Burrow
2021102400,2872,1,CIN,BAL,C,pass_forward,0.3244,0.3632,0.3767,2.8,1.9567,0.0135,Joe Burrow
2021102400,2901,0,CIN,BAL,S,qb_sack,0.226,0.2214,0.1832,4.1,0.2907,-0.0382,Joe Burrow
2021102400,2979,0,CIN,BAL,I,pass_forward,0.0812,0.0762,0.0899,2.9,3.5983,0.0137,Joe Burrow
2021102400,3001,0,CIN,BAL,IN,pass_forward,0.0732,0.0963,0.0899,2.2,2.045,-0.0064,Joe Burrow
2021102400,3028,0,BAL,CIN,R,run,0.3539,0.416,0.1428,4.7,1.2557,-0.2732,Lamar Jackson
2021102400,3070,0,BAL,CIN,I,pass_forward,0.7441,0.8117,0.759,3.8,2.5344,-0.0527,Lamar Jackson
2021102400,3152,0,BAL,CIN,C,pass_forward,0.128,0.0189,0.0328,4.1,1.4223,0.0139,Lamar Jackson
2021102400,3176,0,BAL,CIN,I,pass_forward,0.4815,0.429,0.1531,2.9,0.8907,-0.2759,Lamar Jackson
2021102400,3198,0,BAL,CIN,I,pass_forward,0.4217,0.5183,0.5227,2.1,3.2825,0.0044,Lamar Jackson
2021102400,3220,0,BAL,CIN,I,pass_forward,0.508,0.4991,0.3197,2.3,1.5754,-0.1793,Lamar Jackson
2021102400,3368,1,BAL,CIN,C,pass_forward,0.2777,0.3213,0.2752,3.5,1.517,-0.0461,Lamar Jackson
2021102400,3392,0,BAL,CIN,I,pass_forward,0.3492,0.3463,0.045,7.4,0.7554,-0.3013,Lamar Jackson
2021102400,3414,0,BAL,CIN,I,pass_forward,0.3292,0.346,0.3353,2.5,2.4629,-0.0106,Lamar Jackson
2021102400,3442,0,BAL,CIN,R,run,0.3405,0.3215,0.0661,6.9,0.4617,-0.2554,Lamar Jackson
2021102400,3526,0,BAL,CIN,C,pass_forward,0.1672,0.2531,0.28,5.7,1.7018,0.0269,Lamar Jackson
2021102400,3649,0,BAL,CIN,C,pass_forward,0.2778,0.3225,0.3284,2.2,3.8746,0.006,Tyler Huntley
2021102400,3683,0,BAL,CIN,I,pass_forward,0.2703,0.246,0.3018,2.9,1.5915,0.0558,Tyler Huntley
2021102400,3705,0,BAL,CIN,I,pass_forward,0.2703,0.2586,0.2548,6.7,1.8951,-0.0038,Tyler Huntley
2021102400,3843,1,BAL,CIN,C,pass_forward,0.2575,0.3631,0.2733,1.7,4.5004,-0.0898,Tyler Huntley
2021102400,3873,1,BAL,CIN,C,pass_forward,0.275,0.2899,0.2199,2.4,1.4345,-0.07,Tyler Huntley
2021102400,3897,0,BAL,CIN,C,pass_forward,0.2004,0.2492,0.3516,2.8,2.8837,0.1024,Tyler Huntley
2021102400,3925,1,BAL,CIN,C,pass_forward,0.5363,0.5982,0.6724,4.8,2.8356,0.0742,Tyler Huntley
2021102400,3949,0,BAL,CIN,I,pass_forward,0.2957,0.2706,0.3442,3.9,1.8233,0.0737,Tyler Huntley
2021102400,3971,0,BAL,CIN,I,pass_forward,0.3006,0.2786,0.1534,7.0,1.0678,-0.1251,Tyler Huntley
2021102400,3993,0,BAL,CIN,I,pass_forward,0.3006,0.2686,0.3322,3.8,1.5997,0.0636,Tyler Huntley
2021102400,4015,0,BAL,CIN,I,pass_forward,0.3103,0.2847,0.258,3.5,1.287,-0.0267,Tyler Huntley
2021102401,55,1,GB,WAS,C,pass_forward,0.3051,0.4344,0.5047,2.2,2.4111,0.0703,Aaron Rodgers
2021102401,124,1,GB,WAS,C,pass_forward,0.5802,0.5554,0.5379,2.8,2.2243,-0.0175,Aaron Rodgers
2021102401,148,0,GB,WAS,I,pass_forward,0.2874,0.3105,0.3383,2.1,3.613,0.0278,Aaron Rodgers
2021102401,170,1,GB,WAS,C,pass_forward,0.3373,0.3515,0.2742,1.7,1.9428,-0.0773,Aaron Rodgers
2021102401,215,0,GB,WAS,S,qb_sack,0.6592,0.6154,0.1291,4.2,0.2702,-0.4863,Aaron Rodgers
2021102401,234,1,GB,WAS,R,run,0.2063,0.2141,0.1639,4.6,1.1207,-0.0502,Aaron Rodgers
2021102401,300,0,GB,WAS,C,pass_forward,0.5652,0.5811,0.6449,3.3,3.839,0.0638,Aaron Rodgers
2021102401,324,1,GB,WAS,C,pass_forward,0.5649,0.4924,0.5012,4.9,3.2004,0.0088,Aaron Rodgers
2021102401,425,0,WAS,GB,C,pass_forward,0.3119,0.6237,0.6223,2.2,3.7752,-0.0013,Taylor Heinicke
2021102401,538,1,WAS,GB,C,pass_forward,0.2814,0.2827,0.3029,4.1,1.9898,0.0202,Taylor Heinicke
2021102401,562,1,WAS,GB,C,pass_forward,0.3054,0.3396,0.4805,3.9,0.6177,0.1409,Taylor Heinicke
2021102401,661,0,GB,WAS,S,qb_sack,0.391,0.3649,0.1817,4.2,0.5492,-0.1831,Aaron Rodgers
2021102401,827,0,WAS,GB,C,pass_forward,0.3981,0.3501,0.5153,3.4,3.6441,0.1652,Taylor Heinicke
2021102401,893,0,WAS,GB,R,run,0.3871,0.3561,0.3105,4.3,2.5483,-0.0456,Taylor Heinicke
2021102401,914,0,WAS,GB,I,pass_forward,0.4663,0.4404,0.4852,3.0,2.5224,0.0449,Taylor Heinicke
2021102401,959,1,GB,WAS,C,pass_forward,0.4862,0.3225,0.3144,3.7,2.2726,-0.0081,Aaron Rodgers
2021102401,983,0,GB,WAS,C,pass_forward,0.3266,0.2549,0.3333,2.7,1.4542,0.0784,Aaron Rodgers
2021102401,1007,1,GB,WAS,C,pass_forward,0.4331,0.2904,0.4268,3.1,3.7323,0.1363,Aaron Rodgers
2021102401,1055,1,GB,WAS,C,pass_forward,0.4739,0.4703,0.5082,2.4,3.6189,0.038,Aaron Rodgers
2021102401,1100,0,GB,WAS,S,qb_sack,0.2403,0.2974,0.128,3.8,0.41,-0.1693,Aaron Rodgers
2021102401,1119,0,GB,WAS,R,run,0.1581,0.1221,0.111,6.5,0.3499,-0.0112,Aaron Rodgers
2021102401,1140,0,GB,WAS,I,pass_forward,0.1798,0.1964,0.0284,5.9,0.2907,-0.168,Aaron Rodgers
2021102401,1202,1,WAS,GB,R,run,0.4009,0.3255,0.3567,3.2,0.9661,0.0312,Taylor Heinicke
2021102401,1268,0,WAS,GB,I,pass_forward,0.6354,0.434,0.3873,3.1,2.0357,-0.0466,Taylor Heinicke
2021102401,1290,0,WAS,GB,I,pass_forward,0.4891,0.4804,0.4555,3.1,1.5554,-0.0249,Taylor Heinicke
2021102401,1312,1,GB,WAS,C,pass_forward,0.3498,0.3838,0.5589,2.4,3.27,0.1752,Aaron Rodgers
2021102401,1383,0,GB,WAS,C,pass_forward,0.3282,0.3093,0.3665,1.8,4.9581,0.0572,Aaron Rodgers
2021102401,1407,1,GB,WAS,C,pass_forward,0.6378,0.5224,0.4945,4.5,2.5429,-0.0278,Aaron Rodgers
2021102401,1513,0,GB,WAS,C,pass_forward,0.1662,0.1412,0.2025,3.1,3.3202,0.0613,Aaron Rodgers
2021102401,1537,0,GB,WAS,I,pass_forward,0.4136,0.4399,0.4188,1.7,2.8448,-0.0211,Aaron Rodgers
2021102401,1578,1,GB,WAS,C,pass_forward,0.3914,0.4081,0.3993,1.6,2.572,-0.0088,Aaron Rodgers
2021102401,1762,0,WAS,GB,S,qb_strip_sack,0.5972,0.6157,0.0385,4.3,0.264,-0.5772,Taylor Heinicke
2021102401,1836,1,GB,WAS,C,pass_forward,0.5528,0.6064,0.625,2.5,2.7485,0.0185,Aaron Rodgers
2021102401,1899,1,WAS,GB,C,pass_forward,0.2038,0.2143,0.2312,4.8,2.2047,0.0169,Taylor Heinicke
2021102401,1955,0,WAS,GB,C,pass_forward,0.0709,0.0192,0.0148,2.1,4.4104,-0.0044,Taylor Heinicke
2021102401,1984,1,WAS,GB,C,pass_forward,0.1301,0.074,0.1153,4.8,1.688,0.0413,Taylor Heinicke
2021102401,2029,1,WAS,GB,C,pass_forward,0.3847,0.4859,0.5507,3.6,2.8518,0.0648,Taylor Heinicke
2021102401,2074,1,WAS,GB,C,pass_forward,0.4424,0.4081,0.4733,2.2,2.9376,0.0652,Taylor Heinicke
2021102401,2098,0,WAS,GB,R,run,0.3179,0.2658,0.1178,6.5,2.4329,-0.1479,Taylor Heinicke
2021102401,2145,1,WAS,GB,R,run,0.4368,0.3115,0.3158,2.7,2.9706,0.0043,Taylor Heinicke
2021102401,2381,0,GB,WAS,I,pass_forward,0.3638,0.2174,0.103,4.2,1.1595,-0.1144,Aaron Rodgers
2021102401,2403,0,GB,WAS,C,pass_forward,0.3363,0.2392,0.2325,3.4,2.8939,-0.0067,Aaron Rodgers
2021102401,2635,0,WAS,GB,I,pass_forward,0.4262,0.3737,0.1784,5.5,2.1916,-0.1953,Taylor Heinicke
2021102401,2657,0,WAS,GB,I,pass_forward,0.3892,0.3679,0.4411,2.1,3.5087,0.0732,Taylor Heinicke
2021102401,2744,1,GB,WAS,C,pass_forward,0.0474,0.0398,0.0746,1.9,4.0937,0.0348,Aaron Rodgers
2021102401,2837,1,GB,WAS,C,pass_forward,0.5224,0.505,0.5674,2.4,3.0816,0.0624,Aaron Rodgers
2021102401,2915,0,GB,WAS,I,pass_forward,0.1951,0.2282,0.3651,3.8,2.5145,0.137,Aaron Rodgers
2021102401,2989,0,GB,WAS,I,pass_forward,0.0436,0.2255,0.1876,7.4,1.6338,-0.0379,Aaron Rodgers
2021102401,3052,0,WAS,GB,I,pass_forward,0.2722,0.2133,0.0914,3.4,0.7228,-0.1219,Taylor Heinicke
2021102401,3074,1,WAS,GB,C,pass_forward,0.2786,0.2197,0.1486,2.9,1.0971,-0.0711,Taylor Heinicke
2021102401,3098,0,WAS,GB,C,pass_forward,0.2659,0.2384,0.335,2.5,3.0194,0.0966,Taylor Heinicke
2021102401,3122,1,WAS,GB,C,pass_forward,0.3979,0.4101,0.4508,2.7,3.0116,0.0407,Taylor Heinicke
2021102401,3178,0,WAS,GB,I,pass_forward,0.5723,0.5835,0.5776,2.6,1.9521,-0.0059,Taylor Heinicke
2021102401,3221,1,WAS,GB,C,pass_forward,0.2208,0.2713,0.1831,2.9,1.2281,-0.0882,Taylor Heinicke
2021102401,3245,0,WAS,GB,C,pass_forward,0.218,0.2218,0.0715,3.0,0.7355,-0.1503,Taylor Heinicke
2021102401,3298,0,WAS,GB,I,pass_forward,0.1459,0.2695,0.3291,3.1,3.6054,0.0596,Taylor Heinicke
2021102401,3320,0,WAS,GB,C,pass_forward,0.2099,0.2389,0.031,4.6,0.2907,-0.2079,Taylor Heinicke
2021102401,3344,0,WAS,GB,IN,pass_forward,0.3406,0.4156,0.4686,2.9,3.3752,0.0529,Taylor Heinicke
2021102401,3371,1,GB,WAS,C,pass_forward,0.3244,0.3477,0.306,3.1,1.7212,-0.0417,Aaron Rodgers
2021102401,3432,1,WAS,GB,C,pass_forward,0.1585,0.2812,0.3319,2.1,3.0194,0.0507,Taylor Heinicke
2021102401,3456,1,WAS,GB,C,pass_forward,0.1872,0.2127,0.2309,2.7,2.3078,0.0182,Taylor Heinicke
2021102401,3485,0,WAS,GB,S,qb_sack,0.1603,0.2313,0.2695,3.7,0.658,0.0382,Taylor Heinicke
2021102401,3504,0,WAS,GB,C,pass_forward,0.0866,0.0465,0.0486,2.2,3.3164,0.0021,Taylor Heinicke
2021102401,3528,0,WAS,GB,S,qb_sack,0.1661,0.1586,0.017,5.3,0.4206,-0.1416,Taylor Heinicke
2021102401,3743,1,WAS,GB,C,pass_forward,0.1574,0.2778,0.2707,3.2,2.5059,-0.007,Taylor Heinicke
2021102401,3788,0,WAS,GB,I,pass_forward,0.1968,0.3199,0.2893,2.8,1.4893,-0.0307,Taylor Heinicke
2021102401,3810,1,WAS,GB,C,pass_forward,0.2556,0.2775,0.3875,3.3,4.3003,0.11,Taylor Heinicke
2021102401,3839,0,WAS,GB,I,pass_forward,0.2049,0.262,0.3774,2.9,3.6745,0.1154,Taylor Heinicke
2021102401,3861,0,WAS,GB,C,pass_forward,0.2087,0.2643,0.334,2.8,3.7594,0.0696,Taylor Heinicke
2021102401,3885,0,WAS,GB,S,qb_sack,0.495,0.5239,0.023,4.9,0.4469,-0.501,Taylor Heinicke
2021102401,3904,1,WAS,GB,R,run,0.2326,0.1478,0.221,5.8,1.1964,0.0732,Taylor Heinicke
2021102401,3951,1,WAS,GB,C,pass_forward,0.3057,0.3026,0.4781,2.9,3.684,0.1755,Taylor Heinicke
2021102402,100,1,MIA,ATL,C,pass_forward,0.3567,0.4361,0.5133,3.0,3.4195,0.0771,Tua Tagovailoa
2021102402,181,1,MIA,ATL,C,pass_forward,0.489,0.5994,0.4638,2.4,2.7834,-0.1357,Tua Tagovailoa
2021102402,263,0,MIA,ATL,C,pass_forward,0.2527,0.2895,0.27,1.8,4.0154,-0.0196,Tua Tagovailoa
2021102402,287,0,MIA,ATL,C,pass_forward,0.4146,0.5187,0.3726,4.1,1.4989,-0.1461,Tua Tagovailoa
2021102402,382,1,MIA,ATL,C,pass_forward,0.4355,0.3173,0.2866,1.8,3.0522,-0.0307,Tua Tagovailoa
2021102402,459,0,ATL,MIA,C,pass_forward,0.3223,0.362,0.3235,2.2,2.0268,-0.0385,Matt Ryan
2021102402,483,0,ATL,MIA,I,pass_forward,0.1089,0.314,0.1799,7.4,1.6619,-0.1341,Matt Ryan
2021102402,535,0,MIA,ATL,I,pass_forward,0.3547,0.3876,0.4285,3.4,2.5403,0.0409,Tua Tagovailoa
2021102402,557,0,MIA,ATL,C,pass_forward,0.3241,0.4903,0.5583,3.0,2.1759,0.068,Tua Tagovailoa
2021102402,581,0,MIA,ATL,C,pass_forward,0.3436,0.3501,0.3187,2.6,1.8114,-0.0314,Tua Tagovailoa
2021102402,624,1,ATL,MIA,C,pass_forward,0.291,0.3785,0.4565,2.5,3.9013,0.078,Matt Ryan
2021102402,648,1,ATL,MIA,C,pass_forward,0.3388,0.2971,0.2594,3.1,2.545,-0.0376,Matt Ryan
2021102402,741,0,ATL,MIA,C,pass_forward,0.2912,0.2456,0.2284,2.2,3.9461,-0.0172,Matt Ryan
2021102402,786,0,ATL,MIA,S,qb_sack,0.2113,0.2385,0.0245,4.0,0.3636,-0.214,Matt Ryan
2021102402,852,0,ATL,MIA,C,pass_forward,0.0494,0.0807,0.0617,1.4,3.1082,-0.0189,Matt Ryan
2021102402,910,0,MIA,ATL,C,pass_forward,0.3427,0.2662,0.2202,2.1,3.464,-0.0459,Tua Tagovailoa
2021102402,934,1,MIA,ATL,R,run,0.4525,0.377,0.3317,3.0,1.8639,-0.0453,Tua Tagovailoa
2021102402,1000,1,MIA,ATL,C,pass_forward,0.4298,0.4667,0.5334,3.4,2.3335,0.0667,Tua Tagovailoa
2021102402,1048,0,MIA,ATL,I,pass_forward,0.4582,0.5093,0.5952,2.6,2.2901,0.0858,Tua Tagovailoa
2021102402,1145,0,ATL,MIA,I,pass_forward,0.3946,0.4011,0.3849,2.0,2.3614,-0.0163,Matt Ryan
2021102402,1167,1,ATL,MIA,C,pass_forward,0.3825,0.375,0.4719,3.3,2.4601,0.0969,Matt Ryan
2021102402,1191,0,ATL,MIA,C,pass_forward,0.3478,0.3808,0.3105,2.2,2.8541,-0.0704,Matt Ryan
2021102402,1215,1,ATL,MIA,C,pass_forward,0.3946,0.5439,0.5632,3.3,2.327,0.0194,Matt Ryan
2021102402,1260,1,ATL,MIA,C,pass_forward,0.341,0.3406,0.2602,2.4,2.6816,-0.0804,Matt Ryan
2021102402,1284,0,ATL,MIA,I,pass_forward,0.1799,0.2464,0.1555,2.1,1.1638,-0.0909,Matt Ryan
2021102402,1327,1,ATL,MIA,C,pass_forward,0.2427,0.3646,0.3485,3.4,2.3597,-0.0161,Matt Ryan
2021102402,1511,0,MIA,ATL,C,pass_forward,0.1303,0.1298,0.1246,2.0,4.2773,-0.0052,Tua Tagovailoa
2021102402,1601,1,MIA,ATL,C,pass_forward,0.2475,0.3031,0.3464,2.3,3.7707,0.0433,Tua Tagovailoa
2021102402,1646,0,MIA,ATL,IN,pass_forward,0.3135,0.3421,0.4468,2.5,2.7995,0.1047,Tua Tagovailoa
2021102402,1673,1,ATL,MIA,C,pass_forward,0.2712,0.4024,0.4358,2.8,1.9961,0.0334,Matt Ryan
2021102402,1713,0,ATL,MIA,C,pass_forward,0.2444,0.2986,0.2676,2.0,3.5048,-0.031,Matt Ryan
2021102402,1754,1,ATL,MIA,C,pass_forward,0.632,0.7296,0.7365,2.8,3.503,0.0069,Matt Ryan
2021102402,1795,0,ATL,MIA,C,pass_forward,0.168,0.258,0.2564,2.3,2.4042,-0.0016,Matt Ryan
2021102402,1824,0,ATL,MIA,C,pass_forward,0.3242,0.6069,0.5176,3.1,1.6086,-0.0893,Matt Ryan
2021102402,1949,1,ATL,MIA,C,pass_forward,0.2888,0.3323,0.3229,2.6,3.3956,-0.0094,Matt Ryan
2021102402,2002,1,ATL,MIA,C,pass_forward,0.3411,0.3702,0.4214,3.6,2.5674,0.0513,Matt Ryan
2021102402,2121,0,MIA,ATL,S,qb_sack,0.354,0.2965,0.1675,3.4,0.2059,-0.129,Tua Tagovailoa
2021102402,2140,0,MIA,ATL,C,pass_forward,0.0534,0.1949,0.1188,2.1,3.265,-0.076,Tua Tagovailoa
2021102402,2237,0,ATL,MIA,I,pass_forward,0.3728,0.4034,0.3148,2.5,3.336,-0.0886,Matt Ryan
2021102402,2259,0,ATL,MIA,C,pass_forward,0.3505,0.264,0.1692,2.6,1.4612,-0.0948,Matt Ryan
2021102402,2308,0,MIA,ATL,C,pass_forward,0.2735,0.2615,0.4182,2.9,3.5677,0.1566,Tua Tagovailoa
2021102402,2375,1,MIA,ATL,C,pass_forward,0.2807,0.2545,0.4476,3.2,3.4443,0.1931,Tua Tagovailoa
2021102402,2425,0,MIA,ATL,C,pass_forward,0.431,0.401,0.4114,2.1,2.7133,0.0104,Tua Tagovailoa
2021102402,2538,1,MIA,ATL,C,pass_forward,0.3648,0.278,0.2827,1.8,3.5652,0.0047,Tua Tagovailoa
2021102402,2594,0,ATL,MIA,I,pass_forward,0.408,0.2883,0.0965,4.6,1.7053,-0.1917,Matt Ryan
2021102402,2616,0,ATL,MIA,I,pass_forward,0.3181,0.2612,0.2149,6.1,2.1628,-0.0463,Matt Ryan
2021102402,2638,1,ATL,MIA,C,pass_forward,0.3348,0.2853,0.3522,3.3,3.4666,0.0669,Matt Ryan
2021102402,2683,1,ATL,MIA,C,pass_forward,0.43,0.3863,0.3134,2.9,2.6596,-0.0729,Matt Ryan
2021102402,2707,0,ATL,MIA,I,pass_forward,0.4048,0.2721,0.5239,2.7,2.6369,0.2518,Matt Ryan
2021102402,2733,0,ATL,MIA,I,pass_forward,0.3245,0.3137,0.3285,2.5,2.5345,0.0148,Matt Ryan
2021102402,2755,0,ATL,MIA,I,pass_forward,0.327,0.3085,0.3013,3.0,2.7599,-0.0073,Matt Ryan
2021102402,2811,0,MIA,ATL,C,pass_forward,0.343,0.2912,0.29,4.4,1.4401,-0.0012,Tua Tagovailoa
2021102402,2888,0,MIA,ATL,R,run,0.3106,0.3145,0.3238,3.9,1.8822,0.0093,Tua Tagovailoa
2021102402,2986,0,ATL,MIA,I,pass_forward,0.4285,0.3579,0.4452,2.7,2.3069,0.0873,Matt Ryan
2021102402,3008,0,ATL,MIA,IN,pass_forward,0.4269,0.3846,0.4562,3.0,2.1396,0.0716,Matt Ryan
2021102402,3034,0,MIA,ATL,IN,pass_forward,0.2489,0.2692,0.0602,2.9,0.405,-0.209,Tua Tagovailoa
2021102402,3081,0,ATL,MIA,C,pass_forward,0.3362,0.4201,0.4144,2.6,1.83,-0.0057,Matt Ryan
2021102402,3191,1,MIA,ATL,C,pass_forward,0.311,0.2204,0.4016,2.9,3.872,0.1811,Tua Tagovailoa
2021102402,3220,1,MIA,ATL,C,pass_forward,0.2541,0.2824,0.2602,3.9,2.1506,-0.0222,Tua Tagovailoa
2021102402,3244,0,MIA,ATL,C,pass_forward,0.2686,0.2168,0.301,2.6,2.6732,0.0842,Tua Tagovailoa
2021102402,3289,1,MIA,ATL,C,pass_forward,0.2285,0.1762,0.2919,2.8,2.8519,0.1157,Tua Tagovailoa
2021102402,3344,0,MIA,ATL,C,pass_forward,0.3425,0.3992,0.3401,1.8,3.7932,-0.0592,Tua Tagovailoa
2021102402,3368,1,MIA,ATL,R,run,0.3802,0.4319,0.3357,4.5,1.9326,-0.0962,Tua Tagovailoa
2021102402,3392,1,MIA,ATL,C,pass_forward,0.1846,0.3084,0.358,2.7,2.8778,0.0495,Tua Tagovailoa
2021102402,3490,0,ATL,MIA,I,pass_forward,0.3652,0.449,0.4718,2.1,3.4461,0.0227,Matt Ryan
2021102402,3512,1,ATL,MIA,C,pass_forward,0.4013,0.5609,0.5649,2.6,2.8119,0.004,Matt Ryan
2021102402,3578,0,ATL,MIA,I,pass_forward,0.3858,0.3238,0.2701,2.7,1.7226,-0.0536,Matt Ryan
2021102402,3842,0,MIA,ATL,I,pass_forward,0.0848,0.0649,0.0829,3.3,1.5521,0.018,Tua Tagovailoa
2021102402,3870,1,MIA,ATL,C,pass_forward,0.106,0.1185,0.1333,2.7,2.5022,0.0149,Tua Tagovailoa
2021102402,3922,1,MIA,ATL,C,pass_forward,0.3006,0.4839,0.3426,3.4,2.0612,-0.1413,Tua Tagovailoa
2021102402,3993,1,ATL,MIA,C,pass_forward,0.3149,0.2925,0.6051,3.4,2.7215,0.3126,Matt Ryan
2021102402,4035,1,ATL,MIA,C,pass_forward,0.3071,0.2636,0.1974,2.3,1.74,-0.0662,Matt Ryan
2021102403,286,0,NYJ,NE,S,qb_sack,0.4238,0.4415,0.0853,3.6,0.2484,-0.3562,Zach Wilson
2021102403,351,0,NE,NYJ,I,pass_forward,0.6989,0.6594,0.4111,2.9,2.3676,-0.2483,Mac Jones
2021102403,515,0,NYJ,NE,I,pass_forward,0.2696,0.3143,0.2198,4.4,1.8747,-0.0944,Zach Wilson
2021102403,537,0,NYJ,NE,I,pass_forward,0.2378,0.2928,0.133,3.4,1.1332,-0.1598,Zach Wilson
2021102403,559,1,NYJ,NE,C,pass_forward,0.2425,0.2945,0.3734,4.3,1.974,0.0789,Zach Wilson
2021102403,681,1,NYJ,NE,C,pass_forward,0.3344,0.4288,0.5072,2.0,3.6251,0.0785,Zach Wilson
2021102403,755,0,NYJ,NE,I,pass_forward,0.2867,0.3395,0.402,2.4,3.3254,0.0625,Zach Wilson
2021102403,797,0,NE,NYJ,I,pass_forward,0.3645,0.3691,0.2944,2.5,1.6347,-0.0746,Mac Jones
2021102403,819,1,NE,NYJ,C,pass_forward,0.315,0.4265,0.3788,3.1,2.158,-0.0477,Mac Jones
2021102403,948,0,NE,NYJ,I,pass_forward,0.1655,0.3364,0.4647,3.1,1.5059,0.1282,Mac Jones
2021102403,970,0,NE,NYJ,C,pass_forward,0.2614,0.1712,0.29,2.5,2.2521,0.1188,Mac Jones
2021102403,994,0,NE,NYJ,I,pass_forward,0.3696,0.4129,0.3969,3.1,3.16,-0.016,Mac Jones
2021102403,1066,0,NYJ,NE,C,pass_forward,0.2924,0.3278,0.2948,2.2,3.434,-0.0329,Zach Wilson
2021102403,1090,0,NYJ,NE,I,pass_forward,0.5436,0.5648,0.109,7.1,1.0431,-0.4557,Zach Wilson
2021102403,1112,1,NYJ,NE,C,pass_forward,0.4525,0.4918,0.3439,5.2,2.8182,-0.1479,Zach Wilson
2021102403,1268,1,NYJ,NE,C,pass_forward,0.4382,0.4852,0.3661,2.8,5.6424,-0.1191,Mike White
2021102403,1347,0,NE,NYJ,I,pass_forward,0.3691,0.3462,0.257,1.9,2.5786,-0.0892,Mac Jones
2021102403,1369,0,NE,NYJ,I,pass_forward,0.313,0.3138,0.0421,3.2,0.6859,-0.2717,Mac Jones
2021102403,1391,1,NE,NYJ,C,pass_forward,0.3166,0.3432,0.5108,2.7,3.5467,0.1676,Mac Jones
2021102403,1436,0,NE,NYJ,C,pass_forward,0.4015,0.3006,0.306,3.7,2.5266,0.0055,Mac Jones
2021102403,1481,0,NE,NYJ,I,pass_forward,0.2888,0.2948,0.5021,2.7,2.4011,0.2073,Mac Jones
2021102403,1524,1,NE,NYJ,R,run,0.301,0.3036,0.257,4.6,3.3374,-0.0467,Mac Jones
2021102403,1573,0,NE,NYJ,I,pass_forward,0.2398,0.391,0.3608,1.8,2.4459,-0.0303,Mac Jones
2021102403,1712,1,NYJ,NE,C,pass_forward,0.6165,0.5518,0.5071,3.8,2.4459,-0.0446,Mike White
2021102403,1741,1,NYJ,NE,C,pass_forward,0.3609,0.323,0.3654,3.5,2.2835,0.0424,Mike White
2021102403,1791,0,NYJ,NE,C,pass_forward,0.5841,0.5184,0.597,1.8,2.8246,0.0785,Mike White
2021102403,1874,1,NE,NYJ,C,pass_forward,0.3484,0.3356,0.4706,2.9,2.3633,0.135,Mac Jones
2021102403,1898,0,NE,NYJ,I,pass_forward,0.2693,0.3095,0.3512,1.9,4.4114,0.0417,Mac Jones
2021102403,1920,0,NE,NYJ,C,pass_forward,0.2698,0.327,0.4183,2.4,3.2112,0.0913,Mac Jones
2021102403,2074,1,NE,NYJ,C,pass_forward,0.4448,0.4513,0.5589,2.5,3.2175,0.1076,Mac Jones
2021102403,2141,0,NE,NYJ,C,pass_forward,0.1928,0.1707,0.1328,1.9,4.0846,-0.0379,Mac Jones
2021102403,2203,1,NE,NYJ,C,pass_forward,0.3015,0.4214,0.5184,2.2,3.3846,0.097,Mac Jones
2021102403,2271,0,NYJ,NE,I,pass_forward,0.3929,0.2618,0.404,2.6,4.9478,0.1421,Mike White
2021102403,2293,0,NYJ,NE,S,qb_sack,0.3502,0.2646,0.03,5.7,0.2285,-0.2346,Mike White
2021102403,2357,0,NYJ,NE,I,pass_forward,0.2626,0.2797,0.5273,2.4,3.5558,0.2476,Mike White
2021102403,2405,1,NYJ,NE,C,pass_forward,0.533,0.5433,0.6175,2.9,2.4472,0.0743,Mike White
2021102403,2429,1,NYJ,NE,C,pass_forward,0.2428,0.3568,0.3726,2.9,4.4216,0.0158,Mike White
2021102403,2453,0,NYJ,NE,C,pass_forward,0.2898,0.3491,0.3991,3.0,2.6687,0.0499,Mike White
2021102403,2598,0,NE,NYJ,C,pass_forward,0.2596,0.2872,0.4034,2.9,2.4397,0.1162,Mac Jones
2021102403,2650,1,NE,NYJ,C,pass_forward,0.3927,0.4781,0.3557,1.9,2.6663,-0.1224,Mac Jones
2021102403,2679,0,NE,NYJ,C,pass_forward,0.3746,0.37,0.5629,3.5,2.3618,0.1929,Mac Jones
2021102403,2786,0,NE,NYJ,S,qb_sack,0.5099,0.5587,0.0216,2.1,0.4428,-0.5371,Mac Jones
2021102403,2839,0,NYJ,NE,C,pass_forward,0.2371,0.2864,0.3271,2.7,2.5497,0.0408,Mike White
2021102403,2863,0,NYJ,NE,I,pass_forward,0.4415,0.535,0.527,2.3,3.3665,-0.008,Mike White
2021102403,2885,1,NYJ,NE,C,pass_forward,0.3967,0.5154,0.5512,2.5,4.4306,0.0358,Mike White
2021102403,2909,0,NYJ,NE,C,pass_forward,0.2362,0.3146,0.3661,2.8,2.9625,0.0515,Mike White
2021102403,2959,0,NYJ,NE,IN,pass_forward,0.2813,0.2813,0.408,2.5,2.2062,0.1267,Mike White
2021102403,3041,0,NE,NYJ,R,run,0.3885,0.3804,0.4043,4.0,1.9504,0.0238,Mac Jones
2021102403,3062,0,NE,NYJ,I,pass_forward,0.5471,0.5538,0.3454,4.4,1.6101,-0.2084,Mac Jones
2021102403,3125,0,NYJ,NE,C,pass_forward,0.1735,0.2477,0.3171,2.5,2.1273,0.0694,Mike White
2021102403,3185,0,NYJ,NE,I,pass_forward,0.2304,0.3422,0.2452,3.5,1.9302,-0.097,Mike White
2021102403,3207,0,NYJ,NE,IN,pass_forward,0.2253,0.3125,0.3001,2.9,2.8771,-0.0124,Mike White
2021102403,3308,0,NE,NYJ,C,pass_forward,0.264,0.4038,0.4382,1.9,4.044,0.0343,Mac Jones
2021102403,3332,1,NE,NYJ,C,pass_forward,0.4186,0.4667,0.4992,2.9,3.0821,0.0326,Mac Jones
2021102403,3418,1,NYJ,NE,C,pass_forward,0.3321,0.3648,0.2374,2.1,2.3793,-0.1275,Mike White
2021102403,3452,0,NYJ,NE,I,pass_forward,0.3036,0.3181,0.2852,2.4,1.8978,-0.0329,Mike White
2021102403,3474,0,NYJ,NE,I,pass_forward,0.3041,0.3074,0.2375,3.4,2.3063,-0.0698,Mike White
2021102403,3496,1,NYJ,NE,C,pass_forward,0.268,0.3014,0.2058,3.8,1.6405,-0.0956,Mike White
2021102403,3525,0,NYJ,NE,I,pass_forward,0.3032,0.2876,0.3277,2.0,4.4831,0.0401,Mike White
2021102403,3559,0,NYJ,NE,C,pass_forward,0.2567,0.2746,0.246,1.7,3.4919,-0.0286,Mike White
2021102403,3588,0,NYJ,NE,I,pass_forward,0.4917,0.5775,0.6122,2.3,3.5089,0.0347,Mike White
2021102403,3610,0,NYJ,NE,I,pass_forward,0.5212,0.571,0.4691,2.5,1.695,-0.1019,Mike White
2021102403,3653,0,NE,NYJ,C,pass_forward,0.1719,0.2187,0.185,3.2,4.8621,-0.0337,Mac Jones
2021102403,3682,1,NE,NYJ,C,pass_forward,0.4754,0.5394,0.4845,2.6,3.2937,-0.0548,Mac Jones
2021102403,3777,0,NYJ,NE,C,pass_forward,0.3393,0.234,0.3092,2.3,3.3798,0.0752,Mike White
2021102403,3822,0,NYJ,NE,C,pass_forward,0.3246,0.3476,0.2808,3.1,1.7051,-0.0669,Mike White
2021102403,3846,0,NYJ,NE,I,pass_forward,0.4934,0.3957,0.3613,2.0,2.5185,-0.0344,Mike White
2021102403,3868,0,NYJ,NE,C,pass_forward,0.4361,0.3919,0.6068,2.9,3.821,0.2149,Mike White
2021102403,3922,0,NE,NYJ,I,pass_forward,0.2654,0.4356,0.53,2.0,2.4856,0.0944,Brian Hoyer
2021102403,3971,1,NE,NYJ,C,pass_forward,0.5152,0.5502,0.5663,3.4,2.5049,0.016,Brian Hoyer
2021102403,4039,1,NE,NYJ,C,pass_forward,0.1086,0.0657,0.0598,2.3,1.2802,-0.0059,Brian Hoyer
2021102403,4198,0,NYJ,NE,C,pass_forward,0.3697,0.3259,0.2751,2.7,1.3463,-0.0509,Mike White
2021102403,4222,1,NYJ,NE,C,pass_forward,0.6782,0.553,0.446,3.2,1.6313,-0.1071,Mike White
2021102404,108,0,CAR,NYG,C,pass_forward,0.488,0.5914,0.2818,6.3,0.8453,-0.3096,Sam Darnold
2021102404,242,1,CAR,NYG,C,pass_forward,0.4558,0.4616,0.3323,3.0,1.442,-0.1293,Sam Darnold
2021102404,266,0,CAR,NYG,I,pass_forward,0.3874,0.369,0.2573,1.7,2.68,-0.1117,Sam Darnold
2021102404,328,0,CAR,NYG,C,pass_forward,0.4301,0.3693,0.1113,3.0,0.9886,-0.258,Sam Darnold
2021102404,417,1,NYG,CAR,C,pass_forward,0.3166,0.257,0.3256,2.2,2.956,0.0686,Daniel Jones
2021102404,573,0,CAR,NYG,C,pass_forward,0.2187,0.1808,0.1521,1.8,2.9104,-0.0287,Sam Darnold
2021102404,597,0,CAR,NYG,I,pass_forward,0.3772,0.3389,0.1483,3.1,1.0435,-0.1906,Sam Darnold
2021102404,650,1,NYG,CAR,C,pass_forward,0.3962,0.3404,0.4386,3.0,2.3093,0.0982,Daniel Jones
2021102404,742,0,NYG,CAR,C,pass_forward,0.2803,0.1766,0.2082,3.0,1.8402,0.0315,Daniel Jones
2021102404,782,1,NYG,CAR,C,pass_forward,0.4929,0.8128,0.5283,2.4,2.0271,-0.2845,Daniel Jones
2021102404,858,0,NYG,CAR,I,pass_forward,0.6395,0.4438,0.1358,3.9,1.3994,-0.308,Daniel Jones
2021102404,964,0,CAR,NYG,I,pass_forward,0.2459,0.1568,0.1952,2.8,1.57,0.0384,Sam Darnold
2021102404,986,0,CAR,NYG,I,pass_forward,0.2398,0.3008,0.1873,2.4,1.1809,-0.1135,Sam Darnold
2021102404,1065,1,NYG,CAR,C,pass_forward,0.3735,0.3474,0.3315,1.8,2.5301,-0.0159,Daniel Jones
2021102404,1148,0,NYG,CAR,I,pass_forward,0.4408,0.4404,0.3672,2.4,2.0463,-0.0731,Daniel Jones
2021102404,1170,0,NYG,CAR,I,pass_forward,0.4268,0.462,0.513,2.1,3.2163,0.0511,Daniel Jones
2021102404,1278,0,CAR,NYG,I,pass_forward,0.4706,0.5937,0.2203,3.3,1.0309,-0.3735,Sam Darnold
2021102404,1325,1,NYG,CAR,C,pass_forward,0.4138,0.4279,0.465,2.4,2.0471,0.0371,Daniel Jones
2021102404,1415,0,NYG,CAR,C,pass_forward,0.1969,0.1654,0.2452,2.4,2.7225,0.0799,Daniel Jones
2021102404,1471,0,NYG,CAR,S,qb_sack,0.3296,0.3337,0.0155,2.9,0.3202,-0.3182,Daniel Jones
2021102404,1515,0,CAR,NYG,C,pass_forward,0.3418,0.2684,0.2831,4.0,2.5631,0.0147,Sam Darnold
2021102404,1560,1,CAR,NYG,C,pass_forward,0.6245,0.6199,0.4409,4.4,2.306,-0.179,Sam Darnold
2021102404,1584,1,CAR,NYG,C,pass_forward,0.3526,0.3207,0.4949,2.7,2.1841,0.1742,Sam Darnold
2021102404,1653,1,CAR,NYG,C,pass_forward,0.3413,0.3426,0.2444,2.7,2.8302,-0.0982,Sam Darnold
2021102404,1731,0,CAR,NYG,IN,pass_forward,0.0739,0.0381,0.0347,3.4,2.5715,-0.0034,Sam Darnold
2021102404,1799,1,NYG,CAR,C,pass_forward,0.3892,0.3721,0.2812,1.9,3.5331,-0.0909,Daniel Jones
2021102404,1856,1,NYG,CAR,C,pass_forward,0.2945,0.4417,0.5548,2.3,4.3451,0.1131,Daniel Jones
2021102404,1897,0,NYG,CAR,C,pass_forward,0.2883,0.3232,0.2122,2.1,2.1215,-0.111,Daniel Jones
2021102404,1921,0,NYG,CAR,I,pass_forward,0.3572,0.3602,0.2253,2.5,1.2753,-0.1348,Daniel Jones
2021102404,2035,0,CAR,NYG,S,qb_sack,0.4057,0.4066,0.0319,6.8,0.6544,-0.3747,Sam Darnold
2021102404,2071,0,CAR,NYG,C,pass_forward,0.3125,0.09,0.0725,2.4,3.1694,-0.0175,Sam Darnold
2021102404,2095,0,CAR,NYG,I,pass_forward,0.5456,0.3406,0.5785,5.3,1.9737,0.2378,Sam Darnold
2021102404,2208,0,NYG,CAR,I,pass_forward,0.3901,0.3544,0.4346,2.5,1.7184,0.0802,Daniel Jones
2021102404,2263,0,NYG,CAR,S,qb_sack,0.3022,0.2904,0.0607,4.4,0.4675,-0.2297,Daniel Jones
2021102404,2321,1,CAR,NYG,C,pass_forward,0.2582,0.2466,0.2243,1.8,2.7901,-0.0223,Sam Darnold
2021102404,2345,0,CAR,NYG,C,pass_forward,0.2962,0.3326,0.2844,3.7,1.4492,-0.0482,Sam Darnold
2021102404,2470,0,NYG,CAR,I,pass_forward,0.2039,0.175,0.1246,1.9,2.9682,-0.0504,Daniel Jones
2021102404,2557,0,CAR,NYG,C,pass_forward,0.3638,0.3198,0.2327,1.7,2.557,-0.0871,Sam Darnold
2021102404,2602,0,CAR,NYG,I,pass_forward,0.557,0.6601,0.5633,2.5,2.2214,-0.0968,Sam Darnold
2021102404,2652,1,NYG,CAR,C,pass_forward,0.3546,0.3667,0.2039,5.2,1.1709,-0.1627,Daniel Jones
2021102404,2705,0,NYG,CAR,C,pass_forward,0.1741,0.1602,0.1577,1.9,2.8366,-0.0025,Daniel Jones
2021102404,2729,1,NYG,CAR,C,pass_forward,0.1989,0.2478,0.2571,4.3,1.2526,0.0093,Daniel Jones
2021102404,2888,1,NYG,CAR,C,pass_forward,0.534,0.5497,0.4976,2.0,2.9174,-0.052,Daniel Jones
2021102404,2980,0,CAR,NYG,I,pass_forward,0.3452,0.3374,0.458,3.4,1.4734,0.1206,Sam Darnold
2021102404,3031,0,CAR,NYG,S,run,0.2785,0.3121,0.1284,7.5,1.5708,-0.1837,Sam Darnold
2021102404,3102,0,NYG,CAR,C,pass_forward,0.3565,0.3678,0.3209,3.2,2.15,-0.0469,Daniel Jones
2021102404,3147,0,NYG,CAR,I,pass_forward,0.3468,0.3616,0.4626,3.8,4.0482,0.1009,Daniel Jones
2021102404,3173,0,NYG,CAR,I,pass_forward,0.3299,0.3769,0.1739,3.1,1.0218,-0.2031,Daniel Jones
2021102404,3212,0,NYG,CAR,C,pass_forward,0.3159,0.4113,0.4175,2.8,4.0212,0.0062,Daniel Jones
2021102404,3344,0,CAR,NYG,I,pass_forward,0.104,0.0285,0.0255,2.5,3.2468,-0.003,Phillip Walker
2021102404,3366,0,CAR,NYG,S,qb_sack,0.1025,0.0407,0.1241,5.1,1.0633,0.0834,Phillip Walker
2021102404,3529,0,NYG,CAR,I,pass_forward,0.3833,0.3525,0.1995,3.9,2.3632,-0.153,Daniel Jones
2021102404,3572,1,NYG,CAR,C,pass_forward,0.3299,0.369,0.4034,2.5,3.6301,0.0344,Daniel Jones
2021102404,3617,0,NYG,CAR,I,pass_forward,0.1699,0.3639,0.2417,2.4,2.013,-0.1222,Daniel Jones
2021102404,3694,0,CAR,NYG,I,pass_forward,0.2648,0.2996,0.4625,2.7,3.8338,0.1629,Phillip Walker
2021102404,3716,0,CAR,NYG,I,pass_forward,0.2717,0.3133,0.1124,2.8,0.8032,-0.2009,Phillip Walker
2021102404,3738,0,CAR,NYG,S,qb_sack,0.3232,0.2678,0.2275,5.0,0.2864,-0.0403,Phillip Walker
2021102404,3757,0,CAR,NYG,I,pass_forward,0.1643,0.2329,0.4741,4.4,1.6568,0.2412,Phillip Walker
2021102404,3856,1,CAR,NYG,C,pass_forward,0.6039,0.5615,0.6063,1.7,3.3682,0.0448,Phillip Walker
2021102404,3880,0,CAR,NYG,I,pass_forward,0.2941,0.2884,0.4535,3.3,3.9944,0.1651,Phillip Walker
2021102404,3902,0,CAR,NYG,I,pass_forward,0.2991,0.3148,0.0634,3.1,0.8276,-0.2514,Phillip Walker
2021102404,3924,0,CAR,NYG,I,pass_forward,0.2957,0.339,0.4292,3.3,2.9914,0.0902,Phillip Walker
2021102404,3946,1,CAR,NYG,R,run,0.3029,0.2835,0.4817,3.9,2.4107,0.1982,Phillip Walker
2021102404,3967,1,CAR,NYG,C,pass_forward,0.267,0.2367,0.3489,2.6,2.7295,0.1122,Phillip Walker
2021102404,3996,0,CAR,NYG,I,pass_forward,0.2796,0.1985,0.2202,3.2,2.1396,0.0217,Phillip Walker
2021102404,4018,0,CAR,NYG,I,pass_forward,0.3073,0.3481,0.3655,2.7,3.0327,0.0175,Phillip Walker
2021102404,4040,0,CAR,NYG,I,pass_forward,0.2247,0.2826,0.213,2.5,1.2932,-0.0695,Phillip Walker
2021102404,4074,0,CAR,NYG,S,qb_sack,0.2308,0.3472,0.3798,4.0,1.476,0.0325,Phillip Walker
2021102405,64,1,TEN,KC,C,pass_forward,0.3026,0.3779,0.4563,2.7,2.3279,0.0784,Ryan Tannehill
2021102405,109,1,TEN,KC,C,pass_forward,0.5066,0.4493,0.4899,3.5,2.579,0.0405,Ryan Tannehill
2021102405,192,0,TEN,KC,C,pass_forward,0.21,0.1748,0.1154,1.8,2.4729,-0.0594,Ryan Tannehill
2021102405,360,1,KC,TEN,C,pass_forward,0.3836,0.4163,0.4502,1.5,4.6042,0.0339,Patrick Mahomes
2021102405,389,0,KC,TEN,C,pass_forward,0.3177,0.2341,0.3343,2.0,5.0822,0.1002,Patrick Mahomes
2021102405,457,0,KC,TEN,C,pass_forward,0.168,0.1294,0.1374,2.7,2.6299,0.008,Patrick Mahomes
2021102405,481,0,KC,TEN,R,run,0.3566,0.388,0.12,5.8,2.0815,-0.268,Patrick Mahomes
2021102405,507,0,KC,TEN,S,qb_strip_sack,0.45,0.3846,0.0218,4.0,0.372,-0.3628,Patrick Mahomes
2021102405,661,1,TEN,KC,C,pass_forward,0.302,0.3402,0.4847,3.2,2.452,0.1445,Ryan Tannehill
2021102405,826,1,TEN,KC,C,pass_forward,0.3489,0.4066,0.41,1.9,1.8565,0.0034,Ryan Tannehill
2021102405,903,0,KC,TEN,I,pass_forward,0.233,0.3985,0.3022,2.8,2.2748,-0.0963,Patrick Mahomes
2021102405,965,0,KC,TEN,I,pass_forward,0.1908,0.3262,0.0516,5.6,0.0728,-0.2746,Patrick Mahomes
2021102405,1050,0,TEN,KC,C,pass_forward,0.1398,0.0975,0.0912,1.6,3.5277,-0.0063,Ryan Tannehill
2021102405,1074,1,TEN,KC,R,run,0.5322,0.5589,0.6525,3.3,1.7477,0.0936,Ryan Tannehill
2021102405,1182,1,TEN,KC,C,pass_forward,0.3899,0.4356,0.441,2.2,1.8942,0.0054,Ryan Tannehill
2021102405,1234,0,TEN,KC,I,pass_forward,0.284,0.221,0.2569,2.1,4.0876,0.036,Ryan Tannehill
2021102405,1277,0,TEN,KC,I,pass_forward,0.2889,0.5061,0.4922,2.1,2.65,-0.0139,Ryan Tannehill
2021102405,1333,0,KC,TEN,IN,pass_forward,0.3203,0.2967,0.2441,6.3,2.0494,-0.0526,Patrick Mahomes
2021102405,1380,0,TEN,KC,C,pass_forward,0.3607,0.3098,0.2322,1.6,2.2776,-0.0776,Ryan Tannehill
2021102405,1479,1,TEN,KC,C,pass_forward,0.4775,0.4459,0.3437,1.7,2.8742,-0.1021,Ryan Tannehill
2021102405,1503,0,TEN,KC,C,pass_forward,0.2659,0.2865,0.339,2.5,3.2504,0.0524,Ryan Tannehill
2021102405,1548,1,TEN,KC,R,run,0.5198,0.6029,0.6691,3.1,4.9388,0.0662,Ryan Tannehill
2021102405,1665,1,KC,TEN,C,pass_forward,0.1767,0.2428,0.4471,2.8,5.391,0.2044,Patrick Mahomes
2021102405,1721,0,KC,TEN,I,pass_forward,0.2559,0.4058,0.283,3.1,1.4931,-0.1227,Patrick Mahomes
2021102405,1743,1,KC,TEN,R,run,0.2607,0.3323,0.3655,3.4,2.5256,0.0333,Patrick Mahomes
2021102405,1801,1,TEN,KC,C,pass_forward,0.4007,0.3837,0.5557,2.9,2.3861,0.172,Ryan Tannehill
2021102405,1850,0,TEN,KC,C,pass_forward,0.3237,0.3032,0.2168,1.9,1.5403,-0.0864,Ryan Tannehill
2021102405,1874,0,TEN,KC,I,pass_forward,0.6444,0.5178,0.5305,1.7,2.3105,0.0127,Ryan Tannehill
2021102405,1940,0,TEN,KC,S,qb_sack,0.1431,0.1787,0.0233,2.6,0.0447,-0.1554,Ryan Tannehill
2021102405,2070,1,KC,TEN,C,pass_forward,0.3295,0.2895,0.2839,1.9,4.0959,-0.0055,Patrick Mahomes
2021102405,2124,0,KC,TEN,R,run,0.3278,0.2799,0.2478,4.1,1.4376,-0.032,Patrick Mahomes
2021102405,2191,1,KC,TEN,C,pass_forward,0.2303,0.1918,0.2251,6.0,1.6749,0.0333,Patrick Mahomes
2021102405,2215,0,KC,TEN,C,pass_forward,0.3664,0.4286,0.3406,4.4,2.6003,-0.088,Patrick Mahomes
2021102405,2271,0,KC,TEN,I,pass_forward,0.3188,0.3286,0.0925,4.0,0.8846,-0.236,Patrick Mahomes
2021102405,2293,0,KC,TEN,I,pass_forward,0.3035,0.298,0.2854,3.0,2.4849,-0.0127,Patrick Mahomes
2021102405,2391,0,TEN,KC,C,pass_forward,0.0747,0.1807,0.1898,1.3,4.2042,0.0091,Ryan Tannehill
2021102405,2507,1,TEN,KC,C,pass_forward,0.52,0.5951,0.5891,2.3,2.4581,-0.006,Ryan Tannehill
2021102405,2531,0,TEN,KC,C,pass_forward,0.3383,0.3318,0.2568,2.3,2.0778,-0.075,Ryan Tannehill
2021102405,2580,1,TEN,KC,C,pass_forward,0.3168,0.3395,0.3912,2.8,2.1693,0.0517,Ryan Tannehill
2021102405,2625,0,TEN,KC,I,pass_forward,0.6633,0.539,0.4167,3.1,2.6072,-0.1223,Ryan Tannehill
2021102405,2647,0,TEN,KC,IN,pass_forward,0.5157,0.5407,0.4187,2.9,1.5577,-0.122,Ryan Tannehill
2021102405,2732,0,KC,TEN,I,pass_forward,0.2341,0.3692,0.3358,1.5,4.2955,-0.0335,Patrick Mahomes
2021102405,2754,1,KC,TEN,C,pass_forward,0.277,0.2781,0.3174,2.6,2.3274,0.0393,Patrick Mahomes
2021102405,2778,1,KC,TEN,C,pass_forward,0.261,0.2945,0.3923,2.6,3.8806,0.0978,Patrick Mahomes
2021102405,2881,0,KC,TEN,I,pass_forward,0.1853,0.1975,0.1151,5.5,2.5933,-0.0823,Patrick Mahomes
2021102405,2903,0,KC,TEN,S,qb_sack,0.1803,0.258,0.0299,4.1,0.1077,-0.2281,Patrick Mahomes
2021102405,3068,0,KC,TEN,I,pass_forward,0.2076,0.1812,0.1455,1.6,3.2299,-0.0356,Patrick Mahomes
2021102405,3090,0,KC,TEN,C,pass_forward,0.211,0.1756,0.1351,1.8,4.1373,-0.0405,Patrick Mahomes
2021102405,3114,1,KC,TEN,C,pass_forward,0.5124,0.6023,0.5655,1.8,4.2711,-0.0368,Patrick Mahomes
2021102405,3138,0,KC,TEN,C,pass_forward,0.3285,0.3407,0.2854,2.2,4.151,-0.0554,Patrick Mahomes
2021102405,3162,1,KC,TEN,C,pass_forward,0.6676,0.6192,0.5936,2.7,0.7747,-0.0256,Patrick Mahomes
2021102405,3186,0,KC,TEN,C,pass_forward,0.2767,0.2586,0.2213,2.2,2.2178,-0.0374,Patrick Mahomes
2021102405,3210,0,KC,TEN,I,pass_forward,0.4021,0.3682,0.445,3.6,2.487,0.0768,Patrick Mahomes
2021102405,3232,1,KC,TEN,R,run,0.3237,0.3693,0.5103,4.7,1.0617,0.1409,Patrick Mahomes
2021102405,3258,0,KC,TEN,I,pass_forward,0.2562,0.3435,0.427,2.9,2.4127,0.0834,Patrick Mahomes
2021102405,3280,0,KC,TEN,R,run,0.2413,0.3227,0.1507,5.7,1.5467,-0.1721,Patrick Mahomes
2021102405,3312,0,KC,TEN,I,pass_forward,0.2652,0.2903,0.2818,3.7,3.8774,-0.0085,Patrick Mahomes
2021102405,3334,0,KC,TEN,C,pass_forward,0.2722,0.3205,0.1529,2.4,0.9786,-0.1676,Patrick Mahomes
2021102405,3358,0,KC,TEN,I,pass_forward,0.3288,0.4233,0.0318,3.3,0.4662,-0.3915,Patrick Mahomes
2021102405,3380,1,KC,TEN,C,pass_forward,0.3396,0.4121,0.3975,3.2,3.6468,-0.0146,Patrick Mahomes
2021102405,3421,0,KC,TEN,I,pass_forward,0.2142,0.1447,0.25,2.7,4.2004,0.1053,Patrick Mahomes
2021102405,3443,0,KC,TEN,S,qb_sack,0.2189,0.2601,0.0382,4.2,0.2385,-0.2219,Patrick Mahomes
2021102405,3462,0,KC,TEN,I,pass_forward,0.0902,0.1996,0.1339,2.9,1.4047,-0.0656,Patrick Mahomes
2021102405,3484,0,KC,TEN,S,qb_sack,0.0849,0.2612,0.0556,4.9,0.0922,-0.2056,Patrick Mahomes
2021102405,3666,0,KC,TEN,C,pass_forward,0.2305,0.1895,0.2131,2.3,4.0842,0.0236,Chad Henne
2021102405,3690,1,KC,TEN,C,pass_forward,0.6713,0.6164,0.6286,1.7,3.5314,0.0122,Chad Henne
2021102405,3714,0,KC,TEN,I,pass_forward,0.3446,0.2864,0.3947,2.2,3.1088,0.1083,Chad Henne
2021102405,3736,0,KC,TEN,C,pass_forward,0.2639,0.4358,0.2509,1.6,3.3409,-0.1849,Chad Henne
2021102405,3760,0,KC,TEN,I,pass_forward,0.4996,0.4066,0.502,2.5,3.5375,0.0953,Chad Henne
2021102405,3782,1,KC,TEN,C,pass_forward,0.4905,0.4536,0.3261,2.9,2.0299,-0.1274,Chad Henne
2021102405,3806,0,KC,TEN,I,pass_forward,0.2552,0.2262,0.2211,2.2,2.9105,-0.0051,Chad Henne
2021102405,3845,0,KC,TEN,C,pass_forward,0.2402,0.249,0.2789,2.2,2.8708,0.0298,Chad Henne
2021102405,3922,0,KC,TEN,C,pass_forward,0.2485,0.2985,0.4338,2.2,4.146,0.1352,Chad Henne
2021102405,3996,0,KC,TEN,I,pass_forward,0.7029,0.73,0.8039,2.4,3.2887,0.0739,Chad Henne
2021102405,4027,1,KC,TEN,C,pass_forward,0.643,0.6339,0.7131,1.7,3.2806,0.0792,Chad Henne
2021102405,4051,0,KC,TEN,R,run,0.2502,0.2979,0.2172,6.1,1.6468,-0.0807,Chad Henne
2021102405,4077,1,KC,TEN,C,pass_forward,0.4989,0.4748,0.5546,2.0,4.1209,0.0798,Chad Henne
2021102405,4177,1,KC,TEN,C,pass_forward,0.5252,0.4943,0.441,3.1,1.6981,-0.0534,Chad Henne
2021102405,4201,0,KC,TEN,C,pass_forward,0.1153,0.3464,0.4801,2.8,3.3476,0.1337,Chad Henne
2021102406,96,1,DET,LA,C,pass_forward,0.5534,0.5504,0.5054,2.4,2.5333,-0.045,Jared Goff
2021102406,120,0,DET,LA,I,pass_forward,0.2877,0.2474,0.2501,1.8,3.1383,0.0027,Jared Goff
2021102406,325,0,DET,LA,I,pass_forward,0.3523,0.4827,0.3007,2.7,1.4046,-0.182,Jared Goff
2021102406,460,0,DET,LA,I,pass_forward,0.3393,0.4475,0.4678,3.2,1.2215,0.0204,Jared Goff
2021102406,523,1,LA,DET,C,pass_forward,0.2102,0.2828,0.2166,2.0,4.6598,-0.0663,Matthew Stafford
2021102406,573,1,LA,DET,C,pass_forward,0.4148,0.4803,0.3403,3.6,1.382,-0.14,Matthew Stafford
2021102406,652,1,LA,DET,C,pass_forward,0.5052,0.6009,0.5987,1.8,3.8908,-0.0022,Matthew Stafford
2021102406,681,0,LA,DET,C,pass_forward,0.2412,0.2626,0.3051,3.6,4.6066,0.0425,Matthew Stafford
2021102406,705,0,LA,DET,C,pass_forward,0.2126,0.2305,0.2485,2.0,4.3086,0.018,Matthew Stafford
2021102406,740,0,LA,DET,I,pass_forward,0.4992,0.5368,0.345,2.4,3.0425,-0.1918,Matthew Stafford
2021102406,825,1,DET,LA,C,pass_forward,0.3375,0.3215,0.4773,2.3,3.0783,0.1558,Jared Goff
2021102406,896,0,DET,LA,R,run,0.254,0.2865,0.2525,4.6,2.1024,-0.0341,Jared Goff
2021102406,990,0,DET,LA,I,pass_forward,0.0803,0.0469,0.0436,2.3,2.4502,-0.0033,Jared Goff
2021102406,1094,0,LA,DET,I,pass_forward,0.3141,0.3866,0.6165,3.2,1.9615,0.2298,Matthew Stafford
2021102406,1116,0,LA,DET,C,pass_forward,0.3342,0.3815,0.3055,2.0,2.9862,-0.076,Matthew Stafford
2021102406,1194,0,LA,DET,I,pass_forward,0.5061,0.4923,0.5366,4.3,2.5646,0.0443,Matthew Stafford
2021102406,1239,0,LA,DET,C,pass_forward,0.2942,0.2515,0.2334,3.1,2.0255,-0.0181,Matthew Stafford
2021102406,1305,1,LA,DET,C,pass_forward,0.2913,0.2653,0.3089,2.8,3.0679,0.0436,Matthew Stafford
2021102406,1355,0,LA,DET,I,pass_forward,0.4431,0.3714,0.4394,2.4,3.6173,0.0681,Matthew Stafford
2021102406,1377,1,LA,DET,C,pass_forward,0.4656,0.3743,0.4034,1.9,3.2798,0.0291,Matthew Stafford
2021102406,1587,0,LA,DET,I,pass_forward,0.4061,0.3286,0.2869,3.6,2.5153,-0.0417,Matthew Stafford
2021102406,1609,1,LA,DET,C,pass_forward,0.3237,0.3136,0.2794,2.8,2.6854,-0.0343,Matthew Stafford
2021102406,1693,1,LA,DET,C,pass_forward,0.5349,0.4248,0.5797,2.7,3.12,0.1549,Matthew Stafford
2021102406,1783,0,LA,DET,C,pass_forward,0.1756,0.1439,0.1913,3.0,2.3882,0.0474,Matthew Stafford
2021102406,1848,0,LA,DET,I,pass_forward,0.2573,0.2016,0.1204,3.0,2.1119,-0.0812,Matthew Stafford
2021102406,1870,0,LA,DET,C,pass_forward,0.2578,0.1924,0.2702,3.1,3.958,0.0778,Matthew Stafford
2021102406,1973,1,DET,LA,C,pass_forward,0.3688,0.3422,0.2733,2.7,2.2779,-0.0688,Jared Goff
2021102406,1997,0,DET,LA,C,pass_forward,0.3241,0.2971,0.1063,2.5,0.8028,-0.1908,Jared Goff
2021102406,2021,1,DET,LA,C,pass_forward,0.6965,0.5926,0.6725,2.2,3.0463,0.0799,Jared Goff
2021102406,2062,1,DET,LA,C,pass_forward,0.2635,0.372,0.4643,3.2,1.8798,0.0923,Jared Goff
2021102406,2143,0,DET,LA,I,pass_forward,0.1182,0.0907,0.0851,2.3,2.8745,-0.0056,Jared Goff
2021102406,2165,0,DET,LA,I,pass_forward,0.0973,0.1231,0.1891,3.0,2.8793,0.066,Jared Goff
2021102406,2304,0,LA,DET,I,pass_forward,0.3912,0.2709,0.2915,3.5,1.7901,0.0206,Matthew Stafford
2021102406,2359,1,LA,DET,C,pass_forward,0.5714,0.5523,0.5218,2.6,2.2429,-0.0305,Matthew Stafford
2021102406,2383,1,LA,DET,C,pass_forward,0.3686,0.3549,0.5365,4.1,2.7323,0.1816,Matthew Stafford
2021102406,2412,0,LA,DET,I,pass_forward,0.2769,0.2954,0.2938,3.9,3.6716,-0.0016,Matthew Stafford
2021102406,2434,0,LA,DET,S,qb_sack,0.314,0.3353,0.0649,4.1,0.4245,-0.2704,Matthew Stafford
2021102406,2494,0,LA,DET,I,pass_forward,0.2845,0.2504,0.1993,1.8,3.1468,-0.0511,Matthew Stafford
2021102406,2537,0,DET,LA,S,autoevent_passforward,0.304,0.3143,0.0832,3.9,0.8603,-0.2311,Jared Goff
2021102406,2609,0,DET,LA,S,qb_sack,0.4432,0.3948,0.1072,6.3,1.4016,-0.2877,Jared Goff
2021102406,2679,1,DET,LA,C,pass_forward,0.4471,0.4379,0.4734,2.4,2.7439,0.0355,Jared Goff
2021102406,2724,0,DET,LA,C,pass_forward,0.4471,0.4103,0.4363,2.2,2.9665,0.0259,Jared Goff
2021102406,2790,1,LA,DET,C,pass_forward,0.3244,0.2865,0.488,2.4,2.8183,0.2015,Matthew Stafford
2021102406,2931,0,LA,DET,C,pass_forward,0.4558,0.398,0.3914,1.8,5.3815,-0.0066,Matthew Stafford
2021102406,2981,0,LA,DET,I,pass_forward,0.5979,0.6453,0.7972,2.7,2.5854,0.152,Matthew Stafford
2021102406,3025,1,DET,LA,C,pass_forward,0.3417,0.2921,0.2801,3.5,2.1208,-0.012,Jared Goff
2021102406,3075,0,DET,LA,I,pass_forward,0.423,0.3885,0.2504,4.6,1.3098,-0.1381,Jared Goff
2021102406,3108,0,DET,LA,I,pass_forward,0.474,0.4076,0.3303,2.9,1.4588,-0.0773,Jared Goff
2021102406,3187,1,LA,DET,C,pass_forward,0.3583,0.2823,0.2696,2.0,4.8002,-0.0128,Matthew Stafford
2021102406,3246,0,LA,DET,I,pass_forward,0.1947,0.1446,0.1738,2.7,2.6415,0.0292,Matthew Stafford
2021102406,3268,1,LA,DET,C,pass_forward,0.1969,0.1974,0.2702,4.0,2.2874,0.0727,Matthew Stafford
2021102406,3316,0,LA,DET,I,pass_forward,0.1857,0.1915,0.1716,2.0,3.1242,-0.0199,Matthew Stafford
2021102406,3350,0,LA,DET,I,pass_forward,0.2442,0.2678,0.2046,4.8,4.4962,-0.0632,Matthew Stafford
2021102406,3383,1,LA,DET,C,pass_forward,0.2353,0.2652,0.3651,3.3,1.7336,0.0999,Matthew Stafford
2021102406,3407,1,LA,DET,C,pass_forward,0.3756,0.3549,0.3894,1.6,2.3083,0.0345,Matthew Stafford
2021102406,3462,0,DET,LA,C,pass_forward,0.3207,0.3069,0.2498,3.6,2.5013,-0.0571,Jared Goff
2021102406,3507,1,DET,LA,C,pass_forward,0.526,0.4967,0.3861,2.9,2.2309,-0.1105,Jared Goff
2021102406,3553,0,DET,LA,C,pass_forward,0.2607,0.3308,0.4409,3.1,1.4895,0.1101,Jared Goff
2021102406,3577,0,DET,LA,C,pass_forward,0.4315,0.4259,0.448,2.2,2.9476,0.0221,Jared Goff
2021102406,3659,0,DET,LA,C,pass_forward,0.0559,0.0301,0.0162,1.5,2.8111,-0.014,Jared Goff
2021102406,3688,0,DET,LA,C,pass_forward,0.1031,0.0505,0.0742,2.8,1.8991,0.0236,Jared Goff
2021102406,3792,0,DET,LA,C,pass_forward,0.4324,0.4407,0.3756,2.1,2.548,-0.065,Jared Goff
2021102406,3858,0,DET,LA,IN,pass_forward,0.3164,0.2328,0.1014,2.3,1.0098,-0.1313,Jared Goff
2021102406,3939,1,LA,DET,C,pass_forward,0.7132,0.6558,0.604,2.0,3.9342,-0.0518,Matthew Stafford
2021102406,4060,0,LA,DET,C,pass_forward,0.4161,0.512,0.3501,1.9,4.1781,-0.1619,Matthew Stafford
2021102406,4180,1,DET,LA,C,pass_forward,0.2875,0.2476,0.3152,3.1,1.295,0.0676,Jared Goff
2021102406,4226,0,DET,LA,C,pass_forward,0.3565,0.2544,0.2952,3.1,2.0915,0.0408,Jared Goff
2021102406,4255,0,DET,LA,IN,pass_forward,0.495,0.3416,0.3483,2.3,1.8739,0.0068,Jared Goff
2021102407,61,0,PHI,LV,I,pass_forward,0.3522,0.2257,0.1649,2.1,3.8119,-0.0609,Jalen Hurts
2021102407,136,1,PHI,LV,C,pass_forward,0.3066,0.5423,0.6148,3.4,2.2727,0.0725,Jalen Hurts
2021102407,223,1,PHI,LV,C,pass_forward,0.2634,0.2725,0.3843,2.5,4.1575,0.1117,Jalen Hurts
2021102407,319,0,LV,PHI,C,pass_forward,0.4126,0.4584,0.4109,1.8,2.4391,-0.0475,Derek Carr
2021102407,385,0,LV,PHI,R,run,0.3501,0.3233,0.0655,6.5,1.5784,-0.2579,Derek Carr
2021102407,462,1,LV,PHI,C,pass_forward,0.1478,0.1372,0.1695,4.2,3.9838,0.0323,Derek Carr
2021102407,545,0,LV,PHI,C,pass_forward,0.088,0.0348,0.0305,2.1,2.804,-0.0044,Derek Carr
2021102407,569,0,LV,PHI,IN,pass_forward,0.4072,0.3778,0.2336,3.3,1.7773,-0.1442,Derek Carr
2021102407,617,0,PHI,LV,C,pass_forward,0.19,0.2715,0.2212,2.2,2.4024,-0.0503,Jalen Hurts
2021102407,641,1,PHI,LV,R,run,0.5928,0.5208,0.6579,4.9,2.3064,0.1371,Jalen Hurts
2021102407,728,0,PHI,LV,I,pass_forward,0.1917,0.1733,0.1772,2.6,1.251,0.0039,Jalen Hurts
2021102407,801,0,LV,PHI,C,pass_forward,0.3606,0.4146,0.2897,1.9,2.0101,-0.1248,Derek Carr
2021102407,825,1,LV,PHI,C,pass_forward,0.3714,0.3492,0.462,2.6,2.6939,0.1127,Derek Carr
2021102407,868,1,LV,PHI,C,pass_forward,0.4153,0.3482,0.4926,2.7,1.9516,0.1444,Derek Carr
2021102407,979,0,LV,PHI,C,pass_forward,0.3445,0.2888,0.3617,2.6,1.8951,0.0729,Derek Carr
2021102407,1003,1,LV,PHI,C,pass_forward,0.6178,0.623,0.6368,2.5,1.9545,0.0138,Derek Carr
2021102407,1177,1,PHI,LV,C,pass_forward,0.3118,0.3663,0.2014,5.1,1.8602,-0.1648,Jalen Hurts
2021102407,1266,0,PHI,LV,S,qb_sack,0.3822,0.3595,0.0284,4.4,0.2377,-0.3311,Jalen Hurts
2021102407,1304,1,LV,PHI,C,pass_forward,0.1614,0.2165,0.2452,2.6,1.971,0.0287,Derek Carr
2021102407,1349,1,LV,PHI,C,pass_forward,0.5157,0.4404,0.1923,2.2,1.3959,-0.2481,Derek Carr
2021102407,1448,1,LV,PHI,C,pass_forward,0.49,0.4579,0.4898,1.9,2.2066,0.0319,Derek Carr
2021102407,1489,0,LV,PHI,C,pass_forward,0.4326,0.345,0.398,2.2,1.959,0.053,Derek Carr
2021102407,1644,0,LV,PHI,C,pass_forward,0.2513,0.3191,0.3765,2.2,2.3414,0.0574,Derek Carr
2021102407,1706,1,LV,PHI,C,pass_forward,0.4351,0.4096,0.436,2.3,3.1977,0.0263,Derek Carr
2021102407,1730,0,LV,PHI,C,pass_forward,0.1867,0.2115,0.2118,2.5,1.7791,0.0003,Derek Carr
2021102407,1771,0,LV,PHI,C,pass_forward,0.3606,0.4751,0.481,2.0,3.5164,0.0058,Derek Carr
2021102407,1795,0,LV,PHI,I,pass_forward,0.549,0.638,0.3288,2.5,1.2615,-0.3093,Derek Carr
2021102407,1967,1,LV,PHI,C,pass_forward,0.1458,0.1382,0.3091,2.6,1.9982,0.1709,Derek Carr
2021102407,1991,0,LV,PHI,C,pass_forward,0.3078,0.2571,0.3089,3.2,0.4168,0.0518,Derek Carr
2021102407,2169,0,PHI,LV,R,run,0.2397,0.2203,0.2534,5.8,3.5163,0.0331,Jalen Hurts
2021102407,2227,0,PHI,LV,I,pass_forward,0.325,0.4011,0.0282,4.3,0.2886,-0.3729,Jalen Hurts
2021102407,2288,0,LV,PHI,C,pass_forward,0.3122,0.2656,0.226,1.9,2.9702,-0.0396,Derek Carr
2021102407,2339,1,LV,PHI,C,pass_forward,0.2831,0.2231,0.2443,2.8,2.5449,0.0212,Derek Carr
2021102407,2406,0,LV,PHI,C,pass_forward,0.4254,0.3102,0.2142,2.6,1.4523,-0.0961,Derek Carr
2021102407,2482,1,PHI,LV,C,pass_forward,0.1934,0.3053,0.2656,3.8,3.2712,-0.0397,Jalen Hurts
2021102407,2570,0,PHI,LV,I,pass_forward,0.2253,0.25,0.3187,2.5,2.3802,0.0688,Jalen Hurts
2021102407,2592,0,PHI,LV,I,pass_forward,0.197,0.3219,0.1965,5.0,1.6818,-0.1254,Jalen Hurts
2021102407,2614,1,PHI,LV,C,pass_forward,0.2043,0.2898,0.2866,3.3,1.7984,-0.0032,Jalen Hurts
2021102407,2869,1,PHI,LV,R,run,0.4789,0.619,0.5648,4.8,3.3354,-0.0542,Jalen Hurts
2021102407,2890,1,PHI,LV,C,pass_forward,0.1608,0.2481,0.3426,3.4,1.4714,0.0945,Jalen Hurts
2021102407,2935,1,PHI,LV,R,run,0.2074,0.2198,0.3477,4.0,2.1636,0.1279,Jalen Hurts
2021102407,3074,1,LV,PHI,C,pass_forward,0.3646,0.3433,0.4426,2.9,2.2496,0.0992,Derek Carr
2021102407,3161,0,LV,PHI,C,pass_forward,0.4431,0.458,0.4804,1.7,3.7162,0.0225,Derek Carr
2021102407,3279,0,PHI,LV,I,pass_forward,0.2138,0.2336,0.252,3.5,1.39,0.0184,Jalen Hurts
2021102407,3301,1,PHI,LV,C,pass_forward,0.2178,0.2008,0.2722,2.4,3.0723,0.0714,Jalen Hurts
2021102407,3325,1,PHI,LV,C,pass_forward,0.1647,0.2668,0.3711,2.9,1.918,0.1043,Jalen Hurts
2021102407,3354,0,PHI,LV,I,pass_forward,0.2388,0.2721,0.3917,2.5,3.4238,0.1197,Jalen Hurts
2021102407,3376,0,PHI,LV,C,pass_forward,0.2431,0.3006,0.4118,2.7,3.068,0.1112,Jalen Hurts
2021102407,3421,0,PHI,LV,I,pass_forward,0.224,0.2283,0.0551,3.4,0.4427,-0.1732,Jalen Hurts
2021102407,3443,0,PHI,LV,C,pass_forward,0.2384,0.3106,0.3745,2.7,3.8238,0.0639,Jalen Hurts
2021102407,3467,1,PHI,LV,C,pass_forward,0.5625,0.427,0.4893,2.3,2.171,0.0624,Jalen Hurts
2021102407,3491,0,PHI,LV,I,pass_forward,0.172,0.1934,0.08,5.2,0.9729,-0.1134,Jalen Hurts
2021102407,3513,0,PHI,LV,I,pass_forward,0.1693,0.2104,0.1435,7.7,1.21,-0.0669,Jalen Hurts
2021102407,3535,1,PHI,LV,C,pass_forward,0.1752,0.2272,0.1096,5.2,0.8766,-0.1177,Jalen Hurts
2021102407,3719,1,PHI,LV,C,pass_forward,0.3063,0.2088,0.3278,3.0,2.1487,0.1189,Jalen Hurts
2021102407,3760,0,PHI,LV,C,pass_forward,0.2386,0.3143,0.4077,2.8,2.1986,0.0933,Jalen Hurts
2021102407,3784,0,PHI,LV,I,pass_forward,0.5277,0.5895,0.4403,5.7,2.7409,-0.1493,Jalen Hurts
2021102407,3806,1,PHI,LV,C,pass_forward,0.5377,0.5314,0.6528,1.9,2.6559,0.1214,Jalen Hurts
2021102407,3830,0,PHI,LV,I,pass_forward,0.2278,0.2113,0.0747,5.4,1.0492,-0.1367,Jalen Hurts
2021102407,3852,0,PHI,LV,C,pass_forward,0.232,0.2886,0.2959,2.2,2.7746,0.0072,Jalen Hurts
2021102407,3881,0,PHI,LV,S,qb_sack,0.5052,0.5856,0.4083,3.9,0.8846,-0.1773,Jalen Hurts
2021102407,3900,0,PHI,LV,I,pass_forward,0.3672,0.3508,0.0341,4.1,0.3373,-0.3167,Jalen Hurts
2021102408,85,1,ARI,HOU,C,pass_forward,0.296,0.3705,0.4958,2.7,3.1992,0.1253,Kyler Murray
2021102408,131,0,ARI,HOU,S,qb_sack,0.3191,0.3259,0.0235,3.2,0.0447,-0.3024,Kyler Murray
2021102408,199,0,HOU,ARI,C,pass_forward,0.272,0.3163,0.4158,3.2,3.2963,0.0995,Davis Mills
2021102408,223,0,HOU,ARI,I,pass_forward,0.3944,0.3796,0.316,2.0,4.2106,-0.0636,Davis Mills
2021102408,273,0,HOU,ARI,S,qb_sack,0.3177,0.4331,0.0317,4.1,0.2147,-0.4014,Davis Mills
2021102408,353,0,ARI,HOU,S,qb_sack,0.0575,0.0748,0.0913,7.6,0.5852,0.0165,Kyler Murray
2021102408,439,1,HOU,ARI,C,pass_forward,0.4675,0.5664,0.52,2.3,2.6593,-0.0464,Davis Mills
2021102408,484,1,HOU,ARI,C,pass_forward,0.3602,0.3333,0.2774,2.4,2.201,-0.0559,Davis Mills
2021102408,679,1,HOU,ARI,C,pass_forward,0.3775,0.2783,0.3474,2.2,2.7065,0.0691,Davis Mills
2021102408,761,0,HOU,ARI,C,pass_forward,0.1088,0.0794,0.103,2.2,3.7613,0.0236,Davis Mills
2021102408,785,0,HOU,ARI,C,pass_forward,0.2219,0.1955,0.2164,1.8,4.1448,0.0209,Davis Mills
2021102408,900,0,ARI,HOU,I,pass_forward,0.382,0.435,0.5129,2.8,3.8086,0.0778,Kyler Murray
2021102408,922,1,ARI,HOU,C,pass_forward,0.3791,0.353,0.3323,2.9,1.5199,-0.0207,Kyler Murray
2021102408,967,1,ARI,HOU,C,pass_forward,0.4891,0.5119,0.5762,3.0,2.7997,0.0642,Kyler Murray
2021102408,1083,0,ARI,HOU,I,pass_forward,0.6449,0.5796,0.6354,2.6,4.9974,0.0559,Kyler Murray
2021102408,1105,1,ARI,HOU,C,pass_forward,0.656,0.6229,0.6087,3.5,3.0913,-0.0142,Kyler Murray
2021102408,1129,0,ARI,HOU,R,run,0.2365,0.2277,0.0663,8.7,1.3416,-0.1614,Kyler Murray
2021102408,1385,1,HOU,ARI,C,pass_forward,0.4043,0.422,0.3688,3.2,2.5719,-0.0532,Davis Mills
2021102408,1414,0,HOU,ARI,S,qb_strip_sack,0.3587,0.4505,0.0351,3.2,0.7159,-0.4154,Davis Mills
2021102408,1521,0,ARI,HOU,I,pass_forward,0.1041,0.0339,0.0926,2.5,4.4209,0.0587,Kyler Murray
2021102408,1566,1,ARI,HOU,C,pass_forward,0.0824,0.0402,0.0872,4.0,2.6095,0.047,Kyler Murray
2021102408,1616,1,ARI,HOU,C,pass_forward,0.2989,0.4065,0.2489,4.0,2.3724,-0.1576,Kyler Murray
2021102408,1749,0,HOU,ARI,I,pass_forward,0.1299,0.0842,0.055,3.3,0.5561,-0.0293,Davis Mills
2021102408,1848,1,ARI,HOU,C,pass_forward,0.692,0.5581,0.5578,2.3,3.211,-0.0003,Kyler Murray
2021102408,2039,0,ARI,HOU,S,qb_sack,0.1729,0.169,0.0865,3.8,0.9437,-0.0825,Kyler Murray
2021102408,2075,0,ARI,HOU,I,pass_forward,0.1179,0.1943,0.2438,2.6,3.398,0.0496,Kyler Murray
2021102408,2172,0,HOU,ARI,I,pass_forward,0.3869,0.3877,0.211,3.2,2.642,-0.1768,Davis Mills
2021102408,2215,1,HOU,ARI,C,pass_forward,0.4011,0.3185,0.3098,2.5,1.9095,-0.0088,Davis Mills
2021102408,2293,0,HOU,ARI,C,pass_forward,0.1149,0.0254,0.0249,1.8,4.1412,-0.0005,Davis Mills
2021102408,2317,0,HOU,ARI,C,pass_forward,0.2854,0.2846,0.388,2.9,4.303,0.1034,Davis Mills
2021102408,2406,1,ARI,HOU,C,pass_forward,0.4212,0.5255,0.4854,3.6,4.5006,-0.0401,Kyler Murray
2021102408,2451,1,ARI,HOU,C,pass_forward,0.3961,0.4039,0.5705,2.2,4.116,0.1667,Kyler Murray
2021102408,2496,1,ARI,HOU,C,pass_forward,0.2179,0.2016,0.4344,2.9,3.5384,0.2328,Kyler Murray
2021102408,2520,1,ARI,HOU,C,pass_forward,0.3128,0.2879,0.47,3.1,5.0344,0.1822,Kyler Murray
2021102408,2576,0,HOU,ARI,C,pass_forward,0.2557,0.3088,0.2938,1.8,4.1911,-0.015,Davis Mills
2021102408,2621,0,HOU,ARI,I,pass_forward,0.4587,0.5105,0.0421,3.3,0.4308,-0.4684,Davis Mills
2021102408,2683,0,ARI,HOU,I,pass_forward,0.2781,0.3142,0.4601,3.5,4.2638,0.1459,Kyler Murray
2021102408,2728,0,ARI,HOU,R,run,0.1382,0.277,0.1074,6.2,1.3146,-0.1696,Kyler Murray
2021102408,2781,0,ARI,HOU,IN,pass_forward,0.207,0.1296,0.1509,2.1,3.6107,0.0213,Kyler Murray
2021102408,2831,0,HOU,ARI,C,pass_forward,0.4524,0.4945,0.5196,2.3,3.1457,0.025,Davis Mills
2021102408,2929,0,ARI,HOU,S,qb_sack,0.3923,0.2703,0.0428,3.8,0.6325,-0.2276,Kyler Murray
2021102408,2969,0,ARI,HOU,I,pass_forward,0.2406,0.1506,0.1942,3.6,2.6288,0.0437,Kyler Murray
2021102408,3037,0,HOU,ARI,C,pass_forward,0.2993,0.4039,0.3776,1.8,4.0405,-0.0263,Davis Mills
2021102408,3101,0,HOU,ARI,I,pass_forward,0.3896,0.5173,0.6089,1.8,4.4782,0.0916,Davis Mills
2021102408,3313,0,HOU,ARI,C,pass_forward,0.2563,0.3603,0.2847,1.7,4.5245,-0.0757,Davis Mills
2021102408,3358,0,HOU,ARI,I,pass_forward,0.3203,0.4276,0.5678,2.9,3.4821,0.1401,Davis Mills
2021102408,3585,0,HOU,ARI,C,pass_forward,0.0786,0.0681,0.0323,1.7,3.953,-0.0358,Davis Mills
2021102408,3614,0,HOU,ARI,C,pass_forward,0.2519,0.4371,0.3974,2.5,3.0737,-0.0398,Davis Mills
2021102408,3626,1,HOU,ARI,C,pass_forward,0.5234,0.5983,0.5786,1.7,3.5979,-0.0197,Davis Mills
2021102408,3698,0,HOU,ARI,I,pass_forward,0.3981,0.3286,0.2988,3.3,2.3654,-0.0298,Davis Mills
2021102408,3720,0,HOU,ARI,C,pass_forward,0.2336,0.2976,0.3032,1.7,3.8313,0.0056,Davis Mills
2021102408,3744,0,HOU,ARI,I,pass_forward,0.5213,0.5162,0.4415,2.6,2.1028,-0.0747,Davis Mills
2021102408,3766,0,HOU,ARI,I,pass_forward,0.5293,0.4984,0.3408,2.2,1.7053,-0.1576,Davis Mills
2021102409,75,0,CHI,TB,S,qb_strip_sack,0.3219,0.5144,0.0276,2.9,0.2625,-0.4868,Justin Fields
2021102409,104,0,CHI,TB,C,pass_forward,0.062,0.1028,0.0782,4.6,3.6907,-0.0246,Justin Fields
2021102409,288,0,CHI,TB,R,run,0.3656,0.3193,0.255,3.8,1.1833,-0.0644,Justin Fields
2021102409,330,0,CHI,TB,I,pass_forward,0.3718,0.3759,0.4098,2.3,2.6552,0.0339,Justin Fields
2021102409,403,0,TB,CHI,I,pass_forward,0.3379,0.5072,0.4514,1.3,3.7789,-0.0558,Tom Brady
2021102409,474,0,CHI,TB,C,pass_forward,0.2543,0.299,0.4018,2.7,2.897,0.1028,Justin Fields
2021102409,498,0,CHI,TB,I,pass_forward,0.5395,0.4857,0.634,1.7,3.6742,0.1483,Justin Fields
2021102409,520,0,CHI,TB,IN,pass_forward,0.5061,0.4715,0.2613,6.1,0.8115,-0.2102,Justin Fields
2021102409,551,0,TB,CHI,C,pass_forward,0.3054,0.2996,0.3812,2.7,3.091,0.0816,Tom Brady
2021102409,604,1,TB,CHI,C,pass_forward,0.3452,0.2811,0.2609,2.3,2.7562,-0.0203,Tom Brady
2021102409,628,0,TB,CHI,I,pass_forward,0.2459,0.2089,0.199,2.3,3.1845,-0.01,Tom Brady
2021102409,671,1,TB,CHI,C,pass_forward,0.4446,0.3712,0.3946,2.5,2.6,0.0234,Tom Brady
2021102409,769,0,CHI,TB,C,pass_forward,0.2902,0.421,0.4444,3.0,2.294,0.0234,Justin Fields
2021102409,814,0,CHI,TB,S,qb_strip_sack,0.4485,0.4903,0.169,2.6,1.1122,-0.3212,Justin Fields
2021102409,843,1,TB,CHI,C,pass_forward,0.2445,0.2438,0.3082,2.4,2.9515,0.0645,Tom Brady
2021102409,909,0,TB,CHI,I,pass_forward,0.3896,0.3172,0.3641,2.0,2.8734,0.0468,Tom Brady
2021102409,931,1,TB,CHI,C,pass_forward,0.3687,0.3177,0.2849,1.7,3.1264,-0.0328,Tom Brady
2021102409,1035,0,CHI,TB,C,pass_forward,0.4017,0.4337,0.5618,2.3,4.3275,0.1282,Justin Fields
2021102409,1064,0,CHI,TB,I,pass_forward,0.4553,0.6235,0.6813,1.9,3.4,0.0578,Justin Fields
2021102409,1154,0,TB,CHI,I,pass_forward,0.2902,0.2361,0.183,2.3,1.8204,-0.0531,Tom Brady
2021102409,1176,0,TB,CHI,I,pass_forward,0.3017,0.4468,0.3867,2.3,2.4307,-0.0601,Tom Brady
2021102409,1198,0,TB,CHI,I,pass_forward,0.3071,0.3909,0.1431,3.4,0.9365,-0.2479,Tom Brady
2021102409,1266,1,CHI,TB,C,pass_forward,0.6376,0.6933,0.6265,3.1,2.4334,-0.0668,Justin Fields
2021102409,1290,0,CHI,TB,C,pass_forward,0.2304,0.3869,0.3999,2.5,2.1416,0.013,Justin Fields
2021102409,1314,0,CHI,TB,S,qb_strip_sack,0.4349,0.37,0.0735,2.5,0.9193,-0.2965,Justin Fields
2021102409,1365,0,TB,CHI,I,pass_forward,0.3545,0.2931,0.2822,2.0,1.7,-0.011,Tom Brady
2021102409,1387,0,TB,CHI,I,pass_forward,0.2925,0.2648,0.2848,2.0,3.4437,0.02,Tom Brady
2021102409,1409,0,TB,CHI,I,pass_forward,0.2985,0.3169,0.2246,2.0,1.894,-0.0922,Tom Brady
2021102409,1451,1,CHI,TB,C,pass_forward,0.2808,0.3089,0.35,2.6,2.6209,0.0411,Justin Fields
2021102409,1496,0,CHI,TB,R,run,0.2898,0.4071,0.1895,4.6,2.7007,-0.2177,Justin Fields
2021102409,1559,1,CHI,TB,C,pass_forward,0.4894,0.5799,0.5777,1.9,2.8784,-0.0022,Justin Fields
2021102409,1625,0,CHI,TB,I,pass_forward,0.0964,0.3402,0.155,5.4,1.4922,-0.1853,Justin Fields
2021102409,1659,0,CHI,TB,I,pass_forward,0.1555,0.1941,0.2271,2.0,2.6205,0.033,Justin Fields
2021102409,1757,1,TB,CHI,C,pass_forward,0.582,0.6203,0.4715,3.6,2.9742,-0.1487,Tom Brady
2021102409,1781,1,TB,CHI,C,pass_forward,0.3758,0.3285,0.3527,3.2,2.7652,0.0242,Tom Brady
2021102409,1882,1,CHI,TB,C,pass_forward,0.6212,0.5513,0.7072,2.1,2.0308,0.1559,Justin Fields
2021102409,1932,0,CHI,TB,I,pass_forward,0.2595,0.2146,0.2194,1.9,3.044,0.0049,Justin Fields
2021102409,1954,0,CHI,TB,R,run,0.1968,0.2432,0.2505,5.9,1.2356,0.0073,Justin Fields
2021102409,1997,0,CHI,TB,S,qb_sack,0.55,0.5628,0.0468,4.9,0.6363,-0.516,Justin Fields
2021102409,2016,0,TB,CHI,I,pass_forward,0.2496,0.2616,0.3223,4.3,1.0819,0.0607,Tom Brady
2021102409,2038,0,TB,CHI,C,pass_forward,0.2496,0.2878,0.3593,2.9,2.4625,0.0715,Tom Brady
2021102409,2199,0,TB,CHI,C,pass_forward,0.2264,0.2806,0.2439,4.8,1.1357,-0.0367,Tom Brady
2021102409,2261,0,TB,CHI,I,pass_forward,0.1865,0.2952,0.3834,2.3,2.8119,0.0881,Tom Brady
2021102409,2283,0,TB,CHI,I,pass_forward,0.2125,0.2844,0.4789,3.1,2.1236,0.1944,Tom Brady
2021102409,2305,1,TB,CHI,C,pass_forward,0.1958,0.33,0.2116,3.2,1.0018,-0.1184,Tom Brady
2021102409,2423,0,TB,CHI,C,pass_forward,0.4584,0.3665,0.2707,2.3,3.087,-0.0958,Tom Brady
2021102409,2515,0,TB,CHI,C,pass_forward,0.4708,0.4898,0.5466,2.2,3.8867,0.0567,Tom Brady
2021102409,2627,1,CHI,TB,C,pass_forward,0.3221,0.4193,0.531,2.3,3.4808,0.1117,Justin Fields
2021102409,2656,1,CHI,TB,C,pass_forward,0.3266,0.4417,0.3385,3.7,2.2142,-0.1032,Justin Fields
2021102409,2741,0,CHI,TB,C,pass_forward,0.3227,0.3987,0.4487,2.2,3.323,0.05,Justin Fields
2021102409,2804,0,CHI,TB,IN,pass_forward,0.2322,0.1851,0.1891,2.4,1.9606,0.0039,Justin Fields
2021102409,2851,1,TB,CHI,C,pass_forward,0.3377,0.3644,0.2926,2.1,2.7183,-0.0719,Tom Brady
2021102409,3205,0,CHI,TB,IN,pass_forward,0.1705,0.2353,0.238,2.5,1.4947,0.0026,Justin Fields
2021102409,3269,1,TB,CHI,C,pass_forward,0.395,0.3412,0.4068,2.4,2.6261,0.0656,Tom Brady
2021102409,3314,0,TB,CHI,I,pass_forward,0.4593,0.3788,0.4116,2.2,3.891,0.0329,Tom Brady
2021102409,3336,0,TB,CHI,I,pass_forward,0.499,0.4107,0.4497,2.3,3.3131,0.039,Tom Brady
2021102409,3413,1,CHI,TB,C,pass_forward,0.4368,0.4063,0.4104,2.5,2.5574,0.0041,Justin Fields
2021102409,3458,1,CHI,TB,C,pass_forward,0.2144,0.2723,0.1587,2.3,2.8801,-0.1136,Justin Fields
2021102409,3507,0,CHI,TB,C,pass_forward,0.232,0.2223,0.1501,3.8,1.2333,-0.0723,Justin Fields
2021102409,3701,0,TB,CHI,C,pass_forward,0.2815,0.2879,0.2106,3.4,0.9159,-0.0773,Blaine Gabbert
2021102409,3725,0,TB,CHI,I,pass_forward,0.2296,0.2312,0.3319,3.2,1.9223,0.1006,Blaine Gabbert
2021102409,3766,0,CHI,TB,R,run,0.31,0.271,0.0999,6.0,2.284,-0.1711,Justin Fields
2021102409,3863,0,CHI,TB,R,run,0.2602,0.2511,0.3384,2.3,2.7809,0.0874,Justin Fields
2021102409,3908,0,CHI,TB,I,pass_forward,0.3044,0.2724,0.3991,2.5,2.981,0.1267,Justin Fields
2021102409,3930,1,CHI,TB,R,run,0.3219,0.3088,0.3007,5.5,2.3927,-0.0081,Justin Fields
2021102409,3956,0,CHI,TB,C,pass_forward,0.2687,0.3032,0.467,3.2,3.2812,0.1638,Justin Fields
2021102409,3997,1,CHI,TB,C,pass_forward,0.5656,0.6559,0.5412,2.6,2.1974,-0.1147,Justin Fields
2021102410,62,0,SF,IND,C,pass_forward,0.345,0.1827,0.4294,3.4,2.4001,0.2466,Jimmy Garoppolo
2021102410,141,1,SF,IND,C,pass_forward,0.4478,0.5193,0.5568,3.2,2.2629,0.0374,Jimmy Garoppolo
2021102410,371,0,SF,IND,I,pass_forward,0.2242,0.2202,0.097,5.2,1.0112,-0.1231,Jimmy Garoppolo
2021102410,397,0,SF,IND,I,pass_forward,0.3124,0.2652,0.1223,6.2,1.895,-0.1429,Jimmy Garoppolo
2021102410,477,0,IND,SF,I,pass_forward,0.1573,0.2102,0.1869,2.2,3.0493,-0.0233,Carson Wentz
2021102410,503,1,IND,SF,C,pass_forward,0.203,0.2657,0.3221,4.2,1.0249,0.0564,Carson Wentz
2021102410,679,1,SF,IND,C,pass_forward,0.577,0.6114,0.6193,3.4,1.9791,0.0079,Jimmy Garoppolo
2021102410,754,0,SF,IND,I,pass_forward,0.4961,0.4924,0.4823,2.8,3.3275,-0.0101,Jimmy Garoppolo
2021102410,810,0,IND,SF,I,pass_forward,0.3553,0.4318,0.4128,3.5,3.084,-0.019,Carson Wentz
2021102410,969,0,IND,SF,S,pass_forward,0.5427,0.4841,0.2692,3.7,0.6934,-0.2149,Carson Wentz
2021102410,995,0,SF,IND,I,pass_forward,0.3831,0.3259,0.3705,3.3,1.9812,0.0446,Jimmy Garoppolo
2021102410,1038,0,SF,IND,I,pass_forward,0.6143,0.5556,0.4274,2.7,1.6481,-0.1282,Jimmy Garoppolo
2021102410,1127,0,IND,SF,I,pass_forward,0.3394,0.2711,0.4505,2.4,2.5365,0.1794,Carson Wentz
2021102410,1177,0,IND,SF,I,pass_forward,0.2797,0.1999,0.0617,6.1,0.6364,-0.1382,Carson Wentz
2021102410,1345,0,IND,SF,I,pass_forward,0.4433,0.5411,0.5654,2.6,2.4503,0.0243,Carson Wentz
2021102410,1437,0,SF,IND,I,pass_forward,0.3926,0.3146,0.4006,2.6,2.6605,0.0859,Jimmy Garoppolo
2021102410,1524,0,IND,SF,C,pass_forward,0.5257,0.4845,0.5125,2.6,2.388,0.028,Carson Wentz
2021102410,1635,0,SF,IND,C,pass_forward,0.2723,0.3974,0.3743,2.1,2.2605,-0.0232,Jimmy Garoppolo
2021102410,1800,0,IND,SF,I,pass_forward,0.6807,0.791,0.5752,2.6,2.1353,-0.2158,Carson Wentz
2021102410,2126,0,IND,SF,C,pass_forward,0.1949,0.2306,0.207,1.9,5.162,-0.0236,Carson Wentz
2021102410,2150,0,IND,SF,C,pass_forward,0.4844,0.4389,0.4786,2.4,2.1718,0.0396,Carson Wentz
2021102410,2368,1,SF,IND,C,pass_forward,0.3875,0.4186,0.5575,2.3,4.7001,0.1388,Jimmy Garoppolo
2021102410,2461,1,SF,IND,C,pass_forward,0.3412,0.366,0.3752,3.1,3.3467,0.0092,Jimmy Garoppolo
2021102410,2485,0,SF,IND,I,pass_forward,0.3237,0.3091,0.4601,2.3,2.9842,0.151,Jimmy Garoppolo
2021102410,2532,0,SF,IND,S,qb_strip_sack,0.503,0.499,0.1174,4.1,0.4245,-0.3816,Jimmy Garoppolo
2021102410,2811,0,SF,IND,C,pass_forward,0.0484,0.0251,0.0144,1.9,2.8712,-0.0107,Jimmy Garoppolo
2021102410,3041,1,SF,IND,C,pass_forward,0.3785,0.4281,0.427,3.9,2.3984,-0.001,Jimmy Garoppolo
2021102410,3080,1,SF,IND,C,pass_forward,0.4156,0.3303,0.5168,3.5,2.1828,0.1865,Jimmy Garoppolo
2021102410,3108,1,SF,IND,C,pass_forward,0.3786,0.2118,0.2295,4.5,2.1125,0.0177,Jimmy Garoppolo
2021102410,3226,1,IND,SF,C,pass_forward,0.5968,0.5881,0.6431,3.9,2.7598,0.055,Carson Wentz
2021102410,3287,0,IND,SF,I,pass_forward,0.3277,0.3079,0.473,3.7,3.919,0.1651,Carson Wentz
2021102410,3374,0,IND,SF,C,pass_forward,0.2306,0.2327,0.3405,2.9,2.5405,0.1077,Carson Wentz
2021102410,3434,0,IND,SF,C,pass_forward,0.2351,0.1856,0.2396,2.8,1.522,0.054,Carson Wentz
2021102410,3520,0,SF,IND,C,pass_forward,0.4689,0.503,0.5341,2.1,2.5563,0.031,Jimmy Garoppolo
2021102410,3548,0,SF,IND,IN,pass_forward,0.6028,0.5995,0.6672,2.1,3.0513,0.0677,Jimmy Garoppolo
2021102410,3600,0,IND,SF,R,run,0.4561,0.3873,0.3909,4.9,2.3938,0.0036,Carson Wentz
2021102410,3621,1,IND,SF,C,pass_forward,0.5684,0.5048,0.475,1.8,4.3926,-0.0298,Carson Wentz
2021102410,3692,0,IND,SF,I,pass_forward,0.4641,0.3723,0.5263,3.4,3.0757,0.154,Carson Wentz
2021102410,3714,1,IND,SF,C,pass_forward,0.3528,0.3995,0.4067,3.1,1.9529,0.0072,Carson Wentz
2021102410,3781,0,SF,IND,C,pass_forward,0.3133,0.3244,0.3561,2.9,2.3496,0.0317,Jimmy Garoppolo
2021102410,3805,1,SF,IND,C,pass_forward,0.7404,0.6593,0.7306,3.5,1.8348,0.0713,Jimmy Garoppolo
2021102410,3882,0,SF,IND,IN,pass_forward,0.5742,0.5642,0.5552,3.0,3.1458,-0.009,Jimmy Garoppolo
2021102410,4063,0,SF,IND,S,qb_sack,0.2581,0.3372,0.0128,6.9,0.1077,-0.3244,Jimmy Garoppolo
2021102500,210,0,NO,SEA,I,autoevent_passforward,0.2871,0.329,0.3194,2.3,3.2844,-0.0096,Jameis Winston
2021102500,253,0,NO,SEA,I,pass_forward,0.5677,0.4941,0.4518,3.0,1.8341,-0.0423,Jameis Winston
2021102500,326,1,SEA,NO,C,pass_forward,0.3747,0.2739,0.3882,3.1,1.9361,0.1143,Geno Smith
2021102500,450,1,NO,SEA,C,pass_forward,0.5219,0.5047,0.5897,2.0,4.2269,0.0849,Jameis Winston
2021102500,474,0,NO,SEA,I,pass_forward,0.4745,0.331,0.4735,3.9,2.0289,0.1425,Jameis Winston
2021102500,598,0,SEA,NO,C,pass_forward,0.3547,0.3343,0.2666,1.9,3.2997,-0.0677,Geno Smith
2021102500,694,0,SEA,NO,C,pass_forward,0.1919,0.2142,0.2835,2.2,4.18,0.0693,Geno Smith
2021102500,786,0,NO,SEA,S,qb_sack,0.3216,0.4537,0.0153,5.7,0.1772,-0.4384,Jameis Winston
2021102500,833,1,SEA,NO,R,run,0.4246,0.3324,0.243,4.5,2.6393,-0.0894,Geno Smith
2021102500,894,0,SEA,NO,I,pass_forward,0.5043,0.5158,0.4027,3.4,2.5103,-0.113,Geno Smith
2021102500,933,0,SEA,NO,I,pass_forward,0.389,0.5161,0.1882,5.1,1.4988,-0.3279,Geno Smith
2021102500,1024,0,NO,SEA,I,pass_forward,0.4318,0.3134,0.1747,2.7,0.958,-0.1387,Jameis Winston
2021102500,1104,0,NO,SEA,C,pass_forward,0.3811,0.4086,0.4891,3.2,2.1302,0.0805,Jameis Winston
2021102500,1240,0,NO,SEA,C,pass_forward,0.0952,0.0424,0.1185,3.4,2.0506,0.0761,Jameis Winston
2021102500,1264,0,NO,SEA,C,pass_forward,0.5374,0.529,0.4624,1.8,2.37,-0.0666,Jameis Winston
2021102500,1347,0,NO,SEA,C,pass_forward,0.3836,0.3244,0.338,3.1,3.0276,0.0136,Jameis Winston
2021102500,1415,1,NO,SEA,R,run,0.268,0.2686,0.1554,8.2,2.9069,-0.1132,Jameis Winston
2021102500,1478,0,NO,SEA,I,pass_forward,0.6605,0.6335,0.6093,2.7,3.239,-0.0242,Jameis Winston
2021102500,1562,0,SEA,NO,C,pass_forward,0.2058,0.1447,0.2168,2.5,4.5777,0.0721,Geno Smith
2021102500,1597,0,SEA,NO,I,pass_forward,0.3904,0.3759,0.4836,2.9,2.7203,0.1077,Geno Smith
2021102500,1619,1,SEA,NO,C,pass_forward,0.3609,0.2773,0.3431,2.5,4.794,0.0657,Geno Smith
2021102500,1701,0,SEA,NO,I,pass_forward,0.3604,0.4253,0.1808,3.2,1.7041,-0.2445,Geno Smith
2021102500,1751,0,SEA,NO,I,pass_forward,0.3419,0.2915,0.1754,3.8,2.2106,-0.1161,Geno Smith
2021102500,1792,1,NO,SEA,C,pass_forward,0.3128,0.3465,0.3137,2.2,4.258,-0.0329,Jameis Winston
2021102500,1816,0,NO,SEA,I,pass_forward,0.2907,0.2368,0.2544,3.0,1.6726,0.0176,Jameis Winston
2021102500,1855,0,NO,SEA,C,pass_forward,0.2869,0.2806,0.3679,2.7,2.0082,0.0874,Jameis Winston
2021102500,1879,1,NO,SEA,R,run,0.5633,0.5605,0.6945,3.4,2.312,0.1341,Jameis Winston
2021102500,1900,1,NO,SEA,C,pass_forward,0.3506,0.2838,0.4193,2.6,3.2848,0.1356,Jameis Winston
2021102500,1924,1,NO,SEA,C,pass_forward,0.2791,0.3231,0.3915,2.9,5.0122,0.0684,Jameis Winston
2021102500,1953,1,NO,SEA,C,pass_forward,0.2583,0.2123,0.2239,2.8,2.6563,0.0116,Jameis Winston
2021102500,2214,0,NO,SEA,C,pass_forward,0.4092,0.4069,0.4018,2.8,2.1064,-0.005,Jameis Winston
2021102500,2243,0,NO,SEA,I,pass_forward,0.7069,0.5932,0.7528,1.9,4.5239,0.1597,Jameis Winston
2021102500,2293,0,SEA,NO,C,pass_forward,0.4781,0.3342,0.1465,5.4,0.836,-0.1877,Geno Smith
2021102500,2348,1,SEA,NO,C,pass_forward,0.4818,0.643,0.4146,2.4,1.4213,-0.2284,Geno Smith
2021102500,2436,0,SEA,NO,S,qb_sack,0.2704,0.4265,0.0257,5.1,2.4409,-0.4008,Geno Smith
2021102500,2455,0,SEA,NO,S,qb_sack,0.2241,0.2033,0.0379,6.1,0.6762,-0.1654,Geno Smith
2021102500,2553,1,NO,SEA,C,pass_forward,0.5778,0.576,0.5146,3.5,2.1301,-0.0615,Jameis Winston
2021102500,2603,0,NO,SEA,I,pass_forward,0.2156,0.2054,0.228,2.9,2.836,0.0225,Jameis Winston
2021102500,2625,0,NO,SEA,I,pass_forward,0.2386,0.1726,0.2711,3.8,3.3654,0.0985,Jameis Winston
2021102500,2835,0,NO,SEA,C,pass_forward,0.4034,0.3387,0.401,4.3,2.6654,0.0623,Jameis Winston
2021102500,2934,0,SEA,NO,I,pass_forward,0.3313,0.393,0.2036,2.9,1.9272,-0.1894,Geno Smith
2021102500,3030,1,NO,SEA,R,run,0.4273,0.4119,0.347,5.5,2.307,-0.0649,Jameis Winston
2021102500,3139,0,NO,SEA,R,run,0.072,0.0338,0.0795,4.1,2.265,0.0457,Jameis Winston
2021102500,3165,0,NO,SEA,I,pass_forward,0.2389,0.2339,0.3882,3.6,2.6687,0.1543,Jameis Winston
2021102500,3238,0,SEA,NO,I,pass_forward,0.5389,0.4909,0.5125,4.1,2.7959,0.0216,Geno Smith
2021102500,3260,1,SEA,NO,C,pass_forward,0.5273,0.4901,0.5344,2.2,3.0339,0.0443,Geno Smith
2021102500,3305,1,SEA,NO,C,pass_forward,0.5543,0.5083,0.542,3.7,2.4816,0.0337,Geno Smith
2021102500,3350,1,SEA,NO,C,pass_forward,0.2558,0.2544,0.2412,1.9,4.751,-0.0131,Geno Smith
2021102500,3395,0,SEA,NO,C,pass_forward,0.2412,0.201,0.1945,2.1,3.5246,-0.0066,Geno Smith
2021102500,3424,0,SEA,NO,S,qb_sack,0.2197,0.3588,0.0398,4.1,0.2508,-0.319,Geno Smith
2021102500,3484,0,NO,SEA,I,pass_forward,0.4121,0.492,0.4405,3.5,2.2596,-0.0515,Jameis Winston
2021102500,3536,0,NO,SEA,I,pass_forward,0.3171,0.3311,0.19,5.2,3.2556,-0.1411,Jameis Winston
2021102500,3660,0,NO,SEA,C,pass_forward,0.1794,0.0892,0.081,2.7,2.1052,-0.0082,Jameis Winston
2021102500,3684,0,NO,SEA,I,pass_forward,0.5541,0.5425,0.3299,4.4,2.5303,-0.2125,Jameis Winston
2021102500,3735,1,NO,SEA,C,pass_forward,0.3849,0.344,0.1608,5.0,2.1684,-0.1832,Jameis Winston
2021102500,3787,0,NO,SEA,I,pass_forward,0.2249,0.3076,0.1845,5.8,2.2518,-0.1231,Jameis Winston
2021102500,3904,0,SEA,NO,I,pass_forward,0.3189,0.2936,0.441,2.5,2.3688,0.1474,Geno Smith
2021102500,3926,0,SEA,NO,S,qb_sack,0.2924,0.3366,0.0426,3.7,0.328,-0.294,Geno Smith
2021102500,3945,0,SEA,NO,S,qb_sack,0.0853,0.0352,0.0495,5.1,0.8422,0.0143,Geno Smith
2021102500,3998,0,SEA,NO,I,pass_forward,0.0973,0.0484,0.0278,6.3,1.6547,-0.0206,Geno Smith
2021102800,271,0,ARI,GB,I,pass_forward,0.483,0.568,0.2641,6.5,1.3169,-0.3038,Kyler Murray
2021102800,334,0,GB,ARI,I,pass_forward,0.2329,0.2849,0.2617,1.9,4.1348,-0.0232,Aaron Rodgers
2021102800,368,0,GB,ARI,C,pass_forward,0.2496,0.3013,0.2532,3.2,2.6459,-0.0481,Aaron Rodgers
2021102800,392,0,GB,ARI,I,pass_forward,0.4635,0.4501,0.4058,2.7,1.35,-0.0443,Aaron Rodgers
2021102800,471,0,ARI,GB,C,pass_forward,0.0769,0.0584,0.0735,4.4,1.006,0.0151,Kyler Murray
2021102800,495,0,ARI,GB,C,pass_forward,0.096,0.0952,0.1252,3.1,2.6699,0.03,Kyler Murray
2021102800,519,1,ARI,GB,C,pass_forward,0.4225,0.4308,0.1922,3.1,1.2433,-0.2386,Kyler Murray
2021102800,784,0,GB,ARI,I,pass_forward,0.2335,0.2635,0.3346,2.1,4.3423,0.0711,Aaron Rodgers
2021102800,850,1,GB,ARI,C,pass_forward,0.2817,0.3519,0.246,1.9,2.7973,-0.1059,Aaron Rodgers
2021102800,874,0,GB,ARI,I,pass_forward,0.2649,0.2916,0.2113,2.4,2.5129,-0.0804,Aaron Rodgers
2021102800,917,0,GB,ARI,C,pass_forward,0.4115,0.4918,0.5033,3.0,4.5407,0.0115,Aaron Rodgers
2021102800,1133,0,ARI,GB,I,pass_forward,0.2364,0.226,0.3556,2.8,4.0485,0.1296,Kyler Murray
2021102800,1155,0,ARI,GB,S,qb_sack,0.2364,0.2224,0.2597,5.0,1.8095,0.0373,Kyler Murray
2021102800,1261,1,GB,ARI,C,pass_forward,0.4411,0.4773,0.4796,3.3,2.979,0.0023,Aaron Rodgers
2021102800,1454,0,GB,ARI,I,pass_forward,0.476,0.4795,0.4728,2.8,2.2243,-0.0067,Aaron Rodgers
2021102800,1489,0,GB,ARI,I,pass_forward,0.4721,0.4631,0.185,3.5,1.2182,-0.278,Aaron Rodgers
2021102800,1511,0,GB,ARI,I,pass_forward,0.3128,0.3824,0.3508,2.2,3.4177,-0.0316,Aaron Rodgers
2021102800,1651,0,ARI,GB,I,pass_forward,0.5231,0.4413,0.2355,5.2,1.8325,-0.2058,Kyler Murray
2021102800,1673,0,ARI,GB,I,pass_forward,0.5032,0.4127,0.4645,2.5,2.533,0.0518,Kyler Murray
2021102800,1735,1,GB,ARI,C,pass_forward,0.498,0.5459,0.3825,1.9,3.3915,-0.1634,Aaron Rodgers
2021102800,1860,0,GB,ARI,I,pass_forward,0.2812,0.2352,0.2318,1.7,4.2064,-0.0035,Aaron Rodgers
2021102800,1903,0,GB,ARI,I,pass_forward,0.1473,0.273,0.1692,5.2,0.9129,-0.1039,Aaron Rodgers
2021102800,1942,0,GB,ARI,I,pass_forward,0.1313,0.1853,0.0866,4.8,3.1204,-0.0987,Aaron Rodgers
2021102800,2171,1,GB,ARI,C,pass_forward,0.5398,0.5837,0.6131,2.0,4.6152,0.0294,Aaron Rodgers
2021102800,2269,0,ARI,GB,C,pass_forward,0.254,0.2765,0.3514,2.5,2.9104,0.075,Kyler Murray
2021102800,2319,0,ARI,GB,C,pass_forward,0.2875,0.2559,0.276,1.7,3.7987,0.0201,Kyler Murray
2021102800,2367,0,ARI,GB,I,pass_forward,0.3135,0.2692,0.3096,2.8,1.9777,0.0404,Kyler Murray
2021102800,2389,0,ARI,GB,C,pass_forward,0.3187,0.3066,0.4065,2.4,3.8382,0.0999,Kyler Murray
2021102800,2413,0,ARI,GB,I,pass_forward,0.598,0.631,0.4702,5.9,1.387,-0.1608,Kyler Murray
2021102800,2435,1,ARI,GB,C,pass_forward,0.5619,0.5533,0.514,1.7,3.3148,-0.0393,Kyler Murray
2021102800,2506,1,ARI,GB,C,pass_forward,0.2941,0.2794,0.2445,2.1,2.7189,-0.0349,Kyler Murray
2021102800,2641,0,GB,ARI,I,pass_forward,0.7163,0.753,0.7892,1.8,2.9378,0.0363,Aaron Rodgers
2021102800,2755,1,GB,ARI,C,pass_forward,0.5022,0.4609,0.5273,2.9,2.7732,0.0664,Aaron Rodgers
2021102800,2897,1,GB,ARI,C,pass_forward,0.3646,0.3129,0.2821,2.4,2.592,-0.0309,Aaron Rodgers
2021102800,3007,0,ARI,GB,R,run,0.353,0.5214,0.5467,2.7,3.6445,0.0253,Kyler Murray
2021102800,3052,0,ARI,GB,I,pass_forward,0.2787,0.296,0.1655,4.1,1.8123,-0.1304,Kyler Murray
2021102800,3074,0,ARI,GB,I,pass_forward,0.2928,0.35,0.394,2.5,3.25,0.044,Kyler Murray
2021102800,3096,0,ARI,GB,C,pass_forward,0.2757,0.2988,0.3661,2.1,4.0817,0.0673,Kyler Murray
2021102800,3125,1,ARI,GB,C,pass_forward,0.682,0.6822,0.7387,1.8,3.9825,0.0565,Kyler Murray
2021102800,3202,0,ARI,GB,C,pass_forward,0.2455,0.2541,0.3319,2.0,3.8331,0.0778,Kyler Murray
2021102800,3279,0,GB,ARI,S,qb_sack,0.4611,0.3787,0.066,6.9,0.801,-0.3126,Aaron Rodgers
2021102800,3298,0,GB,ARI,C,pass_forward,0.305,0.2399,0.2214,2.0,3.9894,-0.0184,Aaron Rodgers
2021102800,3346,1,GB,ARI,C,pass_forward,0.3161,0.3165,0.2809,1.9,4.1995,-0.0356,Aaron Rodgers
2021102800,3670,0,GB,ARI,R,run,0.3076,0.3444,0.2035,5.3,1.0904,-0.1409,Aaron Rodgers
2021102800,3708,0,GB,ARI,I,pass_forward,0.6223,0.6655,0.5255,2.4,2.5999,-0.14,Aaron Rodgers
2021102800,3751,0,ARI,GB,I,pass_forward,0.2166,0.0946,0.166,2.4,2.5303,0.0714,Kyler Murray
2021102800,3773,1,ARI,GB,C,pass_forward,0.1655,0.3411,0.3624,3.9,3.6721,0.0213,Kyler Murray
2021102800,3797,1,ARI,GB,C,pass_forward,0.3051,0.2498,0.4352,3.7,2.2319,0.1854,Kyler Murray
2021102800,3862,1,ARI,GB,C,pass_forward,0.6639,0.7608,0.7909,1.5,3.273,0.0301,Kyler Murray
2021102800,3917,1,ARI,GB,C,pass_forward,0.0659,0.0655,0.1581,3.6,1.36,0.0927,Kyler Murray
2021102800,4039,0,ARI,GB,IN,pass_forward,0.2266,0.2442,0.3469,1.7,2.8761,0.1027,Kyler Murray
2021103100,113,0,ATL,CAR,S,qb_sack,0.3931,0.5098,0.341,3.2,0.4924,-0.1689,Matt Ryan
2021103100,132,0,ATL,CAR,I,pass_forward,0.294,0.2267,0.3314,2.6,3.6373,0.1047,Matt Ryan
2021103100,230,1,CAR,ATL,C,pass_forward,0.4869,0.5693,0.6355,3.0,1.5562,0.0662,Sam Darnold
2021103100,422,1,CAR,ATL,C,pass_forward,0.3244,0.2748,0.4314,3.1,1.1323,0.1567,Sam Darnold
2021103100,467,0,CAR,ATL,I,pass_forward,0.3081,0.2846,0.2712,2.2,2.3861,-0.0134,Sam Darnold
2021103100,587,0,ATL,CAR,C,pass_forward,0.3449,0.3524,0.2767,2.1,1.9288,-0.0758,Matt Ryan
2021103100,637,0,ATL,CAR,I,pass_forward,0.5104,0.5764,0.5879,2.3,1.8445,0.0115,Matt Ryan
2021103100,722,0,CAR,ATL,I,pass_forward,0.1113,0.1039,0.0606,3.3,0.5941,-0.0433,Sam Darnold
2021103100,744,0,CAR,ATL,C,pass_forward,0.1276,0.1037,0.1194,2.3,3.6416,0.0157,Sam Darnold
2021103100,798,1,ATL,CAR,C,pass_forward,0.3558,0.368,0.4792,2.9,1.5617,0.1112,Matt Ryan
2021103100,923,0,ATL,CAR,C,pass_forward,0.2483,0.1814,0.1466,2.8,1.4835,-0.0348,Matt Ryan
2021103100,947,1,ATL,CAR,C,pass_forward,0.4133,0.4026,0.4061,2.4,2.411,0.0035,Matt Ryan
2021103100,1032,1,ATL,CAR,C,pass_forward,0.5473,0.5899,0.08,2.9,0.8215,-0.5098,Matt Ryan
2021103100,1151,1,CAR,ATL,C,pass_forward,0.2704,0.4384,0.5311,2.3,2.5135,0.0927,Sam Darnold
2021103100,1252,0,CAR,ATL,R,run,0.2488,0.1972,0.4078,4.7,1.9813,0.2106,Sam Darnold
2021103100,1307,1,ATL,CAR,C,pass_forward,0.4371,0.3909,0.44,2.4,2.046,0.049,Matt Ryan
2021103100,1352,0,ATL,CAR,C,pass_forward,0.4623,0.3523,0.3266,3.4,2.1728,-0.0257,Matt Ryan
2021103100,1456,0,ATL,CAR,C,pass_forward,0.5317,0.6385,0.5952,2.3,2.1935,-0.0434,Matt Ryan
2021103100,1480,1,ATL,CAR,C,pass_forward,0.7433,0.7153,0.7352,0.9,2.1598,0.0199,Matt Ryan
2021103100,1550,0,ATL,CAR,IN,pass_forward,0.4564,0.3774,0.446,3.1,2.1225,0.0686,Matt Ryan
2021103100,1602,0,CAR,ATL,I,pass_forward,0.4609,0.4362,0.5127,3.2,2.7683,0.0764,Sam Darnold
2021103100,1624,1,CAR,ATL,R,run,0.4448,0.363,0.2548,4.9,1.3713,-0.1082,Sam Darnold
2021103100,1700,0,CAR,ATL,I,pass_forward,0.6282,0.6534,0.6861,2.8,2.7445,0.0328,Sam Darnold
2021103100,1722,0,CAR,ATL,I,pass_forward,0.5561,0.5743,0.3668,2.2,1.4946,-0.2075,Sam Darnold
2021103100,1805,0,ATL,CAR,R,run,0.6025,0.5313,0.2533,3.5,1.23,-0.278,Matt Ryan
2021103100,1879,0,CAR,ATL,C,pass_forward,0.3961,0.2403,0.3935,3.2,2.3957,0.1531,Sam Darnold
2021103100,1908,1,CAR,ATL,C,pass_forward,0.7472,0.6574,0.6612,3.3,2.2182,0.0038,Sam Darnold
2021103100,2051,1,ATL,CAR,C,pass_forward,0.3633,0.4148,0.4828,2.5,2.1983,0.068,Matt Ryan
2021103100,2096,0,ATL,CAR,C,pass_forward,0.3894,0.4524,0.494,2.7,2.5928,0.0416,Matt Ryan
2021103100,2120,0,ATL,CAR,S,qb_sack,0.3739,0.4552,0.0125,4.0,0.2059,-0.4427,Matt Ryan
2021103100,2242,1,CAR,ATL,R,run,0.5462,0.665,0.4943,4.8,2.4622,-0.1707,Sam Darnold
2021103100,2263,0,CAR,ATL,I,pass_forward,0.3325,0.4183,0.4592,3.7,2.4791,0.041,Sam Darnold
2021103100,2374,1,CAR,ATL,C,pass_forward,0.3784,0.3527,0.3526,1.6,3.9594,-0.0001,Sam Darnold
2021103100,2472,0,CAR,ATL,C,pass_forward,0.3561,0.4578,0.2092,3.7,2.3668,-0.2486,Sam Darnold
2021103100,2496,0,CAR,ATL,I,pass_forward,0.3789,0.2798,0.1411,2.3,1.9904,-0.1387,Sam Darnold
2021103100,2573,0,ATL,CAR,C,pass_forward,0.334,0.3105,0.1764,2.0,1.3132,-0.1342,Matt Ryan
2021103100,2602,0,ATL,CAR,C,pass_forward,0.1676,0.1552,0.1179,2.2,1.4029,-0.0374,Matt Ryan
2021103100,2685,1,ATL,CAR,C,pass_forward,0.4457,0.4353,0.1339,2.3,0.9153,-0.3014,Matt Ryan
2021103100,2770,0,ATL,CAR,I,pass_forward,0.6339,0.5765,0.4005,2.5,1.5063,-0.1761,Matt Ryan
2021103100,2959,1,CAR,ATL,C,pass_forward,0.4194,0.3563,0.3912,2.9,3.0852,0.0348,Sam Darnold
2021103100,3021,0,CAR,ATL,I,pass_forward,0.3363,0.2871,0.204,2.7,1.2067,-0.0831,Sam Darnold
2021103100,3043,1,CAR,ATL,R,run,0.2973,0.3589,0.1353,4.2,1.1307,-0.2236,Sam Darnold
2021103100,3120,0,CAR,ATL,I,pass_forward,0.4291,0.8175,0.6898,4.9,2.0021,-0.1276,Phillip Walker
2021103100,3218,0,ATL,CAR,I,pass_forward,0.2526,0.3118,0.4124,2.4,2.4788,0.1006,Matt Ryan
2021103100,3261,0,ATL,CAR,S,qb_sack,0.2495,0.3895,0.0217,4.0,0.05,-0.3678,Matt Ryan
2021103100,3424,1,ATL,CAR,C,pass_forward,0.2536,0.3429,0.2668,2.7,1.3579,-0.0761,Matt Ryan
2021103100,3448,0,ATL,CAR,C,pass_forward,0.2962,0.2573,0.238,2.1,2.1667,-0.0194,Matt Ryan
2021103100,3472,1,ATL,CAR,C,pass_forward,0.4555,0.4898,0.2757,2.9,1.3481,-0.2141,Matt Ryan
2021103100,3517,0,ATL,CAR,I,pass_forward,0.2328,0.3322,0.4419,3.2,1.7734,0.1097,Matt Ryan
2021103100,3539,1,ATL,CAR,C,pass_forward,0.2364,0.2724,0.2617,2.5,1.2021,-0.0106,Matt Ryan
2021103100,3580,0,ATL,CAR,IN,pass_forward,0.2173,0.2431,0.1327,2.3,1.2218,-0.1104,Matt Ryan
2021103100,3745,1,ATL,CAR,C,pass_forward,0.3427,0.2513,0.3434,2.5,1.8741,0.0921,Matt Ryan
2021103101,62,0,BUF,MIA,C,pass_forward,0.3395,0.2127,0.2166,2.0,4.719,0.0038,Josh Allen
2021103101,112,0,BUF,MIA,I,pass_forward,0.4167,0.2619,0.1635,4.0,1.5616,-0.0984,Josh Allen
2021103101,184,0,MIA,BUF,I,pass_forward,0.2763,0.2761,0.1062,4.6,0.8628,-0.1699,Tua Tagovailoa
2021103101,210,1,MIA,BUF,C,pass_forward,0.2651,0.3802,0.4216,2.3,3.5482,0.0415,Tua Tagovailoa
2021103101,255,0,MIA,BUF,I,pass_forward,0.6064,0.6234,0.6724,1.6,3.9585,0.049,Tua Tagovailoa
2021103101,277,1,MIA,BUF,C,pass_forward,0.5325,0.6458,0.5123,2.5,1.9876,-0.1335,Tua Tagovailoa
2021103101,338,1,MIA,BUF,C,pass_forward,0.4433,0.4783,0.5868,2.6,4.8104,0.1085,Tua Tagovailoa
2021103101,383,0,MIA,BUF,I,pass_forward,0.4525,0.5184,0.318,2.3,3.1759,-0.2005,Tua Tagovailoa
2021103101,405,0,MIA,BUF,C,pass_forward,0.4582,0.4495,0.3315,3.5,1.5066,-0.118,Tua Tagovailoa
2021103101,514,1,BUF,MIA,R,run,0.3316,0.3345,0.3484,2.1,4.6098,0.0139,Josh Allen
2021103101,535,0,BUF,MIA,I,pass_forward,0.4128,0.2532,0.3804,4.1,2.8809,0.1272,Josh Allen
2021103101,737,0,MIA,BUF,I,pass_forward,0.2208,0.1676,0.1689,2.5,3.5741,0.0013,Tua Tagovailoa
2021103101,799,1,MIA,BUF,C,pass_forward,0.2921,0.3139,0.4846,1.9,4.8095,0.1707,Tua Tagovailoa
2021103101,868,0,MIA,BUF,S,qb_sack,0.1629,0.1008,0.0584,4.2,0.2532,-0.0424,Tua Tagovailoa
2021103101,962,1,BUF,MIA,C,pass_forward,0.3104,0.2914,0.2555,1.8,4.2204,-0.0358,Josh Allen
2021103101,1126,1,MIA,BUF,C,pass_forward,0.4732,0.482,0.0378,2.8,0.4925,-0.4442,Tua Tagovailoa
2021103101,1251,1,BUF,MIA,C,pass_forward,0.323,0.281,0.4375,3.1,2.8404,0.1565,Josh Allen
2021103101,1299,0,BUF,MIA,I,pass_forward,0.4494,0.4597,0.3861,2.5,2.3786,-0.0736,Josh Allen
2021103101,1321,0,BUF,MIA,I,pass_forward,0.4183,0.4513,0.3121,3.4,1.4103,-0.1392,Josh Allen
2021103101,1368,0,MIA,BUF,I,pass_forward,0.2012,0.2309,0.3665,2.5,1.6994,0.1356,Tua Tagovailoa
2021103101,1435,0,MIA,BUF,C,pass_forward,0.3219,0.2995,0.3682,1.8,3.2572,0.0687,Tua Tagovailoa
2021103101,1485,0,MIA,BUF,C,pass_forward,0.3363,0.345,0.4765,2.3,4.5851,0.1315,Tua Tagovailoa
2021103101,1582,0,MIA,BUF,I,pass_forward,0.2116,0.2479,0.3596,2.6,4.5505,0.1117,Tua Tagovailoa
2021103101,1695,1,BUF,MIA,C,pass_forward,0.6128,0.6316,0.6519,2.1,3.7181,0.0203,Josh Allen
2021103101,1724,0,BUF,MIA,I,pass_forward,0.2814,0.3301,0.2046,1.7,3.0594,-0.1254,Josh Allen
2021103101,1780,0,BUF,MIA,C,pass_forward,0.3166,0.2345,0.3702,3.3,0.461,0.1357,Josh Allen
2021103101,1804,0,BUF,MIA,I,autoevent_passforward,0.6596,0.5762,0.1216,2.9,0.9519,-0.4547,Josh Allen
2021103101,1834,0,MIA,BUF,C,pass_forward,0.3583,0.2279,0.2424,2.0,3.3968,0.0145,Tua Tagovailoa
2021103101,1929,0,MIA,BUF,C,pass_forward,0.2301,0.2257,0.2116,1.4,3.6669,-0.0141,Tua Tagovailoa
2021103101,1970,0,MIA,BUF,I,pass_forward,0.3231,0.4619,0.4976,1.6,4.0406,0.0357,Tua Tagovailoa
2021103101,2120,0,MIA,BUF,C,pass_forward,0.2556,0.4596,0.3271,2.4,2.9954,-0.1325,Tua Tagovailoa
2021103101,2155,0,MIA,BUF,R,run,0.4025,0.3187,0.3197,3.9,2.2459,0.001,Tua Tagovailoa
2021103101,2222,0,BUF,MIA,I,pass_forward,0.2925,0.2094,0.1835,2.2,2.8708,-0.0259,Josh Allen
2021103101,2248,0,BUF,MIA,I,pass_forward,0.328,0.3336,0.2454,3.5,0.9619,-0.0882,Josh Allen
2021103101,2306,0,MIA,BUF,C,pass_forward,0.2826,0.2842,0.2712,1.8,3.7973,-0.013,Tua Tagovailoa
2021103101,2330,0,MIA,BUF,I,pass_forward,0.2143,0.2275,0.1305,4.5,0.8601,-0.097,Tua Tagovailoa
2021103101,2352,0,MIA,BUF,I,pass_forward,0.2228,0.2386,0.2781,2.7,2.151,0.0395,Tua Tagovailoa
2021103101,2501,0,BUF,MIA,I,pass_forward,0.2098,0.1323,0.1151,2.6,1.8254,-0.0172,Josh Allen
2021103101,2527,1,BUF,MIA,C,pass_forward,0.2348,0.1232,0.198,4.4,3.3825,0.0748,Josh Allen
2021103101,2551,0,BUF,MIA,C,pass_forward,0.3246,0.3019,0.2292,5.6,2.9231,-0.0727,Josh Allen
2021103101,2616,0,BUF,MIA,C,pass_forward,0.3241,0.2982,0.4088,2.2,3.7503,0.1106,Josh Allen
2021103101,2813,1,BUF,MIA,C,pass_forward,0.3334,0.3447,0.2974,4.4,0.6316,-0.0473,Josh Allen
2021103101,2908,0,MIA,BUF,C,pass_forward,0.3928,0.4057,0.4373,3.3,2.0766,0.0316,Tua Tagovailoa
2021103101,2937,0,MIA,BUF,I,pass_forward,0.4838,0.565,0.5743,2.1,3.3058,0.0093,Tua Tagovailoa
2021103101,3067,1,BUF,MIA,C,pass_forward,0.3465,0.2529,0.4687,2.9,2.9243,0.2158,Josh Allen
2021103101,3155,0,BUF,MIA,R,run,0.2861,0.2609,0.2447,1.9,3.65,-0.0162,Josh Allen
2021103101,3234,1,BUF,MIA,C,pass_forward,0.1945,0.3584,0.3099,2.7,3.4667,-0.0485,Josh Allen
2021103101,3290,1,BUF,MIA,C,pass_forward,0.2785,0.2237,0.1922,2.0,2.113,-0.0315,Josh Allen
2021103101,3350,0,MIA,BUF,I,pass_forward,0.3473,0.2863,0.2947,3.3,2.1757,0.0084,Tua Tagovailoa
2021103101,3372,1,MIA,BUF,C,pass_forward,0.3546,0.2628,0.2768,1.9,3.2622,0.014,Tua Tagovailoa
2021103101,3401,0,MIA,BUF,I,pass_forward,0.3152,0.3027,0.1983,2.4,1.7279,-0.1044,Tua Tagovailoa
2021103101,3496,1,MIA,BUF,C,pass_forward,0.5402,0.5636,0.6539,2.8,4.2314,0.0903,Tua Tagovailoa
2021103101,3520,0,MIA,BUF,C,pass_forward,0.3651,0.2809,0.2912,2.1,4.0262,0.0103,Tua Tagovailoa
2021103101,3544,0,MIA,BUF,I,pass_forward,0.5775,0.4483,0.5469,2.0,3.7433,0.0986,Tua Tagovailoa
2021103101,3566,0,MIA,BUF,I,pass_forward,0.5297,0.4931,0.4674,2.3,2.4083,-0.0257,Tua Tagovailoa
2021103101,3588,1,MIA,BUF,C,pass_forward,0.549,0.534,0.5563,4.3,1.008,0.0223,Tua Tagovailoa
2021103101,3700,1,BUF,MIA,C,pass_forward,0.3581,0.3192,0.3921,3.1,3.6898,0.0729,Josh Allen
2021103101,3760,1,BUF,MIA,C,pass_forward,0.3464,0.336,0.2496,3.0,1.3019,-0.0863,Josh Allen
2021103101,3808,0,BUF,MIA,I,pass_forward,0.2384,0.2055,0.2566,3.4,2.1455,0.0511,Josh Allen
2021103101,3830,1,BUF,MIA,C,pass_forward,0.2503,0.218,0.3597,2.9,3.4583,0.1417,Josh Allen
2021103101,4284,1,MIA,BUF,C,pass_forward,0.2609,0.2988,0.1259,4.0,1.0465,-0.173,Tua Tagovailoa
2021103101,4313,0,MIA,BUF,I,pass_forward,0.234,0.3595,0.4259,3.1,3.4539,0.0663,Tua Tagovailoa
2021103101,4372,0,MIA,BUF,S,qb_strip_sack,0.0729,0.046,0.046,2.7,0.8376,0.0,Tua Tagovailoa
2021103102,62,0,SF,CHI,I,pass_forward,0.2731,0.1809,0.1554,1.8,3.3673,-0.0255,Jimmy Garoppolo
2021103102,84,0,SF,CHI,I,pass_forward,0.3065,0.2796,0.2952,2.2,3.1994,0.0156,Jimmy Garoppolo
2021103102,109,1,SF,CHI,C,pass_forward,0.2559,0.2699,0.1978,2.0,2.9308,-0.0721,Jimmy Garoppolo
2021103102,241,0,SF,CHI,I,pass_forward,0.1894,0.2521,0.2058,2.3,3.168,-0.0463,Jimmy Garoppolo
2021103102,295,0,SF,CHI,C,pass_forward,0.1036,0.1119,0.202,8.2,3.2414,0.0901,Jimmy Garoppolo
2021103102,377,0,CHI,SF,R,run,0.2335,0.186,0.2792,4.4,2.3362,0.0932,Justin Fields
2021103102,398,1,CHI,SF,C,pass_forward,0.3965,0.4587,0.4805,2.8,2.512,0.0218,Justin Fields
2021103102,475,0,CHI,SF,C,pass_forward,0.0939,0.0596,0.0598,2.1,4.4303,0.0002,Justin Fields
2021103102,555,0,CHI,SF,C,pass_forward,0.1029,0.1085,0.0563,2.5,2.506,-0.0522,Justin Fields
2021103102,657,1,SF,CHI,C,pass_forward,0.3576,0.2241,0.3279,2.9,1.999,0.1038,Jimmy Garoppolo
2021103102,702,0,SF,CHI,I,pass_forward,0.3713,0.3779,0.49,3.0,2.2897,0.1121,Jimmy Garoppolo
2021103102,724,0,SF,CHI,C,pass_forward,0.3402,0.3353,0.3489,2.7,1.5726,0.0136,Jimmy Garoppolo
2021103102,804,0,CHI,SF,I,pass_forward,0.3151,0.3642,0.2784,3.5,1.3366,-0.0858,Justin Fields
2021103102,870,1,CHI,SF,C,pass_forward,0.5867,0.557,0.5118,2.5,1.9132,-0.0453,Justin Fields
2021103102,894,1,CHI,SF,C,pass_forward,0.4,0.2962,0.149,3.4,1.4817,-0.1473,Justin Fields
2021103102,996,1,CHI,SF,R,run,0.7543,0.8237,0.9085,1.8,4.9304,0.0848,Justin Fields
2021103102,1038,1,CHI,SF,C,pass_forward,0.6161,0.6205,0.6535,2.5,2.1715,0.033,Justin Fields
2021103102,1083,1,CHI,SF,C,pass_forward,0.4983,0.4198,0.3666,3.5,2.23,-0.0531,Justin Fields
2021103102,1176,1,SF,CHI,C,pass_forward,0.2759,0.2182,0.3157,5.9,2.072,0.0975,Jimmy Garoppolo
2021103102,1200,1,SF,CHI,C,pass_forward,0.306,0.2906,0.3048,3.3,1.5588,0.0142,Jimmy Garoppolo
2021103102,1245,0,SF,CHI,I,pass_forward,0.4669,0.4337,0.5324,1.9,3.0008,0.0988,Jimmy Garoppolo
2021103102,1284,0,SF,CHI,I,pass_forward,0.4291,0.4422,0.5094,2.4,2.9416,0.0672,Jimmy Garoppolo
2021103102,1383,0,CHI,SF,I,pass_forward,0.4485,0.3736,0.494,3.3,2.5691,0.1205,Justin Fields
2021103102,1405,1,CHI,SF,C,pass_forward,0.3541,0.2966,0.4177,2.5,2.813,0.1211,Justin Fields
2021103102,1429,0,CHI,SF,R,run,0.2517,0.2152,0.3164,3.1,2.2244,0.1012,Justin Fields
2021103102,1471,1,CHI,SF,C,pass_forward,0.5605,0.5649,0.6235,2.1,4.022,0.0586,Justin Fields
2021103102,1495,1,CHI,SF,R,run,0.4413,0.3253,0.2444,3.8,2.6352,-0.0809,Justin Fields
2021103102,1614,0,CHI,SF,S,qb_sack,0.3954,0.3016,0.3319,4.1,0.806,0.0303,Justin Fields
2021103102,1646,0,CHI,SF,R,run,0.0906,0.0654,0.042,3.7,1.01,-0.0235,Justin Fields
2021103102,1716,0,CHI,SF,C,pass_forward,0.3789,0.3772,0.45,2.8,3.4423,0.0728,Justin Fields
2021103102,1830,0,SF,CHI,I,pass_forward,0.3224,0.3421,0.2802,3.7,1.5164,-0.0619,Jimmy Garoppolo
2021103102,1852,0,SF,CHI,C,pass_forward,0.3337,0.295,0.1385,1.8,1.2592,-0.1565,Jimmy Garoppolo
2021103102,1876,1,SF,CHI,C,pass_forward,0.5975,0.5364,0.559,1.6,3.6754,0.0227,Jimmy Garoppolo
2021103102,1934,1,SF,CHI,C,pass_forward,0.3735,0.2865,0.3855,3.3,1.5432,0.099,Jimmy Garoppolo
2021103102,1997,0,SF,CHI,I,pass_forward,0.3268,0.4972,0.3714,3.0,1.3479,-0.1258,Jimmy Garoppolo
2021103102,2077,1,CHI,SF,C,pass_forward,0.3878,0.3863,0.2567,3.6,1.88,-0.1295,Justin Fields
2021103102,2122,1,CHI,SF,R,run,0.2667,0.2634,0.3125,3.4,1.9034,0.049,Justin Fields
2021103102,2143,0,CHI,SF,I,pass_forward,0.2808,0.3885,0.4064,2.2,2.8156,0.0179,Justin Fields
2021103102,2186,1,CHI,SF,C,pass_forward,0.2006,0.2726,0.2013,2.2,2.1388,-0.0713,Justin Fields
2021103102,2231,0,CHI,SF,C,pass_forward,0.1637,0.142,0.0828,2.1,2.9261,-0.0592,Justin Fields
2021103102,2255,0,CHI,SF,R,run,0.4687,0.4481,0.1344,2.3,1.314,-0.3138,Justin Fields
2021103102,2312,0,CHI,SF,C,pass_forward,0.396,0.3717,0.4832,2.0,3.7407,0.1115,Justin Fields
2021103102,2343,0,CHI,SF,I,pass_forward,0.5994,0.4801,0.485,1.7,2.5447,0.0049,Justin Fields
2021103102,2470,0,SF,CHI,I,pass_forward,0.0996,0.0612,0.1094,2.9,1.6162,0.0481,Jimmy Garoppolo
2021103102,2757,0,CHI,SF,C,pass_forward,0.3944,0.3136,0.3066,2.7,2.8407,-0.007,Justin Fields
2021103102,2851,0,CHI,SF,S,run,0.1318,0.1558,0.1474,2.7,2.2358,-0.0084,Justin Fields
2021103102,2890,0,CHI,SF,I,pass_forward,0.1172,0.0828,0.0997,2.8,1.8404,0.0169,Justin Fields
2021103102,2954,1,SF,CHI,C,pass_forward,0.4755,0.2577,0.2207,4.4,1.9573,-0.0371,Jimmy Garoppolo
2021103102,3005,1,SF,CHI,C,pass_forward,0.5106,0.4495,0.4631,1.9,3.3019,0.0136,Jimmy Garoppolo
2021103102,3029,1,SF,CHI,C,pass_forward,0.3075,0.3587,0.3019,1.8,2.7597,-0.0568,Jimmy Garoppolo
2021103102,3146,0,CHI,SF,S,run,0.3865,0.3651,0.1746,3.9,1.7141,-0.1904,Justin Fields
2021103102,3172,0,CHI,SF,C,pass_forward,0.3529,0.2067,0.132,1.9,2.5866,-0.0747,Justin Fields
2021103102,3256,1,CHI,SF,C,pass_forward,0.0984,0.0929,0.0982,2.6,2.3122,0.0053,Justin Fields
2021103102,3280,0,CHI,SF,I,pass_forward,0.3634,0.4512,0.5546,2.4,2.2866,0.1034,Justin Fields
2021103102,3323,0,CHI,SF,C,pass_forward,0.4458,0.4463,0.4711,2.3,2.9712,0.0247,Justin Fields
2021103102,3347,1,CHI,SF,R,run,0.6109,0.6197,0.7601,3.1,0.6676,0.1405,Justin Fields
2021103102,3414,1,SF,CHI,C,pass_forward,0.3319,0.2983,0.5325,3.0,2.9918,0.2342,Jimmy Garoppolo
2021103102,3480,1,SF,CHI,C,pass_forward,0.3033,0.3403,0.4504,2.3,2.5809,0.1101,Jimmy Garoppolo
2021103102,3651,0,CHI,SF,I,pass_forward,0.2885,0.3194,0.4383,3.3,2.442,0.1189,Justin Fields
2021103102,3962,0,CHI,SF,IN,pass_forward,0.2734,0.1967,0.1594,4.1,1.4501,-0.0373,Justin Fields
2021103103,55,0,CLE,PIT,C,pass_forward,0.5071,0.2638,0.2275,2.1,2.79,-0.0363,Baker Mayfield
2021103103,105,0,CLE,PIT,I,pass_forward,0.3606,0.3926,0.5322,3.2,2.2185,0.1396,Baker Mayfield
2021103103,148,1,CLE,PIT,C,pass_forward,0.4143,0.4684,0.4698,3.5,2.7074,0.0014,Baker Mayfield
2021103103,193,1,CLE,PIT,C,pass_forward,0.3766,0.3753,0.4526,2.3,3.1849,0.0773,Baker Mayfield
2021103103,217,0,CLE,PIT,C,pass_forward,0.2338,0.3013,0.2113,2.2,2.2244,-0.09,Baker Mayfield
2021103103,262,0,CLE,PIT,I,pass_forward,0.4124,0.4557,0.5665,2.5,2.5307,0.1108,Baker Mayfield
2021103103,305,0,CLE,PIT,S,qb_sack,0.4376,0.3774,0.0242,4.9,0.6083,-0.3532,Baker Mayfield
2021103103,394,1,PIT,CLE,C,pass_forward,0.4837,0.436,0.5154,2.0,2.534,0.0794,Ben Roethlisberger
2021103103,460,0,PIT,CLE,I,pass_forward,0.3097,0.2527,0.216,2.4,1.8356,-0.0366,Ben Roethlisberger
2021103103,538,0,PIT,CLE,I,pass_forward,0.2181,0.1582,0.1799,2.4,1.4406,0.0217,Ben Roethlisberger
2021103103,712,1,CLE,PIT,C,pass_forward,0.4209,0.5258,0.4968,2.7,2.4858,-0.029,Baker Mayfield
2021103103,736,0,CLE,PIT,C,pass_forward,0.3558,0.3079,0.2395,1.9,2.6265,-0.0684,Baker Mayfield
2021103103,765,0,CLE,PIT,S,qb_sack,0.5769,0.6224,0.3552,7.5,1.7632,-0.2671,Baker Mayfield
2021103103,899,1,PIT,CLE,C,pass_forward,0.5954,0.654,0.649,2.5,2.3602,-0.005,Ben Roethlisberger
2021103103,944,1,PIT,CLE,C,pass_forward,0.5243,0.4977,0.5591,3.7,2.4575,0.0614,Ben Roethlisberger
2021103103,1010,0,PIT,CLE,I,pass_forward,0.2568,0.2271,0.2977,3.4,2.3006,0.0706,Ben Roethlisberger
2021103103,1080,0,PIT,CLE,S,qb_sack,0.2712,0.2655,0.0246,4.7,0.2921,-0.241,Ben Roethlisberger
2021103103,1119,0,PIT,CLE,C,pass_forward,0.214,0.1573,0.1594,2.4,1.8643,0.0021,Ben Roethlisberger
2021103103,1233,0,CLE,PIT,I,pass_forward,0.3483,0.2764,0.3854,2.9,1.9285,0.109,Baker Mayfield
2021103103,1255,0,CLE,PIT,I,pass_forward,0.3352,0.3666,0.406,2.5,3.2982,0.0394,Baker Mayfield
2021103103,1313,0,PIT,CLE,I,pass_forward,0.2313,0.3292,0.2514,2.0,3.1484,-0.0778,Ben Roethlisberger
2021103103,1437,0,CLE,PIT,S,autoevent_passforward,0.3007,0.213,0.2495,2.6,1.6876,0.0365,Baker Mayfield
2021103103,1456,0,CLE,PIT,I,pass_forward,0.0843,0.0925,0.0935,3.9,0.8559,0.001,Baker Mayfield
2021103103,1641,0,PIT,CLE,C,pass_forward,0.1521,0.1272,0.1256,1.7,3.6256,-0.0016,Ben Roethlisberger
2021103103,1665,1,PIT,CLE,C,pass_forward,0.351,0.3039,0.2424,2.1,1.8001,-0.0615,Ben Roethlisberger
2021103103,1774,0,PIT,CLE,I,pass_forward,0.2188,0.2162,0.1691,3.9,1.051,-0.0471,Ben Roethlisberger
2021103103,1802,0,PIT,CLE,S,qb_sack,0.251,0.2138,0.0219,3.4,0.3191,-0.192,Ben Roethlisberger
2021103103,1955,1,CLE,PIT,C,pass_forward,0.5931,0.5914,0.7053,1.6,4.3655,0.1139,Baker Mayfield
2021103103,1984,0,CLE,PIT,S,qb_sack,0.3077,0.2519,0.0717,4.6,0.39,-0.1802,Baker Mayfield
2021103103,2179,0,PIT,CLE,I,pass_forward,0.4577,0.4354,0.4389,1.7,3.7944,0.0034,Ben Roethlisberger
2021103103,2201,0,PIT,CLE,I,pass_forward,0.3927,0.4732,0.4818,2.4,3.1361,0.0086,Ben Roethlisberger
2021103103,2329,1,CLE,PIT,C,pass_forward,0.3567,0.3799,0.4049,2.2,4.3805,0.025,Baker Mayfield
2021103103,2353,1,CLE,PIT,C,pass_forward,0.3608,0.4476,0.4799,3.0,2.4742,0.0323,Baker Mayfield
2021103103,2403,1,CLE,PIT,C,pass_forward,0.4283,0.4428,0.4495,2.0,3.2856,0.0066,Baker Mayfield
2021103103,2580,1,PIT,CLE,C,pass_forward,0.4079,0.5163,0.4616,2.2,2.2182,-0.0546,Ben Roethlisberger
2021103103,2630,0,PIT,CLE,I,pass_forward,0.3791,0.4046,0.3824,2.4,2.701,-0.0222,Ben Roethlisberger
2021103103,2652,0,PIT,CLE,C,pass_forward,0.3791,0.4075,0.5369,3.2,3.4945,0.1294,Ben Roethlisberger
2021103103,2742,1,PIT,CLE,C,pass_forward,0.2669,0.2946,0.2149,1.4,4.1969,-0.0797,Ben Roethlisberger
2021103103,2921,0,CLE,PIT,I,pass_forward,0.1845,0.2005,0.2243,2.6,2.0947,0.0238,Baker Mayfield
2021103103,2955,0,CLE,PIT,C,pass_forward,0.1762,0.1873,0.2924,2.9,3.9103,0.1051,Baker Mayfield
2021103103,3050,1,PIT,CLE,C,pass_forward,0.2579,0.3056,0.3334,2.5,2.4014,0.0279,Ben Roethlisberger
2021103103,3100,1,PIT,CLE,C,pass_forward,0.4792,0.4483,0.6309,3.2,1.8894,0.1826,Ben Roethlisberger
2021103103,3270,1,PIT,CLE,C,pass_forward,0.0557,0.0316,0.0486,2.9,2.9939,0.017,Ben Roethlisberger
2021103103,3339,0,PIT,CLE,I,pass_forward,0.5887,0.5611,0.4395,3.2,2.0188,-0.1216,Ben Roethlisberger
2021103103,3361,0,PIT,CLE,I,pass_forward,0.6399,0.5978,0.6584,2.1,4.2706,0.0606,Ben Roethlisberger
2021103103,3400,1,PIT,CLE,C,pass_forward,0.591,0.525,0.4868,2.7,1.6975,-0.0381,Ben Roethlisberger
2021103103,3476,1,CLE,PIT,C,pass_forward,0.3019,0.3161,0.3422,3.3,2.3636,0.026,Baker Mayfield
2021103103,3566,0,CLE,PIT,C,pass_forward,0.3344,0.29,0.2435,2.1,4.2221,-0.0465,Baker Mayfield
2021103103,3594,1,CLE,PIT,R,run,0.5801,0.6243,0.5134,3.3,2.1138,-0.1109,Baker Mayfield
2021103103,3636,1,CLE,PIT,C,pass_forward,0.5236,0.5136,0.5428,2.2,2.2918,0.0293,Baker Mayfield
2021103103,3719,0,PIT,CLE,C,pass_forward,0.3571,0.3484,0.3398,2.7,2.3418,-0.0086,Ben Roethlisberger
2021103103,3847,1,CLE,PIT,C,pass_forward,0.3463,0.2735,0.2227,1.7,3.8732,-0.0508,Baker Mayfield
2021103103,3876,0,CLE,PIT,I,pass_forward,0.3636,0.3066,0.3871,3.5,2.3135,0.0805,Baker Mayfield
2021103103,3948,0,CLE,PIT,I,pass_forward,0.2855,0.4919,0.1069,5.2,2.3146,-0.385,Baker Mayfield
2021103103,4014,0,CLE,PIT,C,pass_forward,0.134,0.1041,0.1347,3.1,1.1947,0.0306,Baker Mayfield
2021103103,4055,0,CLE,PIT,I,pass_forward,0.1616,0.2088,0.199,3.9,1.7698,-0.0097,Baker Mayfield
2021103103,4249,0,PIT,CLE,I,pass_forward,0.0824,0.1401,0.1055,3.6,5.078,-0.0346,Ben Roethlisberger
2021103104,62,1,DET,PHI,C,pass_forward,0.276,0.2402,0.3013,2.3,3.9981,0.0612,Jared Goff
2021103104,128,0,DET,PHI,I,pass_forward,0.4468,0.4635,0.5135,2.3,2.0562,0.05,Jared Goff
2021103104,169,0,PHI,DET,I,pass_forward,0.1911,0.1732,0.1772,2.2,2.9695,0.004,Jalen Hurts
2021103104,212,0,PHI,DET,I,pass_forward,0.5072,0.6696,0.319,4.7,1.6003,-0.3506,Jalen Hurts
2021103104,268,0,DET,PHI,C,pass_forward,0.3066,0.2932,0.2958,2.0,3.1626,0.0026,Jared Goff
2021103104,292,1,DET,PHI,C,pass_forward,0.5967,0.5558,0.6951,3.1,1.3241,0.1394,Jared Goff
2021103104,342,0,DET,PHI,S,qb_sack,0.4002,0.4408,0.0437,4.1,0.7184,-0.3972,Jared Goff
2021103104,548,1,PHI,DET,C,pass_forward,0.4253,0.4478,0.5507,3.4,3.2014,0.1029,Jalen Hurts
2021103104,787,0,DET,PHI,S,qb_sack,0.3569,0.2596,0.058,4.6,0.114,-0.2016,Jared Goff
2021103104,972,0,PHI,DET,I,pass_forward,0.556,0.6192,0.6276,5.8,4.56,0.0085,Jalen Hurts
2021103104,1049,0,DET,PHI,C,pass_forward,0.2367,0.267,0.1557,1.9,1.3675,-0.1113,Jared Goff
2021103104,1073,1,DET,PHI,C,pass_forward,0.4109,0.384,0.3596,2.3,2.2615,-0.0244,Jared Goff
2021103104,1167,0,DET,PHI,I,pass_forward,0.3374,0.3307,0.4541,3.0,2.1701,0.1234,Jared Goff
2021103104,1212,0,DET,PHI,C,pass_forward,0.2009,0.116,0.3541,3.3,1.9638,0.2381,Jared Goff
2021103104,1236,0,DET,PHI,S,qb_sack,0.3691,0.4267,0.1408,3.8,0.3176,-0.2859,Jared Goff
2021103104,1322,1,PHI,DET,R,run,0.381,0.3454,0.4529,4.0,2.0212,0.1075,Jalen Hurts
2021103104,1372,1,PHI,DET,C,pass_forward,0.499,0.3055,0.335,1.8,4.7367,0.0295,Jalen Hurts
2021103104,1417,1,PHI,DET,R,run,0.4055,0.4293,0.4795,4.8,0.5243,0.0502,Jalen Hurts
2021103104,1491,0,DET,PHI,C,pass_forward,0.3459,0.2842,0.2155,3.5,4.887,-0.0687,Jared Goff
2021103104,1558,1,DET,PHI,C,pass_forward,0.4996,0.4873,0.4773,2.7,1.6693,-0.01,Jared Goff
2021103104,1620,0,DET,PHI,C,pass_forward,0.2527,0.1677,0.1417,2.4,1.9476,-0.0259,Jared Goff
2021103104,1661,1,DET,PHI,C,pass_forward,0.4901,0.4173,0.4745,2.4,3.0345,0.0573,Jared Goff
2021103104,1765,0,DET,PHI,I,pass_forward,0.4049,0.2457,0.2634,4.6,1.3376,0.0176,Jared Goff
2021103104,1791,1,DET,PHI,C,pass_forward,0.3504,0.254,0.2151,1.8,2.5844,-0.0389,Jared Goff
2021103104,1858,0,DET,PHI,C,pass_forward,0.4524,0.4763,0.5476,1.8,3.1594,0.0713,Jared Goff
2021103104,1920,0,DET,PHI,S,qb_sack,0.4748,0.488,0.0782,4.4,0.1105,-0.4098,Jared Goff
2021103104,2033,0,PHI,DET,I,pass_forward,0.0959,0.1949,0.0777,8.0,1.7085,-0.1171,Jalen Hurts
2021103104,2055,1,PHI,DET,R,run,0.1374,0.3414,0.2519,3.1,1.818,-0.0895,Jalen Hurts
2021103104,2108,1,PHI,DET,C,pass_forward,0.4304,0.4388,0.5758,3.8,2.4915,0.137,Jalen Hurts
2021103104,2174,1,PHI,DET,C,pass_forward,0.3343,0.3269,0.466,3.7,1.9148,0.1392,Jalen Hurts
2021103104,2325,1,DET,PHI,C,pass_forward,0.2682,0.38,0.4465,3.0,2.2982,0.0665,Jared Goff
2021103104,2455,0,DET,PHI,I,pass_forward,0.2143,0.2928,0.2713,5.1,1.4617,-0.0215,Jared Goff
2021103104,2509,0,PHI,DET,I,pass_forward,0.3119,0.343,0.2368,6.6,1.9676,-0.1062,Jalen Hurts
2021103104,2531,1,PHI,DET,C,pass_forward,0.3499,0.406,0.2173,3.4,1.6986,-0.1886,Jalen Hurts
2021103104,2755,1,DET,PHI,C,pass_forward,0.3658,0.3097,0.3027,2.5,1.7989,-0.007,Jared Goff
2021103104,2827,0,DET,PHI,C,pass_forward,0.3658,0.324,0.3947,2.7,1.8938,0.0708,Jared Goff
2021103104,2855,0,DET,PHI,S,qb_strip_sack,0.7277,0.6735,0.1735,2.4,1.0139,-0.5,Jared Goff
2021103104,2903,0,DET,PHI,C,pass_forward,0.2051,0.1262,0.174,2.3,2.2748,0.0478,Jared Goff
2021103104,2927,0,DET,PHI,I,pass_forward,0.5794,0.4956,0.0456,3.2,0.4531,-0.45,Jared Goff
2021103104,3157,1,DET,PHI,C,pass_forward,0.3288,0.2303,0.0359,3.3,0.679,-0.1944,Jared Goff
2021103104,3181,0,DET,PHI,C,pass_forward,0.3032,0.2737,0.3465,3.8,1.3601,0.0728,Jared Goff
2021103104,3205,1,DET,PHI,C,pass_forward,0.7095,0.7102,0.7614,2.0,2.9362,0.0512,Jared Goff
2021103104,3229,1,DET,PHI,C,pass_forward,0.2996,0.2839,0.3436,3.4,1.2587,0.0597,Jared Goff
2021103104,3253,0,DET,PHI,I,pass_forward,0.2795,0.2554,0.2889,2.6,2.972,0.0335,Jared Goff
2021103104,3275,0,DET,PHI,C,pass_forward,0.2753,0.2347,0.2525,2.6,1.6861,0.0178,Jared Goff
2021103104,3299,0,DET,PHI,I,pass_forward,0.4112,0.4288,0.532,2.1,2.5252,0.1032,Jared Goff
2021103104,3321,1,DET,PHI,C,pass_forward,0.384,0.3657,0.3568,1.7,4.3197,-0.009,Jared Goff
2021103104,3350,0,DET,PHI,I,pass_forward,0.2943,0.3025,0.2349,5.5,2.3259,-0.0676,Jared Goff
2021103104,3376,0,DET,PHI,I,pass_forward,0.2634,0.3138,0.3315,2.1,3.35,0.0177,Jared Goff
2021103104,3699,0,DET,PHI,R,run,0.3561,0.3112,0.3031,4.5,1.255,-0.008,David Blough
2021103104,3737,0,DET,PHI,S,autoevent_passforward,0.6848,0.5744,0.1254,3.3,0.7742,-0.4491,David Blough
2021103105,76,1,LA,HOU,C,pass_forward,0.2962,0.2715,0.2709,2.0,4.2346,-0.0005,Matthew Stafford
2021103105,142,1,LA,HOU,C,pass_forward,0.4552,0.3508,0.4421,2.4,3.0144,0.0913,Matthew Stafford
2021103105,166,0,LA,HOU,I,pass_forward,0.3395,0.3711,0.4437,2.5,2.0957,0.0726,Matthew Stafford
2021103105,188,0,LA,HOU,C,pass_forward,0.3277,0.3503,0.2086,3.2,1.1449,-0.1417,Matthew Stafford
2021103105,212,1,LA,HOU,C,pass_forward,0.6178,0.6269,0.629,2.6,2.8419,0.0021,Matthew Stafford
2021103105,236,1,LA,HOU,C,pass_forward,0.2361,0.3047,0.3151,2.5,3.0391,0.0104,Matthew Stafford
2021103105,292,1,LA,HOU,C,pass_forward,0.5387,0.5142,0.5799,2.6,2.3847,0.0656,Matthew Stafford
2021103105,391,1,HOU,LA,C,pass_forward,0.6411,0.7337,0.6757,3.9,1.8094,-0.0581,Davis Mills
2021103105,597,0,LA,HOU,C,pass_forward,0.358,0.3135,0.2985,2.6,2.5724,-0.0149,Matthew Stafford
2021103105,626,1,LA,HOU,C,pass_forward,0.4257,0.44,0.5469,3.0,2.8353,0.1069,Matthew Stafford
2021103105,740,0,LA,HOU,I,pass_forward,0.1832,0.2297,0.187,3.9,1.8583,-0.0428,Matthew Stafford
2021103105,762,0,LA,HOU,C,pass_forward,0.2836,0.2458,0.266,2.9,2.3873,0.0202,Matthew Stafford
2021103105,786,0,LA,HOU,I,pass_forward,0.4997,0.4738,0.5127,1.6,5.0945,0.0389,Matthew Stafford
2021103105,930,0,LA,HOU,C,pass_forward,0.3191,0.2445,0.2519,2.2,3.6988,0.0074,Matthew Stafford
2021103105,965,0,LA,HOU,I,pass_forward,0.4076,0.3902,0.1904,2.9,1.5611,-0.1998,Matthew Stafford
2021103105,986,1,LA,HOU,C,pass_forward,0.3281,0.2875,0.2795,2.4,2.5512,-0.0081,Matthew Stafford
2021103105,1032,1,LA,HOU,C,pass_forward,0.5228,0.5292,0.6659,4.2,2.5819,0.1367,Matthew Stafford
2021103105,1122,0,LA,HOU,I,pass_forward,0.3341,0.4085,0.4423,2.8,2.0649,0.0338,Matthew Stafford
2021103105,1156,0,LA,HOU,I,pass_forward,0.4242,0.4115,0.4067,2.5,1.9994,-0.0048,Matthew Stafford
2021103105,1233,0,HOU,LA,I,pass_forward,0.2463,0.3136,0.301,1.9,3.3087,-0.0126,Davis Mills
2021103105,1267,0,HOU,LA,IN,pass_forward,0.2938,0.2968,0.3423,3.6,1.2067,0.0456,Davis Mills
2021103105,1399,1,LA,HOU,C,pass_forward,0.3988,0.598,0.7336,3.2,4.1882,0.1356,Matthew Stafford
2021103105,1455,1,HOU,LA,C,pass_forward,0.4688,0.4334,0.5129,3.4,2.4358,0.0795,Davis Mills
2021103105,1513,0,HOU,LA,C,pass_forward,0.2557,0.2775,0.1962,1.5,3.7764,-0.0814,Davis Mills
2021103105,1547,0,HOU,LA,S,qb_sack,0.2127,0.2357,0.0277,4.4,0.4478,-0.208,Davis Mills
2021103105,1760,0,LA,HOU,I,pass_forward,0.4875,0.6406,0.5305,4.0,2.5288,-0.1101,Matthew Stafford
2021103105,1842,0,HOU,LA,I,pass_forward,0.3006,0.2641,0.1909,4.3,1.5815,-0.0732,Davis Mills
2021103105,1864,1,HOU,LA,C,pass_forward,0.2543,0.258,0.3559,2.5,2.697,0.0978,Davis Mills
2021103105,1976,1,HOU,LA,C,pass_forward,0.2457,0.4736,0.3899,1.8,2.9602,-0.0837,Davis Mills
2021103105,2077,0,HOU,LA,I,pass_forward,0.2436,0.4834,0.4149,2.1,3.9205,-0.0685,Davis Mills
2021103105,2120,0,HOU,LA,S,qb_sack,0.3775,0.4427,0.0226,5.2,0.1503,-0.4201,Davis Mills
2021103105,2206,0,LA,HOU,I,pass_forward,0.4504,0.4929,0.4917,1.9,4.3217,-0.0013,Matthew Stafford
2021103105,2240,0,LA,HOU,I,pass_forward,0.4555,0.4619,0.485,2.3,3.4724,0.0232,Matthew Stafford
2021103105,2309,0,HOU,LA,C,pass_forward,0.1665,0.1212,0.116,2.3,3.7238,-0.0052,Davis Mills
2021103105,2333,0,HOU,LA,S,qb_sack,0.2132,0.3365,0.118,4.3,0.064,-0.2185,Davis Mills
2021103105,2438,1,LA,HOU,C,pass_forward,0.3059,0.3942,0.4466,3.8,2.504,0.0524,Matthew Stafford
2021103105,2483,1,LA,HOU,C,pass_forward,0.2297,0.2943,0.2647,2.1,3.0254,-0.0296,Matthew Stafford
2021103105,2539,0,HOU,LA,S,qb_sack,0.2716,0.252,0.0232,5.8,0.3257,-0.2288,Davis Mills
2021103105,2596,0,HOU,LA,C,pass_forward,0.1583,0.0928,0.1799,3.3,3.129,0.0871,Davis Mills
2021103105,2693,1,LA,HOU,C,pass_forward,0.3249,0.2404,0.3143,2.7,3.9235,0.074,Matthew Stafford
2021103105,2743,0,LA,HOU,C,pass_forward,0.4157,0.3642,0.1255,2.8,0.8092,-0.2387,Matthew Stafford
2021103105,2931,0,HOU,LA,C,pass_forward,0.5454,0.5601,0.4311,2.1,2.2704,-0.129,Davis Mills
2021103105,2955,0,HOU,LA,I,pass_forward,0.3993,0.4616,0.1399,2.7,0.7632,-0.3217,Davis Mills
2021103105,3029,0,LA,HOU,S,qb_sack,0.414,0.5573,0.0454,3.9,0.3547,-0.5119,John Wolford
2021103105,3102,0,HOU,LA,C,pass_forward,0.2839,0.2667,0.2729,2.0,3.4185,0.0062,Davis Mills
2021103105,3126,1,HOU,LA,C,pass_forward,0.5606,0.6076,0.714,1.8,3.9037,0.1063,Davis Mills
2021103105,3214,0,HOU,LA,C,pass_forward,0.2724,0.2711,0.3201,2.5,2.4107,0.0491,Davis Mills
2021103105,3259,0,HOU,LA,C,pass_forward,0.2362,0.2235,0.0939,4.8,0.8504,-0.1296,Davis Mills
2021103105,3288,1,HOU,LA,C,pass_forward,0.5557,0.6285,0.5346,2.3,2.7588,-0.0939,Davis Mills
2021103105,3393,0,LA,HOU,I,pass_forward,0.3168,0.401,0.3488,1.9,4.378,-0.0522,John Wolford
2021103105,3467,0,HOU,LA,C,pass_forward,0.2505,0.2605,0.2783,1.9,3.3616,0.0179,Davis Mills
2021103105,3512,0,HOU,LA,C,pass_forward,0.2176,0.256,0.2733,1.9,4.1049,0.0173,Davis Mills
2021103105,3536,1,HOU,LA,C,pass_forward,0.5702,0.6099,0.6107,2.3,3.2076,0.0009,Davis Mills
2021103105,3593,1,HOU,LA,C,pass_forward,0.2804,0.3979,0.4095,4.0,0.7339,0.0116,Davis Mills
2021103105,3617,0,HOU,LA,C,pass_forward,0.2365,0.2517,0.2609,2.5,1.9324,0.0092,Davis Mills
2021103105,3686,0,HOU,LA,I,pass_forward,0.2423,0.2837,0.1751,3.0,2.3759,-0.1085,Davis Mills
2021103105,3708,1,HOU,LA,C,pass_forward,0.2423,0.2813,0.3447,2.1,3.5967,0.0634,Davis Mills
2021103105,3972,0,HOU,LA,C,pass_forward,0.14,0.4216,0.373,4.2,2.3917,-0.0486,Davis Mills
2021103105,3996,1,HOU,LA,C,pass_forward,0.6327,0.7106,0.5986,3.4,1.5369,-0.112,Davis Mills
2021103105,4020,0,HOU,LA,I,pass_forward,0.209,0.285,0.3559,2.3,3.1143,0.0709,Davis Mills
2021103105,4042,0,HOU,LA,C,pass_forward,0.2085,0.3121,0.4061,2.9,3.2382,0.0941,Davis Mills
2021103105,4066,1,HOU,LA,C,pass_forward,0.3692,0.4105,0.4619,3.7,3.5847,0.0513,Davis Mills
2021103105,4090,1,HOU,LA,C,pass_forward,0.3035,0.2729,0.273,4.4,1.8608,0.0002,Davis Mills
2021103105,4114,0,HOU,LA,I,pass_forward,0.0869,0.1299,0.1408,3.3,2.2418,0.0108,Davis Mills
2021103106,62,1,IND,TEN,C,pass_forward,0.3234,0.2822,0.234,2.1,4.23,-0.0483,Carson Wentz
2021103106,86,0,IND,TEN,C,pass_forward,0.2827,0.3148,0.2638,1.9,3.9386,-0.0511,Carson Wentz
2021103106,131,0,IND,TEN,I,pass_forward,0.4761,0.4765,0.4812,2.6,2.689,0.0047,Carson Wentz
2021103106,153,1,IND,TEN,C,pass_forward,0.5486,0.5872,0.6633,2.6,4.7361,0.0761,Carson Wentz
2021103106,225,0,IND,TEN,I,pass_forward,0.2942,0.2749,0.0859,5.8,1.09,-0.189,Carson Wentz
2021103106,335,0,IND,TEN,I,pass_forward,0.5843,0.5406,0.5355,3.4,4.1188,-0.005,Carson Wentz
2021103106,357,1,IND,TEN,C,pass_forward,0.5843,0.6133,0.6152,3.4,1.6984,0.0018,Carson Wentz
2021103106,434,0,TEN,IND,IN,pass_forward,0.464,0.4684,0.7117,3.1,2.4539,0.2433,Ryan Tannehill
2021103106,460,1,IND,TEN,C,pass_forward,0.3634,0.4388,0.4381,4.0,4.6034,-0.0007,Carson Wentz
2021103106,584,0,TEN,IND,I,pass_forward,0.4077,0.4986,0.5338,2.7,3.5977,0.0353,Ryan Tannehill
2021103106,673,1,IND,TEN,C,pass_forward,0.2121,0.2771,0.26,1.9,3.7416,-0.0171,Carson Wentz
2021103106,697,0,IND,TEN,I,pass_forward,0.3441,0.2987,0.3011,3.5,2.0209,0.0024,Carson Wentz
2021103106,719,0,IND,TEN,C,pass_forward,0.2795,0.1712,0.3421,3.1,4.5169,0.171,Carson Wentz
2021103106,743,0,IND,TEN,I,pass_forward,0.4648,0.4786,0.5622,4.0,2.8826,0.0836,Carson Wentz
2021103106,765,0,IND,TEN,I,pass_forward,0.4718,0.4959,0.5801,2.6,3.2388,0.0842,Carson Wentz
2021103106,808,1,TEN,IND,C,pass_forward,0.4931,0.4699,0.5049,2.9,1.862,0.035,Ryan Tannehill
2021103106,862,0,TEN,IND,C,pass_forward,0.336,0.2705,0.0741,3.5,0.9981,-0.1964,Ryan Tannehill
2021103106,907,1,TEN,IND,C,pass_forward,0.5776,0.6021,0.6795,2.2,3.5284,0.0774,Ryan Tannehill
2021103106,950,0,TEN,IND,C,pass_forward,0.2837,0.2795,0.3404,3.2,1.6059,0.0609,Ryan Tannehill
2021103106,1066,1,TEN,IND,C,pass_forward,0.5058,0.5474,0.6088,2.4,4.19,0.0614,Ryan Tannehill
2021103106,1182,0,IND,TEN,C,pass_forward,0.0535,0.0384,0.0344,4.8,1.2554,-0.004,Carson Wentz
2021103106,1207,0,IND,TEN,C,pass_forward,0.1697,0.1939,0.1691,2.1,2.358,-0.0248,Carson Wentz
2021103106,1231,0,IND,TEN,S,qb_sack,0.4199,0.438,0.0671,3.6,0.3734,-0.3709,Carson Wentz
2021103106,1333,1,TEN,IND,C,pass_forward,0.2638,0.2759,0.3289,4.2,2.5248,0.0529,Ryan Tannehill
2021103106,1394,0,TEN,IND,C,pass_forward,0.39,0.4203,0.3169,2.9,1.8481,-0.1034,Ryan Tannehill
2021103106,1460,0,TEN,IND,S,qb_sack,0.3453,0.2631,0.0131,4.4,0.2802,-0.25,Ryan Tannehill
2021103106,1479,0,TEN,IND,IN,pass_forward,0.279,0.1767,0.0422,2.3,0.568,-0.1346,Ryan Tannehill
2021103106,1524,1,TEN,IND,C,pass_forward,0.4074,0.4954,0.6145,3.4,2.5544,0.1191,Ryan Tannehill
2021103106,1641,0,IND,TEN,C,pass_forward,0.1838,0.1853,0.1478,1.8,3.6016,-0.0375,Carson Wentz
2021103106,1727,0,IND,TEN,I,pass_forward,0.3608,0.3713,0.444,5.2,0.405,0.0727,Carson Wentz
2021103106,1749,1,IND,TEN,C,pass_forward,0.3598,0.4043,0.4681,4.0,2.166,0.0638,Carson Wentz
2021103106,1806,0,IND,TEN,C,pass_forward,0.2533,0.2836,0.2306,2.9,1.264,-0.053,Carson Wentz
2021103106,1847,1,IND,TEN,C,pass_forward,0.4995,0.5144,0.5765,3.3,2.6202,0.0621,Carson Wentz
2021103106,1876,0,IND,TEN,I,pass_forward,0.2664,0.2911,0.2659,2.5,3.4694,-0.0251,Carson Wentz
2021103106,1905,0,IND,TEN,R,run,0.2711,0.2915,0.1998,3.5,1.2249,-0.0917,Carson Wentz
2021103106,2110,1,TEN,IND,C,pass_forward,0.5223,0.5641,0.4434,2.6,1.5426,-0.1207,Ryan Tannehill
2021103106,2199,0,TEN,IND,I,pass_forward,0.6304,0.6233,0.5594,3.0,1.6611,-0.0638,Ryan Tannehill
2021103106,2268,0,TEN,IND,I,pass_forward,0.4303,0.3695,0.326,1.8,2.6596,-0.0435,Ryan Tannehill
2021103106,2290,1,TEN,IND,C,pass_forward,0.3956,0.362,0.4026,2.3,1.6621,0.0406,Ryan Tannehill
2021103106,2319,1,TEN,IND,C,pass_forward,0.2802,0.3628,0.4489,3.6,2.4573,0.0862,Ryan Tannehill
2021103106,2369,0,TEN,IND,C,pass_forward,0.2433,0.1756,0.1775,3.0,1.7507,0.0019,Ryan Tannehill
2021103106,2393,1,TEN,IND,C,pass_forward,0.4867,0.4762,0.4601,2.7,3.1416,-0.0161,Ryan Tannehill
2021103106,2518,0,IND,TEN,I,pass_forward,0.4771,0.4658,0.4509,3.1,1.5464,-0.015,Carson Wentz
2021103106,2540,0,IND,TEN,I,pass_forward,0.4699,0.5267,0.4606,3.6,2.6527,-0.0661,Carson Wentz
2021103106,2622,0,TEN,IND,I,pass_forward,0.1359,0.1621,0.1214,2.7,2.7298,-0.0407,Ryan Tannehill
2021103106,2665,0,TEN,IND,C,pass_forward,0.2751,0.2688,0.2639,3.6,2.5306,-0.0049,Ryan Tannehill
2021103106,2799,0,IND,TEN,C,pass_forward,0.4013,0.3991,0.259,1.2,5.551,-0.14,Carson Wentz
2021103106,3069,0,TEN,IND,I,pass_forward,0.4337,0.2929,0.3651,3.9,2.52,0.0722,Ryan Tannehill
2021103106,3091,1,TEN,IND,C,pass_forward,0.3537,0.2728,0.2838,2.5,3.1144,0.011,Ryan Tannehill
2021103106,3203,0,TEN,IND,C,pass_forward,0.2228,0.0874,0.0784,1.6,2.6408,-0.009,Ryan Tannehill
2021103106,3261,0,IND,TEN,I,pass_forward,0.4664,0.3801,0.4318,3.8,2.1212,0.0517,Carson Wentz
2021103106,3283,0,IND,TEN,I,pass_forward,0.3336,0.3104,0.2757,2.0,4.4467,-0.0347,Carson Wentz
2021103106,3305,0,IND,TEN,C,pass_forward,0.3336,0.3762,0.1902,4.0,0.3808,-0.186,Carson Wentz
2021103106,3370,0,IND,TEN,C,pass_forward,0.1383,0.1297,0.1097,2.0,3.4402,-0.02,Carson Wentz
2021103106,3445,0,IND,TEN,I,pass_forward,0.4515,0.3159,0.4374,3.8,2.7906,0.1214,Carson Wentz
2021103106,3470,0,IND,TEN,I,pass_forward,0.3629,0.3617,0.2109,2.6,1.6946,-0.1508,Carson Wentz
2021103106,3617,0,IND,TEN,I,pass_forward,0.1103,0.093,0.1281,3.1,1.5754,0.0351,Carson Wentz
2021103106,3639,0,IND,TEN,I,pass_forward,0.1199,0.1084,0.0861,1.8,3.7583,-0.0222,Carson Wentz
2021103106,3691,0,TEN,IND,C,pass_forward,0.3336,0.2938,0.2587,3.8,2.6672,-0.035,Ryan Tannehill
2021103106,3762,0,TEN,IND,I,pass_forward,0.2289,0.2541,0.1858,2.4,2.4509,-0.0683,Ryan Tannehill
2021103106,3784,0,TEN,IND,C,pass_forward,0.2531,0.2887,0.1836,5.6,1.7103,-0.1051,Ryan Tannehill
2021103106,3890,0,TEN,IND,S,qb_sack,0.3628,0.4044,0.019,3.8,0.4704,-0.3854,Ryan Tannehill
2021103106,4052,0,IND,TEN,C,pass_forward,0.2985,0.3252,0.3608,2.8,3.1208,0.0357,Carson Wentz
2021103106,4109,0,IND,TEN,I,pass_forward,0.6053,0.4356,0.3911,3.6,1.5062,-0.0445,Carson Wentz
2021103106,4166,1,IND,TEN,C,pass_forward,0.1682,0.102,0.1367,7.5,1.4732,0.0347,Carson Wentz
2021103106,4207,0,IND,TEN,I,pass_forward,0.329,0.2492,0.4185,2.7,3.7085,0.1694,Carson Wentz
2021103106,4334,0,TEN,IND,S,qb_sack,0.3371,0.3149,0.0474,3.7,0.178,-0.2675,Ryan Tannehill
2021103106,4456,0,IND,TEN,I,pass_forward,0.5143,0.5409,0.056,4.8,0.717,-0.4849,Carson Wentz
2021103106,4478,0,IND,TEN,I,pass_forward,0.4803,0.503,0.5245,2.5,3.245,0.0215,Carson Wentz
2021103106,4518,0,TEN,IND,I,pass_forward,0.4092,0.4207,0.4975,3.1,2.4071,0.0768,Ryan Tannehill
2021103106,4561,0,TEN,IND,C,pass_forward,0.2328,0.2197,0.2711,3.5,2.6251,0.0514,Ryan Tannehill
2021103106,4603,0,IND,TEN,I,pass_forward,0.421,0.1926,0.2014,3.1,2.7912,0.0087,Carson Wentz
2021103106,4625,0,IND,TEN,C,pass_forward,0.3728,0.2068,0.2218,2.1,3.5342,0.0151,Carson Wentz
2021103106,4670,0,IND,TEN,IN,pass_forward,0.3886,0.3396,0.2721,3.6,2.3044,-0.0675,Carson Wentz
2021103106,4728,0,TEN,IND,I,pass_forward,0.1039,0.0495,0.0559,1.9,2.5057,0.0064,Ryan Tannehill
2021103106,4750,0,TEN,IND,C,pass_forward,0.0947,0.0361,0.0246,2.0,2.6422,-0.0115,Ryan Tannehill
2021103107,79,1,NYJ,CIN,C,pass_forward,0.6332,0.7104,0.6335,3.2,2.4858,-0.077,Mike White
2021103107,114,0,NYJ,CIN,C,pass_forward,0.2682,0.2889,0.2975,2.5,2.1038,0.0086,Mike White
2021103107,138,1,NYJ,CIN,C,pass_forward,0.4397,0.4491,0.5058,3.7,1.5023,0.0566,Mike White
2021103107,162,0,NYJ,CIN,C,pass_forward,0.1843,0.2988,0.2616,1.8,3.2928,-0.0372,Mike White
2021103107,257,1,NYJ,CIN,C,pass_forward,0.442,0.3906,0.3666,1.9,3.9062,-0.024,Mike White
2021103107,399,0,CIN,NYJ,I,pass_forward,0.2998,0.2445,0.193,2.0,2.7103,-0.0515,Joe Burrow
2021103107,421,0,CIN,NYJ,C,pass_forward,0.2926,0.2513,0.1936,2.1,1.8804,-0.0577,Joe Burrow
2021103107,445,0,CIN,NYJ,C,pass_forward,0.5277,0.5478,0.6185,2.5,3.6058,0.0707,Joe Burrow
2021103107,488,0,NYJ,CIN,C,pass_forward,0.4768,0.4113,0.3637,5.3,2.737,-0.0476,Mike White
2021103107,554,0,NYJ,CIN,C,pass_forward,0.3205,0.3564,0.3422,2.2,2.651,-0.0141,Mike White
2021103107,595,1,NYJ,CIN,C,pass_forward,0.6578,0.6282,0.6581,2.5,2.2477,0.03,Mike White
2021103107,720,0,CIN,NYJ,I,pass_forward,0.5832,0.4638,0.5836,2.6,2.5593,0.1198,Joe Burrow
2021103107,742,0,CIN,NYJ,S,qb_sack,0.5257,0.5722,0.3471,5.0,0.5346,-0.2251,Joe Burrow
2021103107,787,0,NYJ,CIN,IN,pass_forward,0.634,0.6325,0.1464,3.4,0.7916,-0.4861,Mike White
2021103107,842,1,CIN,NYJ,C,pass_forward,0.1819,0.1787,0.2062,2.4,3.6382,0.0275,Joe Burrow
2021103107,899,0,CIN,NYJ,C,pass_forward,0.6526,0.5291,0.5355,1.9,4.7087,0.0064,Joe Burrow
2021103107,1013,0,NYJ,CIN,I,pass_forward,0.3097,0.2467,0.2527,1.6,3.4225,0.0059,Mike White
2021103107,1101,0,NYJ,CIN,C,pass_forward,0.3853,0.3158,0.1369,3.2,2.5016,-0.179,Mike White
2021103107,1146,0,NYJ,CIN,I,pass_forward,0.4392,0.4365,0.5063,1.8,5.2987,0.0697,Mike White
2021103107,1209,0,CIN,NYJ,S,qb_strip_sack,0.6129,0.5707,0.3233,3.8,1.3019,-0.2474,Joe Burrow
2021103107,1311,0,NYJ,CIN,I,pass_forward,0.3331,0.4014,0.2439,1.7,2.91,-0.1575,Mike White
2021103107,1354,0,NYJ,CIN,C,pass_forward,0.3909,0.3445,0.3916,3.1,2.6906,0.0471,Mike White
2021103107,1397,0,CIN,NYJ,C,pass_forward,0.3143,0.2553,0.362,2.3,2.9157,0.1067,Joe Burrow
2021103107,1470,1,CIN,NYJ,C,pass_forward,0.5668,0.6261,0.3671,2.6,1.6103,-0.259,Joe Burrow
2021103107,1531,0,CIN,NYJ,C,pass_forward,0.3114,0.2823,0.4463,2.9,3.1957,0.1639,Joe Burrow
2021103107,1555,1,CIN,NYJ,C,pass_forward,0.511,0.4517,0.3972,2.5,1.6542,-0.0545,Joe Burrow
2021103107,1579,0,CIN,NYJ,I,pass_forward,0.5475,0.7343,0.5631,2.0,3.7706,-0.1712,Joe Burrow
2021103107,1601,1,CIN,NYJ,C,pass_forward,0.339,0.612,0.3663,4.6,1.6919,-0.2456,Joe Burrow
2021103107,1686,1,NYJ,CIN,C,pass_forward,0.3955,0.337,0.3183,1.5,3.8934,-0.0187,Mike White
2021103107,1758,0,CIN,NYJ,I,pass_forward,0.2435,0.2885,0.3778,3.0,2.672,0.0894,Joe Burrow
2021103107,1820,0,CIN,NYJ,I,pass_forward,0.4359,0.2859,0.2941,2.2,2.7841,0.0082,Joe Burrow
2021103107,1842,0,CIN,NYJ,I,pass_forward,0.4348,0.335,0.4546,2.6,3.171,0.1195,Joe Burrow
2021103107,1905,1,NYJ,CIN,C,pass_forward,0.2581,0.2585,0.4164,2.4,3.7809,0.1578,Mike White
2021103107,1929,1,NYJ,CIN,C,pass_forward,0.2744,0.2717,0.2062,2.8,1.1752,-0.0655,Mike White
2021103107,2003,1,NYJ,CIN,C,pass_forward,0.5195,0.6356,0.7053,2.0,3.2655,0.0697,Mike White
2021103107,2044,0,NYJ,CIN,I,pass_forward,0.208,0.1589,0.2022,1.8,3.2438,0.0433,Mike White
2021103107,2069,0,NYJ,CIN,C,pass_forward,0.1549,0.2028,0.1949,1.8,3.5364,-0.0079,Mike White
2021103107,2169,1,NYJ,CIN,C,pass_forward,0.3476,0.313,0.2145,1.9,2.033,-0.0986,Mike White
2021103107,2323,0,CIN,NYJ,C,pass_forward,0.2329,0.1403,0.1249,2.0,3.767,-0.0153,Joe Burrow
2021103107,2347,1,CIN,NYJ,C,pass_forward,0.4748,0.4074,0.4306,1.9,2.9206,0.0232,Joe Burrow
2021103107,2397,0,CIN,NYJ,C,pass_forward,0.1753,0.1162,0.1277,2.0,3.9706,0.0115,Joe Burrow
2021103107,2425,0,CIN,NYJ,I,pass_forward,0.4407,0.4423,0.4485,2.8,2.9561,0.0062,Joe Burrow
2021103107,2487,1,NYJ,CIN,C,pass_forward,0.4305,0.4661,0.6048,2.2,5.02,0.1387,Mike White
2021103107,2532,0,NYJ,CIN,S,qb_sack,0.3979,0.4298,0.1001,7.0,1.1098,-0.3297,Mike White
2021103107,2551,1,NYJ,CIN,C,pass_forward,0.2105,0.221,0.1647,2.1,2.1424,-0.0563,Mike White
2021103107,2575,1,NYJ,CIN,C,pass_forward,0.3378,0.2766,0.5345,3.8,2.4017,0.258,Mike White
2021103107,2733,0,NYJ,CIN,C,pass_forward,0.3717,0.2109,0.1879,1.9,2.6976,-0.023,Josh Johnson
2021103107,2762,0,NYJ,CIN,I,pass_forward,0.5512,0.5502,0.3541,3.6,2.3381,-0.1961,Josh Johnson
2021103107,2865,1,CIN,NYJ,C,pass_forward,0.4271,0.3959,0.4705,4.1,2.5489,0.0746,Joe Burrow
2021103107,2889,1,CIN,NYJ,C,pass_forward,0.363,0.2804,0.3585,2.0,3.7144,0.0781,Joe Burrow
2021103107,2970,1,NYJ,CIN,C,pass_forward,0.4225,0.4695,0.4615,2.4,2.166,-0.008,Mike White
2021103107,3015,1,NYJ,CIN,C,pass_forward,0.4349,0.4782,0.504,3.4,2.5093,0.0258,Mike White
2021103107,3039,1,NYJ,CIN,C,pass_forward,0.323,0.3118,0.4341,3.0,2.3978,0.1223,Mike White
2021103107,3145,0,NYJ,CIN,S,qb_sack,0.5885,0.4806,0.0261,4.4,0.364,-0.4544,Mike White
2021103107,3220,0,CIN,NYJ,I,pass_forward,0.3193,0.3206,0.1896,2.2,1.3223,-0.1311,Joe Burrow
2021103107,3242,1,CIN,NYJ,C,pass_forward,0.3118,0.2538,0.3339,2.3,3.3702,0.0801,Joe Burrow
2021103107,3332,0,CIN,NYJ,I,pass_forward,0.3272,0.2787,0.5028,3.5,2.7941,0.2241,Joe Burrow
2021103107,3354,0,CIN,NYJ,C,pass_forward,0.3182,0.3747,0.1505,2.5,1.0512,-0.2243,Joe Burrow
2021103107,3378,1,CIN,NYJ,C,pass_forward,0.5526,0.5858,0.4665,2.5,1.9292,-0.1193,Joe Burrow
2021103107,3423,0,CIN,NYJ,I,pass_forward,0.3685,0.3781,0.457,2.3,2.4596,0.0789,Joe Burrow
2021103107,3445,1,CIN,NYJ,C,pass_forward,0.3727,0.3773,0.215,5.2,2.2462,-0.1623,Joe Burrow
2021103107,3508,1,NYJ,CIN,C,pass_forward,0.2676,0.3313,0.27,1.9,3.843,-0.0613,Mike White
2021103107,3532,0,NYJ,CIN,I,pass_forward,0.3418,0.3704,0.3236,2.6,2.9534,-0.0468,Mike White
2021103107,3554,1,NYJ,CIN,C,pass_forward,0.3239,0.3805,0.4083,3.0,1.9654,0.0278,Mike White
2021103107,3611,0,NYJ,CIN,C,pass_forward,0.1259,0.0229,0.0204,2.0,4.016,-0.0025,Mike White
2021103107,3635,0,NYJ,CIN,C,pass_forward,0.379,0.3981,0.4317,2.0,2.9503,0.0336,Mike White
2021103107,3659,1,NYJ,CIN,C,pass_forward,0.6585,0.5742,0.6779,2.7,2.7594,0.1037,Mike White
2021103107,3735,1,NYJ,CIN,C,pass_forward,0.4803,0.4817,0.4713,2.7,2.2302,-0.0105,Mike White
2021103107,3869,1,NYJ,CIN,C,pass_forward,0.3164,0.3102,0.4085,3.2,1.6954,0.0983,Mike White
2021103107,3948,1,CIN,NYJ,C,pass_forward,0.4877,0.4366,0.2501,4.9,0.8771,-0.1865,Joe Burrow
2021103107,4007,0,CIN,NYJ,I,pass_forward,0.2362,0.2457,0.2717,3.3,1.9849,0.026,Joe Burrow
2021103107,4029,0,CIN,NYJ,S,qb_sack,0.237,0.2512,0.1607,3.9,0.2648,-0.0905,Joe Burrow
2021103107,4133,0,NYJ,CIN,I,pass_forward,0.5057,0.4682,0.5253,2.4,4.7696,0.0572,Mike White
2021103108,54,1,LAC,NE,C,pass_forward,0.2888,0.3407,0.3562,2.9,2.7449,0.0154,Justin Herbert
2021103108,99,1,LAC,NE,C,pass_forward,0.6004,0.6674,0.591,4.0,2.6592,-0.0764,Justin Herbert
2021103108,128,0,LAC,NE,I,pass_forward,0.2308,0.3004,0.2897,2.0,3.7084,-0.0107,Justin Herbert
2021103108,171,0,LAC,NE,C,pass_forward,0.4427,0.393,0.5001,4.3,1.1928,0.107,Justin Herbert
2021103108,290,0,NE,LAC,I,pass_forward,0.3812,0.4726,0.3526,2.6,1.6155,-0.12,Mac Jones
2021103108,312,1,NE,LAC,C,pass_forward,0.429,0.4136,0.4208,2.5,3.2041,0.0071,Mac Jones
2021103108,341,1,NE,LAC,C,pass_forward,0.2717,0.2837,0.3237,3.9,0.9552,0.04,Mac Jones
2021103108,393,0,NE,LAC,I,pass_forward,0.1846,0.2023,0.2339,2.7,2.8351,0.0316,Mac Jones
2021103108,415,0,NE,LAC,R,run,0.2333,0.1945,0.1947,4.4,1.4262,0.0002,Mac Jones
2021103108,485,0,NE,LAC,C,pass_forward,0.5196,0.5344,0.3378,5.7,2.449,-0.1966,Mac Jones
2021103108,619,1,LAC,NE,C,pass_forward,0.4714,0.5148,0.5588,2.5,2.7437,0.044,Justin Herbert
2021103108,648,0,LAC,NE,I,pass_forward,0.359,0.3966,0.5132,3.2,2.6715,0.1166,Justin Herbert
2021103108,670,0,LAC,NE,S,qb_sack,0.3492,0.314,0.0179,4.5,0.5515,-0.2961,Justin Herbert
2021103108,689,0,LAC,NE,R,run,0.1991,0.2048,0.3545,4.1,0.9425,0.1497,Justin Herbert
2021103108,740,0,NE,LAC,C,pass_forward,0.346,0.3206,0.3354,2.6,2.2136,0.0148,Mac Jones
2021103108,790,0,NE,LAC,I,pass_forward,0.3303,0.2969,0.4205,3.4,1.9633,0.1236,Mac Jones
2021103108,833,0,NE,LAC,S,qb_sack,0.4943,0.473,0.0502,3.5,0.3689,-0.4227,Mac Jones
2021103108,894,0,LAC,NE,I,pass_forward,0.3244,0.321,0.2242,1.6,3.2703,-0.0968,Justin Herbert
2021103108,979,1,LAC,NE,C,pass_forward,0.5025,0.4256,0.5369,3.0,2.2182,0.1113,Justin Herbert
2021103108,1035,1,NE,LAC,C,pass_forward,0.3511,0.3828,0.2285,2.9,1.4239,-0.1543,Mac Jones
2021103108,1124,1,NE,LAC,R,run,0.5249,0.5789,0.6747,2.9,2.7789,0.0958,Mac Jones
2021103108,1156,1,NE,LAC,C,pass_forward,0.3135,0.4184,0.572,3.5,2.5888,0.1536,Mac Jones
2021103108,1180,0,NE,LAC,I,pass_forward,0.5942,0.5349,0.4913,2.6,3.4284,-0.0437,Mac Jones
2021103108,1223,0,NE,LAC,I,pass_forward,0.7339,0.7698,0.4329,2.9,2.5803,-0.3369,Mac Jones
2021103108,1273,0,NE,LAC,I,pass_forward,0.6469,0.5558,0.5762,1.5,3.9721,0.0204,Mac Jones
2021103108,1332,0,LAC,NE,C,pass_forward,0.1879,0.3651,0.2481,1.8,2.6038,-0.117,Justin Herbert
2021103108,1356,0,LAC,NE,I,pass_forward,0.32,0.2383,0.1327,5.6,1.5815,-0.1056,Justin Herbert
2021103108,1403,0,NE,LAC,I,pass_forward,0.3067,0.2681,0.3571,3.0,1.9409,0.089,Mac Jones
2021103108,1425,0,NE,LAC,C,pass_forward,0.3054,0.3095,0.3589,2.5,4.4722,0.0494,Mac Jones
2021103108,1533,0,NE,LAC,I,pass_forward,0.3321,0.3085,0.223,2.9,1.8241,-0.0855,Mac Jones
2021103108,1555,0,NE,LAC,I,pass_forward,0.33,0.3673,0.3691,2.1,3.1759,0.0018,Mac Jones
2021103108,1632,0,LAC,NE,S,qb_sack,0.5971,0.7074,0.1217,5.0,0.5731,-0.5857,Justin Herbert
2021103108,1651,0,LAC,NE,I,pass_forward,0.5412,0.4716,0.0692,3.5,0.6648,-0.4024,Justin Herbert
2021103108,1748,0,NE,LAC,I,pass_forward,0.3738,0.3875,0.2841,2.5,1.4091,-0.1034,Mac Jones
2021103108,1770,0,NE,LAC,I,pass_forward,0.3681,0.3917,0.4607,2.4,4.2,0.069,Mac Jones
2021103108,1810,0,LAC,NE,C,pass_forward,0.2742,0.2011,0.2607,2.8,3.6188,0.0597,Justin Herbert
2021103108,1860,0,LAC,NE,I,pass_forward,0.3703,0.3121,0.3301,2.7,2.4382,0.0179,Justin Herbert
2021103108,1882,0,LAC,NE,IN,pass_forward,0.3504,0.2832,0.4195,3.0,2.2741,0.1362,Justin Herbert
2021103108,1908,1,NE,LAC,C,pass_forward,0.2503,0.2627,0.3337,3.5,2.5268,0.071,Mac Jones
2021103108,1932,0,NE,LAC,I,pass_forward,0.2363,0.2738,0.3279,2.6,4.4566,0.0541,Mac Jones
2021103108,1954,0,NE,LAC,I,pass_forward,0.2303,0.2655,0.2816,2.5,1.894,0.0161,Mac Jones
2021103108,1976,0,NE,LAC,I,pass_forward,0.2274,0.2931,0.3002,2.9,2.3223,0.0071,Mac Jones
2021103108,2166,0,NE,LAC,C,pass_forward,0.4377,0.482,0.3237,2.4,2.0453,-0.1583,Mac Jones
2021103108,2211,1,NE,LAC,C,pass_forward,0.4167,0.2699,0.3927,3.4,2.1062,0.1228,Mac Jones
2021103108,2292,0,NE,LAC,I,pass_forward,0.2251,0.2201,0.264,3.1,2.5382,0.0439,Mac Jones
2021103108,2314,0,NE,LAC,C,pass_forward,0.2433,0.1929,0.1669,2.7,3.1765,-0.026,Mac Jones
2021103108,2354,1,LAC,NE,C,pass_forward,0.3455,0.381,0.2398,3.4,2.3129,-0.1412,Justin Herbert
2021103108,2404,0,LAC,NE,I,pass_forward,0.3836,0.4629,0.2588,4.7,2.6896,-0.2041,Justin Herbert
2021103108,2426,0,LAC,NE,I,pass_forward,0.4017,0.5227,0.1087,5.6,1.2238,-0.414,Justin Herbert
2021103108,2549,1,NE,LAC,C,pass_forward,0.4077,0.4118,0.3829,3.2,1.9912,-0.0289,Mac Jones
2021103108,2668,0,NE,LAC,I,pass_forward,0.031,0.1381,0.1801,3.3,1.2638,0.042,Mac Jones
2021103108,2711,0,NE,LAC,I,pass_forward,0.4951,0.4891,0.4245,2.9,1.6492,-0.0646,Mac Jones
2021103108,2794,1,LAC,NE,C,pass_forward,0.3313,0.4141,0.4664,4.2,0.9301,0.0523,Justin Herbert
2021103108,2866,0,LAC,NE,I,pass_forward,0.5289,0.5677,0.6513,1.8,2.8976,0.0836,Justin Herbert
2021103108,2922,0,NE,LAC,C,pass_forward,0.3102,0.3453,0.3796,2.6,2.3133,0.0343,Mac Jones
2021103108,2965,0,NE,LAC,C,pass_forward,0.4172,0.3844,0.4661,1.8,2.5133,0.0817,Mac Jones
2021103108,3185,1,LAC,NE,C,pass_forward,0.2196,0.1286,0.1851,3.3,2.8443,0.0566,Justin Herbert
2021103108,3230,0,LAC,NE,I,pass_forward,0.321,0.2755,0.2655,2.8,2.7359,-0.01,Justin Herbert
2021103108,3252,0,LAC,NE,IN,pass_forward,0.3075,0.2431,0.2891,2.9,2.3301,0.046,Justin Herbert
2021103108,3332,0,LAC,NE,I,pass_forward,0.3257,0.1727,0.1977,3.0,1.9499,0.025,Justin Herbert
2021103108,3386,0,LAC,NE,C,pass_forward,0.0823,0.0479,0.0408,2.2,2.1012,-0.0071,Justin Herbert
2021103108,3671,1,NE,LAC,C,pass_forward,0.3556,0.4369,0.2734,2.6,1.4506,-0.1635,Mac Jones
2021103108,3683,0,LAC,NE,C,pass_forward,0.2882,0.3417,0.318,2.8,2.6807,-0.0237,Justin Herbert
2021103108,3758,1,NE,LAC,C,pass_forward,0.319,0.3815,0.3947,3.2,2.277,0.0132,Mac Jones
2021103108,3802,1,LAC,NE,C,pass_forward,0.5584,0.5886,0.5393,2.8,2.439,-0.0492,Justin Herbert
2021103108,3831,0,NE,LAC,C,pass_forward,0.351,0.3349,0.2457,1.8,2.5519,-0.0892,Mac Jones
2021103108,3872,0,LAC,NE,S,qb_sack,0.2753,0.3086,0.0334,4.5,0.3758,-0.2752,Justin Herbert
2021103108,3896,1,NE,LAC,C,pass_forward,0.6035,0.6381,0.7136,1.8,2.026,0.0755,Mac Jones
2021103108,3919,1,LAC,NE,C,pass_forward,0.0652,0.0549,0.1128,2.9,2.0204,0.0579,Justin Herbert
2021103108,3960,0,LAC,NE,I,pass_forward,0.238,0.3477,0.2056,3.5,1.0548,-0.1422,Justin Herbert
2021103108,3989,1,LAC,NE,C,pass_forward,0.2506,0.286,0.3737,3.2,3.216,0.0877,Justin Herbert
2021103108,4019,1,LAC,NE,C,pass_forward,0.2289,0.2803,0.3522,2.8,3.3395,0.0718,Justin Herbert
2021103108,4065,1,LAC,NE,C,pass_forward,0.2945,0.278,0.3086,2.9,2.3905,0.0306,Justin Herbert
2021103109,75,1,JAX,SEA,C,pass_forward,0.3973,0.4336,0.5349,2.1,4.1931,0.1013,Trevor Lawrence
2021103109,141,0,JAX,SEA,C,pass_forward,0.4004,0.4715,0.5965,3.2,2.1623,0.125,Trevor Lawrence
2021103109,165,1,JAX,SEA,C,pass_forward,0.3852,0.4226,0.4808,2.1,2.852,0.0581,Trevor Lawrence
2021103109,189,0,JAX,SEA,I,pass_forward,0.4236,0.3378,0.1492,5.7,1.5914,-0.1886,Trevor Lawrence
2021103109,232,0,JAX,SEA,S,qb_sack,0.3855,0.3178,0.1072,5.8,0.2012,-0.2106,Trevor Lawrence
2021103109,268,0,SEA,JAX,C,pass_forward,0.3075,0.415,0.5751,2.6,2.9629,0.1601,Geno Smith
2021103109,414,1,SEA,JAX,C,pass_forward,0.5047,0.5772,0.3806,3.2,1.8604,-0.1966,Geno Smith
2021103109,623,0,JAX,SEA,I,pass_forward,0.435,0.5204,0.4569,2.5,2.863,-0.0635,Trevor Lawrence
2021103109,705,0,SEA,JAX,C,pass_forward,0.374,0.3733,0.2808,4.5,3.0144,-0.0925,Geno Smith
2021103109,734,0,SEA,JAX,C,pass_forward,0.4553,0.4648,0.5642,2.1,3.3033,0.0994,Geno Smith
2021103109,855,0,JAX,SEA,C,pass_forward,0.1732,0.1239,0.1798,2.3,2.0803,0.0559,Trevor Lawrence
2021103109,903,0,JAX,SEA,IN,pass_forward,0.2513,0.3051,0.5062,4.2,3.1998,0.2011,Trevor Lawrence
2021103109,934,0,SEA,JAX,C,pass_forward,0.3027,0.3711,0.3612,2.0,3.9772,-0.0099,Geno Smith
2021103109,1034,0,SEA,JAX,C,pass_forward,0.3079,0.285,0.3395,2.0,4.2912,0.0546,Geno Smith
2021103109,1058,1,SEA,JAX,C,pass_forward,0.4353,0.4816,0.5422,2.3,3.1516,0.0606,Geno Smith
2021103109,1144,1,SEA,JAX,C,pass_forward,0.2446,0.3286,0.3296,2.8,2.4528,0.001,Geno Smith
2021103109,1242,1,JAX,SEA,C,pass_forward,0.3898,0.4594,0.4861,3.7,2.08,0.0267,Trevor Lawrence
2021103109,1316,0,JAX,SEA,I,pass_forward,0.2538,0.2686,0.3256,2.4,2.6771,0.057,Trevor Lawrence
2021103109,1359,0,JAX,SEA,I,pass_forward,0.396,0.4762,0.4772,3.0,2.0508,0.001,Trevor Lawrence
2021103109,1381,0,JAX,SEA,I,pass_forward,0.3434,0.3948,0.0333,5.6,0.436,-0.3616,Trevor Lawrence
2021103109,1439,0,SEA,JAX,C,pass_forward,0.0974,0.1089,0.0798,2.6,2.2965,-0.0291,Geno Smith
2021103109,1463,1,SEA,JAX,C,pass_forward,0.3174,0.331,0.354,3.4,2.9416,0.023,Geno Smith
2021103109,1492,0,SEA,JAX,C,pass_forward,0.2724,0.1852,0.1997,2.0,4.0942,0.0144,Geno Smith
2021103109,1609,0,SEA,JAX,C,pass_forward,0.3727,0.4528,0.4998,3.4,4.9883,0.047,Geno Smith
2021103109,1747,0,SEA,JAX,S,qb_sack,0.3679,0.3298,0.0146,5.5,0.0922,-0.3153,Geno Smith
2021103109,1808,0,SEA,JAX,I,pass_forward,0.0889,0.1127,0.0845,5.8,0.7529,-0.0282,Geno Smith
2021103109,1944,0,SEA,JAX,I,pass_forward,0.207,0.506,0.4771,2.8,2.0011,-0.0289,Geno Smith
2021103109,1987,0,SEA,JAX,S,qb_sack,0.2884,0.3519,0.0204,3.7,0.3833,-0.3315,Geno Smith
2021103109,2031,0,JAX,SEA,I,pass_forward,0.3799,0.3546,0.3959,2.8,2.0056,0.0412,Trevor Lawrence
2021103109,2095,0,JAX,SEA,I,pass_forward,0.4986,0.4762,0.604,3.0,3.0265,0.1278,Trevor Lawrence
2021103109,2138,1,SEA,JAX,C,pass_forward,0.3489,0.4104,0.5174,1.9,4.5453,0.107,Geno Smith
2021103109,2167,0,SEA,JAX,R,run,0.4009,0.2854,0.2434,5.3,0.2617,-0.0421,Geno Smith
2021103109,2193,1,SEA,JAX,C,pass_forward,0.5119,0.6046,0.6539,2.7,1.9292,0.0493,Geno Smith
2021103109,2266,0,SEA,JAX,I,pass_forward,0.5159,0.3085,0.3312,1.8,2.348,0.0227,Geno Smith
2021103109,2288,1,SEA,JAX,C,pass_forward,0.4138,0.3417,0.4087,1.9,2.6163,0.0671,Geno Smith
2021103109,2362,0,JAX,SEA,I,pass_forward,0.1425,0.3042,0.1697,5.4,1.5484,-0.1345,Trevor Lawrence
2021103109,2688,1,JAX,SEA,C,pass_forward,0.6295,0.7509,0.4402,3.3,1.9849,-0.3107,Trevor Lawrence
2021103109,2734,0,JAX,SEA,C,pass_forward,0.2765,0.2076,0.1634,3.2,1.1585,-0.0443,Trevor Lawrence
2021103109,2847,0,JAX,SEA,I,pass_forward,0.2411,0.3044,0.3031,2.7,2.1654,-0.0013,Trevor Lawrence
2021103109,2869,0,JAX,SEA,I,pass_forward,0.2411,0.2836,0.0268,4.1,0.3132,-0.2568,Trevor Lawrence
2021103109,2891,0,SEA,JAX,I,pass_forward,0.4218,0.3362,0.0767,4.9,0.9708,-0.2596,Geno Smith
2021103109,2953,0,SEA,JAX,C,pass_forward,0.0686,0.0597,0.0413,2.1,3.4288,-0.0184,Geno Smith
2021103109,2977,0,SEA,JAX,C,pass_forward,0.208,0.2081,0.2098,2.9,2.9189,0.0017,Geno Smith
2021103109,3020,0,JAX,SEA,C,pass_forward,0.3055,0.4654,0.4989,2.6,2.0881,0.0335,Trevor Lawrence
2021103109,3044,1,JAX,SEA,C,pass_forward,0.6239,0.661,0.6495,3.6,2.2522,-0.0115,Trevor Lawrence
2021103109,3068,0,JAX,SEA,I,pass_forward,0.2606,0.2582,0.3094,2.4,4.2086,0.0512,Trevor Lawrence
2021103109,3090,0,JAX,SEA,C,pass_forward,0.2315,0.4379,0.4651,2.3,3.6582,0.0272,Trevor Lawrence
2021103109,3119,0,JAX,SEA,R,run,0.4039,0.4168,0.3467,2.9,1.29,-0.0701,Trevor Lawrence
2021103109,3176,0,JAX,SEA,C,pass_forward,0.2469,0.2594,0.3456,2.2,3.6463,0.0862,Trevor Lawrence
2021103109,3276,0,JAX,SEA,I,pass_forward,0.1358,0.1384,0.1884,3.0,1.6278,0.05,Trevor Lawrence
2021103109,3338,0,SEA,JAX,S,qb_sack,0.1746,0.1344,0.0792,4.7,0.7237,-0.0553,Geno Smith
2021103109,3473,0,JAX,SEA,I,pass_forward,0.2768,0.3061,0.2995,5.4,1.3524,-0.0067,Trevor Lawrence
2021103109,3516,1,JAX,SEA,C,pass_forward,0.3918,0.4149,0.2881,2.8,1.5905,-0.1268,Trevor Lawrence
2021103109,3540,0,JAX,SEA,C,pass_forward,0.2521,0.3096,0.3212,2.9,1.9501,0.0116,Trevor Lawrence
2021103109,3564,1,JAX,SEA,C,pass_forward,0.7173,0.774,0.7962,2.2,2.994,0.0222,Trevor Lawrence
2021103109,3588,0,JAX,SEA,I,pass_forward,0.2452,0.2684,0.0321,4.2,0.6407,-0.2364,Trevor Lawrence
2021103109,3610,1,JAX,SEA,C,pass_forward,0.2457,0.309,0.3144,2.6,1.86,0.0054,Trevor Lawrence
2021103109,3634,0,JAX,SEA,I,pass_forward,0.2597,0.2684,0.3693,3.0,1.9712,0.1009,Trevor Lawrence
2021103109,3668,0,JAX,SEA,C,pass_forward,0.2039,0.1436,0.1755,2.1,2.6507,0.0319,Trevor Lawrence
2021103109,3692,1,JAX,SEA,C,pass_forward,0.5048,0.5913,0.45,3.2,1.4104,-0.1414,Trevor Lawrence
2021103109,3716,0,JAX,SEA,C,pass_forward,0.2221,0.2326,0.2718,2.1,3.9113,0.0391,Trevor Lawrence
2021103109,3762,0,JAX,SEA,I,pass_forward,0.4279,0.4458,0.3099,4.7,1.3697,-0.1359,Trevor Lawrence
2021103109,3828,1,JAX,SEA,C,pass_forward,0.2677,0.4126,0.3729,3.3,2.0806,-0.0397,Trevor Lawrence
2021103109,3905,0,JAX,SEA,C,pass_forward,0.3132,0.5604,0.5172,2.0,3.578,-0.0431,Trevor Lawrence
2021103109,3945,1,JAX,SEA,C,pass_forward,0.8658,0.9237,0.9338,1.8,2.4629,0.01,Trevor Lawrence
2021103109,3991,0,JAX,SEA,C,pass_forward,0.3348,0.2747,0.4068,3.1,3.0451,0.1321,Trevor Lawrence
2021103109,4020,0,JAX,SEA,I,pass_forward,0.8575,0.8874,0.9361,2.1,3.1716,0.0487,Trevor Lawrence
2021103109,4066,0,JAX,SEA,I,pass_forward,0.3541,0.2773,0.1575,2.8,1.031,-0.1198,Trevor Lawrence
2021103109,4094,0,JAX,SEA,C,pass_forward,0.3168,0.2919,0.4788,3.1,4.4714,0.1869,Trevor Lawrence
2021103109,4140,0,JAX,SEA,I,pass_forward,0.4058,0.4538,0.4005,2.5,3.0676,-0.0533,Trevor Lawrence
2021103110,99,1,WAS,DEN,C,pass_forward,0.5628,0.5712,0.5964,1.7,3.9535,0.0252,Taylor Heinicke
2021103110,144,1,WAS,DEN,R,run,0.3595,0.3775,0.2,3.3,0.9513,-0.1774,Taylor Heinicke
2021103110,228,0,WAS,DEN,I,pass_forward,0.5923,0.6235,0.4994,2.4,4.3917,-0.1241,Taylor Heinicke
2021103110,252,0,DEN,WAS,C,pass_forward,0.2956,0.3672,0.257,2.5,2.4419,-0.1102,Teddy Bridgewater
2021103110,362,0,DEN,WAS,I,pass_forward,0.6887,0.6737,0.6695,2.5,1.7024,-0.0042,Teddy Bridgewater
2021103110,398,1,DEN,WAS,C,pass_forward,0.7256,0.6765,0.6207,2.3,1.7974,-0.0558,Teddy Bridgewater
2021103110,454,0,DEN,WAS,S,qb_sack,0.0392,0.1059,0.0855,4.6,0.1803,-0.0204,Teddy Bridgewater
2021103110,530,0,DEN,WAS,I,pass_forward,0.0259,0.0316,0.0371,3.0,4.7079,0.0056,Teddy Bridgewater
2021103110,577,0,WAS,DEN,I,pass_forward,0.3486,0.3083,0.4598,3.1,2.8548,0.1516,Taylor Heinicke
2021103110,653,1,WAS,DEN,C,pass_forward,0.3766,0.4012,0.5002,3.0,2.1728,0.099,Taylor Heinicke
2021103110,719,1,WAS,DEN,C,pass_forward,0.5598,0.5902,0.6618,1.8,4.0067,0.0716,Taylor Heinicke
2021103110,783,1,WAS,DEN,C,pass_forward,0.4075,0.4447,0.4615,3.4,2.5103,0.0168,Taylor Heinicke
2021103110,894,0,WAS,DEN,I,pass_forward,0.2017,0.2606,0.298,2.7,2.247,0.0374,Taylor Heinicke
2021103110,957,1,DEN,WAS,C,pass_forward,0.5998,0.6368,0.719,1.7,2.9247,0.0822,Teddy Bridgewater
2021103110,986,1,DEN,WAS,C,pass_forward,0.4792,0.4046,0.5456,3.1,2.1652,0.1411,Teddy Bridgewater
2021103110,1111,1,WAS,DEN,C,pass_forward,0.3215,0.333,0.3441,3.0,2.3063,0.0111,Taylor Heinicke
2021103110,1140,0,WAS,DEN,C,pass_forward,0.328,0.2914,0.3965,2.8,2.5102,0.1051,Taylor Heinicke
2021103110,1227,1,WAS,DEN,C,pass_forward,0.3271,0.3841,0.3691,3.1,4.9431,-0.015,Taylor Heinicke
2021103110,1261,0,WAS,DEN,I,pass_forward,0.2949,0.289,0.3739,2.9,3.4249,0.0849,Taylor Heinicke
2021103110,1316,0,WAS,DEN,S,qb_sack,0.4413,0.443,0.0558,4.3,0.3929,-0.3872,Taylor Heinicke
2021103110,1372,1,DEN,WAS,C,pass_forward,0.3975,0.3875,0.3577,2.5,2.2444,-0.0298,Teddy Bridgewater
2021103110,1459,1,DEN,WAS,C,pass_forward,0.3712,0.3281,0.467,2.6,1.7612,0.1388,Teddy Bridgewater
2021103110,1500,1,DEN,WAS,C,pass_forward,0.2864,0.3645,0.3083,2.8,1.3813,-0.0561,Teddy Bridgewater
2021103110,1524,1,DEN,WAS,C,pass_forward,0.2177,0.2359,0.349,2.7,3.0364,0.113,Teddy Bridgewater
2021103110,1580,0,WAS,DEN,C,pass_forward,0.3083,0.2753,0.2496,2.0,3.4271,-0.0257,Taylor Heinicke
2021103110,1604,1,WAS,DEN,C,pass_forward,0.3694,0.3242,0.3976,2.9,2.6914,0.0734,Taylor Heinicke
2021103110,1645,1,WAS,DEN,C,pass_forward,0.3626,0.2829,0.5013,2.8,3.1381,0.2184,Taylor Heinicke
2021103110,1674,0,WAS,DEN,C,pass_forward,0.327,0.29,0.3202,3.3,2.5183,0.0302,Taylor Heinicke
2021103110,1703,0,WAS,DEN,I,pass_forward,0.581,0.6057,0.3367,4.1,1.7923,-0.2689,Taylor Heinicke
2021103110,1742,0,WAS,DEN,S,qb_sack,0.6445,0.5538,0.0505,3.6,0.5376,-0.5033,Taylor Heinicke
2021103110,1789,0,WAS,DEN,IN,pass_forward,0.2258,0.2299,0.2971,4.6,1.8979,0.0671,Taylor Heinicke
2021103110,1883,0,DEN,WAS,C,pass_forward,0.4157,0.3508,0.2396,3.0,2.4284,-0.1112,Teddy Bridgewater
2021103110,1970,0,DEN,WAS,C,pass_forward,0.2871,0.3582,0.2406,2.8,1.2681,-0.1177,Teddy Bridgewater
2021103110,2082,0,WAS,DEN,C,pass_forward,0.1996,0.2461,0.2063,2.0,3.3972,-0.0398,Taylor Heinicke
2021103110,2106,0,WAS,DEN,S,qb_sack,0.3556,0.4857,0.03,4.5,0.1304,-0.4556,Taylor Heinicke
2021103110,2150,0,DEN,WAS,C,pass_forward,0.3081,0.3897,0.2969,2.2,1.664,-0.0929,Teddy Bridgewater
2021103110,2325,0,WAS,DEN,C,pass_forward,0.2527,0.2837,0.4819,3.8,1.9556,0.1982,Taylor Heinicke
2021103110,2370,1,WAS,DEN,C,pass_forward,0.5304,0.5146,0.4387,2.8,2.0271,-0.0759,Taylor Heinicke
2021103110,2565,0,DEN,WAS,C,pass_forward,0.2202,0.3026,0.3511,2.5,1.7007,0.0485,Teddy Bridgewater
2021103110,2626,0,DEN,WAS,C,pass_forward,0.3317,0.3091,0.2528,2.0,3.1344,-0.0563,Teddy Bridgewater
2021103110,2650,1,DEN,WAS,C,pass_forward,0.4011,0.3888,0.4035,1.8,3.3534,0.0148,Teddy Bridgewater
2021103110,2706,0,DEN,WAS,S,qb_sack,0.4076,0.3266,0.0372,3.5,0.1005,-0.2894,Teddy Bridgewater
2021103110,2729,0,DEN,WAS,I,pass_forward,0.1801,0.095,0.0827,2.0,3.2997,-0.0123,Teddy Bridgewater
2021103110,2751,0,DEN,WAS,I,pass_forward,0.1259,0.1146,0.0208,5.5,0.4534,-0.0938,Teddy Bridgewater
2021103110,2881,0,WAS,DEN,I,pass_forward,0.4937,0.4846,0.5451,2.4,2.5351,0.0605,Taylor Heinicke
2021103110,2927,1,DEN,WAS,C,pass_forward,0.3353,0.2993,0.204,2.2,1.1772,-0.0953,Teddy Bridgewater
2021103110,2954,0,DEN,WAS,S,qb_sack,0.3742,0.3581,0.0403,4.2,0.2377,-0.3178,Teddy Bridgewater
2021103110,2974,0,DEN,WAS,C,pass_forward,0.1721,0.0967,0.111,2.1,3.3326,0.0143,Teddy Bridgewater
2021103110,3017,1,DEN,WAS,C,pass_forward,0.3772,0.3826,0.2846,3.5,1.9658,-0.098,Teddy Bridgewater
2021103110,3083,0,DEN,WAS,C,pass_forward,0.3226,0.2431,0.2632,2.4,2.7746,0.0201,Teddy Bridgewater
2021103110,3112,1,WAS,DEN,C,pass_forward,0.3637,0.2694,0.3003,2.2,2.3167,0.0309,Taylor Heinicke
2021103110,3167,0,WAS,DEN,C,pass_forward,0.3556,0.2491,0.2919,2.7,3.0371,0.0427,Taylor Heinicke
2021103110,3208,0,WAS,DEN,I,pass_forward,0.5616,0.5686,0.556,1.8,2.6544,-0.0125,Taylor Heinicke
2021103110,3230,1,WAS,DEN,C,pass_forward,0.5425,0.4415,0.458,2.4,2.501,0.0165,Taylor Heinicke
2021103110,3280,0,WAS,DEN,I,pass_forward,0.5434,0.4202,0.4364,2.7,2.1124,0.0162,Taylor Heinicke
2021103110,3308,1,WAS,DEN,C,pass_forward,0.5109,0.4953,0.5554,2.7,2.435,0.0601,Taylor Heinicke
2021103110,3332,0,WAS,DEN,C,pass_forward,0.2681,0.2345,0.1724,1.9,4.5986,-0.0621,Taylor Heinicke
2021103110,3397,0,WAS,DEN,S,qb_strip_sack,0.4028,0.3599,0.0853,3.6,0.9749,-0.2746,Taylor Heinicke
2021103110,3443,0,WAS,DEN,IN,pass_forward,0.0773,0.0338,0.071,5.3,1.1469,0.0371,Taylor Heinicke
2021103110,3532,0,DEN,WAS,I,pass_forward,0.5269,0.2961,0.267,3.6,2.11,-0.0291,Teddy Bridgewater
2021103110,3597,0,WAS,DEN,I,pass_forward,0.2305,0.2739,0.1562,2.5,1.0791,-0.1178,Taylor Heinicke
2021103110,3640,0,WAS,DEN,S,qb_sack,0.2923,0.2406,0.0706,5.0,0.0141,-0.17,Taylor Heinicke
2021103110,3727,0,WAS,DEN,I,pass_forward,0.0898,0.2893,0.3842,3.8,1.728,0.095,Taylor Heinicke
2021103111,75,0,TB,NO,C,pass_forward,0.2378,0.2078,0.3337,2.5,2.9631,0.1259,Tom Brady
2021103111,153,0,NO,TB,C,pass_forward,0.3157,0.5193,0.429,2.2,4.1404,-0.0903,Jameis Winston
2021103111,182,0,NO,TB,I,pass_forward,0.5776,0.6252,0.6256,2.1,3.3506,0.0004,Jameis Winston
2021103111,231,1,NO,TB,R,run,0.3523,0.4746,0.4643,4.4,1.8732,-0.0102,Jameis Winston
2021103111,286,0,NO,TB,C,pass_forward,0.2978,0.3311,0.3396,1.6,2.2606,0.0085,Jameis Winston
2021103111,310,0,NO,TB,C,pass_forward,0.3867,0.3287,0.4333,1.7,2.6703,0.1046,Jameis Winston
2021103111,408,1,TB,NO,C,pass_forward,0.4301,0.524,0.5704,2.6,3.483,0.0464,Tom Brady
2021103111,500,0,TB,NO,I,pass_forward,0.3581,0.3983,0.3747,1.8,4.2986,-0.0236,Tom Brady
2021103111,522,1,TB,NO,C,pass_forward,0.356,0.3998,0.4196,2.4,2.5224,0.0198,Tom Brady
2021103111,588,0,NO,TB,I,pass_forward,0.3831,0.3895,0.189,2.6,2.2521,-0.2005,Jameis Winston
2021103111,715,1,NO,TB,R,run,0.453,0.4779,0.2508,5.2,1.9796,-0.2271,Jameis Winston
2021103111,768,1,NO,TB,R,run,0.4256,0.4754,0.5167,3.3,1.112,0.0413,Jameis Winston
2021103111,789,0,NO,TB,I,pass_forward,0.2604,0.2535,0.2544,2.2,4.3041,0.001,Jameis Winston
2021103111,834,1,NO,TB,C,pass_forward,0.359,0.3226,0.4349,2.3,3.6543,0.1123,Jameis Winston
2021103111,1039,1,TB,NO,C,pass_forward,0.4497,0.5692,0.4968,2.7,2.9449,-0.0724,Tom Brady
2021103111,1063,0,TB,NO,I,pass_forward,0.406,0.3193,0.5041,3.1,2.3427,0.1848,Tom Brady
2021103111,1089,0,TB,NO,C,pass_forward,0.3332,0.2425,0.252,1.8,3.8227,0.0095,Tom Brady
2021103111,1113,0,TB,NO,I,pass_forward,0.4196,0.4738,0.4618,3.0,2.4919,-0.012,Tom Brady
2021103111,1185,0,NO,TB,R,run,0.4303,0.4643,0.2741,6.8,1.2015,-0.1901,Jameis Winston
2021103111,1220,0,NO,TB,I,pass_forward,0.3684,0.3974,0.3177,3.5,1.9946,-0.0797,Trevor Siemian
2021103111,1248,0,NO,TB,C,pass_forward,0.3109,0.2933,0.3446,2.2,3.5078,0.0513,Trevor Siemian
2021103111,1293,0,NO,TB,I,pass_forward,0.4021,0.3585,0.4696,2.1,3.4535,0.1111,Trevor Siemian
2021103111,1372,1,TB,NO,C,pass_forward,0.3886,0.4741,0.4974,2.2,2.7997,0.0233,Tom Brady
2021103111,1426,0,TB,NO,I,pass_forward,0.2127,0.2221,0.237,4.0,2.0045,0.0148,Tom Brady
2021103111,1448,1,TB,NO,C,pass_forward,0.214,0.2831,0.3597,3.3,2.9724,0.0766,Tom Brady
2021103111,1477,0,TB,NO,C,pass_forward,0.4369,0.3649,0.5243,2.7,2.069,0.1593,Tom Brady
2021103111,1530,0,TB,NO,S,qb_strip_sack,0.3553,0.4137,0.1401,3.3,0.9974,-0.2736,Tom Brady
2021103111,1591,1,NO,TB,C,pass_forward,0.1939,0.1657,0.205,2.4,4.0862,0.0393,Trevor Siemian
2021103111,1615,1,NO,TB,C,pass_forward,0.369,0.3628,0.2565,5.5,2.4348,-0.1064,Trevor Siemian
2021103111,1643,0,NO,TB,I,pass_forward,0.3754,0.3083,0.3399,2.3,3.0728,0.0316,Trevor Siemian
2021103111,1669,1,NO,TB,C,pass_forward,0.2317,0.3358,0.2505,2.5,2.1828,-0.0853,Trevor Siemian
2021103111,1833,0,NO,TB,I,pass_forward,0.5459,0.442,0.2512,3.0,2.4325,-0.1908,Trevor Siemian
2021103111,1955,0,TB,NO,IN,pass_forward,0.2948,0.2691,0.3135,2.9,2.9026,0.0443,Tom Brady
2021103111,2002,1,NO,TB,C,pass_forward,0.2893,0.3151,0.2384,1.8,4.0275,-0.0767,Trevor Siemian
2021103111,2098,1,NO,TB,C,pass_forward,0.4446,0.6721,0.5238,2.1,2.2108,-0.1483,Trevor Siemian
2021103111,2222,1,NO,TB,C,pass_forward,0.2984,0.4175,0.3085,2.1,3.8752,-0.1089,Trevor Siemian
2021103111,2267,0,NO,TB,R,run,0.3365,0.3619,0.1568,3.3,1.2161,-0.205,Trevor Siemian
2021103111,2318,1,NO,TB,C,pass_forward,0.5207,0.4769,0.4213,2.4,2.095,-0.0556,Trevor Siemian
2021103111,2367,0,NO,TB,I,pass_forward,0.358,0.4711,0.437,2.8,2.0523,-0.0341,Trevor Siemian
2021103111,2527,0,TB,NO,I,pass_forward,0.2773,0.3033,0.3351,2.9,4.5834,0.0318,Tom Brady
2021103111,2554,0,TB,NO,C,pass_forward,0.2817,0.2796,0.3128,2.1,4.6203,0.0333,Tom Brady
2021103111,2603,0,TB,NO,C,pass_forward,0.2344,0.2192,0.2146,2.1,3.4458,-0.0046,Tom Brady
2021103111,2632,1,TB,NO,C,pass_forward,0.5933,0.4759,0.6817,2.4,3.6501,0.2058,Tom Brady
2021103111,2664,0,TB,NO,I,pass_forward,0.313,0.249,0.3595,3.6,3.8585,0.1105,Tom Brady
2021103111,2717,0,TB,NO,C,pass_forward,0.3177,0.2553,0.338,3.0,2.3489,0.0827,Tom Brady
2021103111,2807,1,TB,NO,C,pass_forward,0.6998,0.6147,0.6541,1.8,4.517,0.0394,Tom Brady
2021103111,2909,0,NO,TB,S,qb_sack,0.3435,0.4411,0.0277,4.6,0.1503,-0.4133,Trevor Siemian
2021103111,3019,1,TB,NO,C,pass_forward,0.4575,0.4236,0.4536,1.9,4.4815,0.03,Tom Brady
2021103111,3098,0,TB,NO,C,pass_forward,0.3487,0.3972,0.333,1.2,4.5819,-0.0641,Tom Brady
2021103111,3123,1,TB,NO,C,pass_forward,0.5082,0.6067,0.5365,3.5,3.848,-0.0702,Tom Brady
2021103111,3198,0,NO,TB,I,pass_forward,0.3809,0.3577,0.3777,2.5,5.3227,0.0201,Trevor Siemian
2021103111,3246,0,NO,TB,I,pass_forward,0.4978,0.5091,0.2865,5.7,2.0305,-0.2226,Trevor Siemian
2021103111,3429,0,TB,NO,C,pass_forward,0.0826,0.0745,0.0548,2.4,3.1976,-0.0196,Tom Brady
2021103111,3629,1,NO,TB,C,pass_forward,0.44,0.3372,0.2827,2.8,2.2048,-0.0545,Trevor Siemian
2021103111,3660,0,NO,TB,I,pass_forward,0.3182,0.2919,0.347,2.5,2.6988,0.0551,Trevor Siemian
2021103111,3713,0,NO,TB,I,pass_forward,0.4275,0.4377,0.5948,3.2,2.8212,0.157,Trevor Siemian
2021103111,3777,0,TB,NO,C,pass_forward,0.2789,0.2807,0.3943,3.4,2.66,0.1136,Tom Brady
2021103111,3801,1,TB,NO,C,pass_forward,0.397,0.3873,0.4154,1.7,4.4267,0.0282,Tom Brady
2021103111,3854,1,TB,NO,C,pass_forward,0.4393,0.4433,0.5931,2.9,3.6759,0.1498,Tom Brady
2021103111,3882,1,TB,NO,C,pass_forward,0.2859,0.1837,0.4059,2.9,1.758,0.2222,Tom Brady
2021103111,3967,0,NO,TB,C,pass_forward,0.3937,0.3791,0.5793,2.7,4.1228,0.2002,Trevor Siemian
2021103111,3991,1,NO,TB,C,pass_forward,0.5068,0.5825,0.6923,2.0,3.9039,0.1098,Trevor Siemian
2021103111,4178,1,NO,TB,C,pass_forward,0.6137,0.5383,0.6339,3.2,2.0471,0.0956,Trevor Siemian
2021103111,4228,0,NO,TB,I,pass_forward,0.3215,0.3562,0.3028,1.9,3.7499,-0.0534,Trevor Siemian
2021103111,4251,0,NO,TB,I,pass_forward,0.2841,0.3139,0.2145,2.0,3.2971,-0.0994,Trevor Siemian
2021103111,4273,0,NO,TB,C,pass_forward,0.2824,0.3052,0.3533,2.5,1.9232,0.0481,Trevor Siemian
2021103111,4342,0,TB,NO,I,pass_forward,0.2718,0.4118,0.2935,2.9,2.5544,-0.1183,Tom Brady
2021103111,4364,0,TB,NO,IN,pass_forward,0.2722,0.2645,0.3421,3.1,4.2239,0.0776,Tom Brady
2021103111,4429,0,TB,NO,S,qb_sack,0.3527,0.3113,0.0147,4.5,0.3023,-0.2966,Tom Brady
2021103111,4465,0,TB,NO,C,pass_forward,0.1263,0.0515,0.0557,2.9,2.6246,0.0042,Tom Brady
2021103111,4489,0,TB,NO,I,pass_forward,0.4784,0.3824,0.5402,4.0,1.6286,0.1578,Tom Brady
2021103111,4515,0,TB,NO,S,qb_sack,0.4728,0.3674,0.4009,4.3,0.204,0.0335,Tom Brady
2021103112,55,0,MIN,DAL,R,run,0.3051,0.3446,0.2881,4.8,1.8885,-0.0565,Kirk Cousins
2021103112,97,1,MIN,DAL,C,pass_forward,0.5194,0.5009,0.4369,2.4,2.2621,-0.064,Kirk Cousins
2021103112,238,1,MIN,DAL,C,pass_forward,0.1784,0.2407,0.2437,2.8,3.4986,0.0031,Kirk Cousins
2021103112,315,1,DAL,MIN,C,pass_forward,0.497,0.5724,0.6221,1.9,4.3885,0.0497,Cooper Rush
2021103112,465,1,DAL,MIN,C,pass_forward,0.4028,0.4931,0.572,2.7,2.3018,0.079,Cooper Rush
2021103112,516,0,DAL,MIN,I,pass_forward,0.1653,0.0951,0.1364,2.1,3.2443,0.0413,Cooper Rush
2021103112,538,0,DAL,MIN,C,pass_forward,0.2097,0.1348,0.129,1.8,3.1624,-0.0057,Cooper Rush
2021103112,562,0,DAL,MIN,S,qb_sack,0.4127,0.5021,0.0279,3.9,0.2941,-0.4742,Cooper Rush
2021103112,646,0,MIN,DAL,I,pass_forward,0.5045,0.3923,0.4949,3.5,2.3843,0.1026,Kirk Cousins
2021103112,685,0,MIN,DAL,I,pass_forward,0.4223,0.489,0.5643,3.9,1.2819,0.0753,Kirk Cousins
2021103112,788,1,DAL,MIN,C,pass_forward,0.3716,0.2874,0.2659,3.2,3.4336,-0.0215,Cooper Rush
2021103112,821,0,DAL,MIN,R,run,0.2786,0.3135,0.2741,3.9,2.6912,-0.0394,Cooper Rush
2021103112,939,0,DAL,MIN,IN,pass_forward,0.3604,0.4804,0.5388,2.6,3.1313,0.0584,Cooper Rush
2021103112,1021,0,MIN,DAL,C,pass_forward,0.3431,0.2625,0.4085,3.2,1.8829,0.146,Kirk Cousins
2021103112,1045,0,MIN,DAL,I,pass_forward,0.4142,0.4899,0.4008,2.5,1.5099,-0.0891,Kirk Cousins
2021103112,1113,1,DAL,MIN,C,pass_forward,0.3481,0.3323,0.1546,3.1,0.9552,-0.1777,Cooper Rush
2021103112,1228,0,DAL,MIN,C,pass_forward,0.3286,0.3502,0.3276,2.0,2.7496,-0.0225,Cooper Rush
2021103112,1253,1,DAL,MIN,C,pass_forward,0.5649,0.5695,0.5727,3.0,2.0383,0.0032,Cooper Rush
2021103112,1298,0,DAL,MIN,I,pass_forward,0.4134,0.474,0.4496,3.0,2.37,-0.0244,Cooper Rush
2021103112,1320,0,DAL,MIN,I,pass_forward,0.4249,0.4393,0.4263,2.1,2.4601,-0.013,Cooper Rush
2021103112,1418,0,MIN,DAL,I,pass_forward,0.5159,0.6079,0.6102,1.9,3.0548,0.0023,Kirk Cousins
2021103112,1469,0,MIN,DAL,C,pass_forward,0.5151,0.3367,0.4172,3.5,1.9284,0.0805,Kirk Cousins
2021103112,1535,1,MIN,DAL,C,pass_forward,0.7697,0.5467,0.5804,3.8,1.7565,0.0337,Kirk Cousins
2021103112,1602,0,MIN,DAL,C,pass_forward,0.2568,0.2951,0.2537,2.4,2.3436,-0.0414,Kirk Cousins
2021103112,1695,0,DAL,MIN,C,pass_forward,0.2649,0.254,0.1686,2.7,1.2521,-0.0854,Cooper Rush
2021103112,1719,1,DAL,MIN,C,pass_forward,0.4717,0.4034,0.4742,2.2,2.4075,0.0708,Cooper Rush
2021103112,1743,0,DAL,MIN,I,pass_forward,0.2868,0.3477,0.2943,2.6,1.4727,-0.0534,Cooper Rush
2021103112,1809,0,DAL,MIN,I,pass_forward,0.3164,0.3035,0.1364,2.8,1.0161,-0.1671,Cooper Rush
2021103112,1831,0,DAL,MIN,I,pass_forward,0.3724,0.3892,0.4187,2.8,2.0605,0.0296,Cooper Rush
2021103112,1901,0,MIN,DAL,C,pass_forward,0.3548,0.2789,0.408,3.3,3.3502,0.129,Kirk Cousins
2021103112,1931,1,MIN,DAL,R,run,0.6013,0.5868,0.6009,4.1,2.1221,0.0141,Kirk Cousins
2021103112,1952,0,MIN,DAL,I,pass_forward,0.3087,0.2178,0.2366,2.1,3.6707,0.0187,Kirk Cousins
2021103112,2050,0,DAL,MIN,I,pass_forward,0.3874,0.4094,0.3405,2.4,2.5523,-0.0689,Cooper Rush
2021103112,2072,1,DAL,MIN,C,pass_forward,0.3909,0.3685,0.4913,3.0,1.7978,0.1228,Cooper Rush
2021103112,2270,0,MIN,DAL,S,qb_strip_sack,0.4769,0.4703,0.0219,3.4,0.4104,-0.4484,Kirk Cousins
2021103112,2352,0,DAL,MIN,I,pass_forward,0.2618,0.3624,0.3565,3.6,2.0239,-0.0059,Cooper Rush
2021103112,2374,0,DAL,MIN,S,qb_sack,0.3966,0.4646,0.0401,6.5,0.3225,-0.4245,Cooper Rush
2021103112,2423,1,MIN,DAL,C,pass_forward,0.368,0.363,0.5082,3.5,2.5801,0.1452,Kirk Cousins
2021103112,2473,1,MIN,DAL,C,pass_forward,0.5184,0.4644,0.5814,3.1,2.6516,0.117,Kirk Cousins
2021103112,2523,0,MIN,DAL,I,pass_forward,0.2079,0.2031,0.1158,2.6,0.7218,-0.0873,Kirk Cousins
2021103112,2545,0,MIN,DAL,C,pass_forward,0.2161,0.1913,0.2269,2.5,2.2959,0.0356,Kirk Cousins
2021103112,2631,1,DAL,MIN,C,pass_forward,0.3689,0.4538,0.5499,2.1,4.0959,0.0961,Cooper Rush
2021103112,2660,0,DAL,MIN,I,pass_forward,0.4078,0.3999,0.1962,3.8,1.344,-0.2037,Cooper Rush
2021103112,2722,0,DAL,MIN,C,pass_forward,0.4019,0.4968,0.36,1.6,2.9537,-0.1368,Cooper Rush
2021103112,2789,0,MIN,DAL,C,pass_forward,0.634,0.6446,0.7449,3.3,1.9962,0.1002,Kirk Cousins
2021103112,2813,0,MIN,DAL,I,pass_forward,0.4616,0.4362,0.3606,4.0,1.821,-0.0756,Kirk Cousins
2021103112,2938,0,DAL,MIN,C,pass_forward,0.3244,0.2935,0.1857,1.8,3.5576,-0.1078,Cooper Rush
2021103112,2968,0,DAL,MIN,I,pass_forward,0.3554,0.4115,0.3831,2.2,2.4862,-0.0284,Cooper Rush
2021103112,3024,0,MIN,DAL,C,pass_forward,0.5141,0.3677,0.2411,2.8,1.9242,-0.1266,Kirk Cousins
2021103112,3091,0,MIN,DAL,C,pass_forward,0.379,0.4984,0.3788,3.4,3.2715,-0.1196,Kirk Cousins
2021103112,3145,1,DAL,MIN,C,pass_forward,0.3552,0.3202,0.461,3.4,2.4892,0.1408,Cooper Rush
2021103112,3169,1,DAL,MIN,C,pass_forward,0.331,0.2388,0.3951,3.0,2.4367,0.1563,Cooper Rush
2021103112,3193,0,DAL,MIN,I,pass_forward,0.3165,0.3662,0.4539,3.6,4.0978,0.0877,Cooper Rush
2021103112,3280,1,DAL,MIN,C,pass_forward,0.158,0.1675,0.2044,3.2,1.7881,0.037,Cooper Rush
2021103112,3325,0,DAL,MIN,S,qb_strip_sack,0.4118,0.4182,0.0276,2.9,0.5412,-0.3906,Cooper Rush
2021103112,3363,0,MIN,DAL,I,pass_forward,0.4375,0.4463,0.088,3.6,1.0765,-0.3583,Kirk Cousins
2021103112,3396,0,MIN,DAL,I,pass_forward,0.0477,0.1128,0.0828,2.5,1.5952,-0.0301,Kirk Cousins
2021103112,3507,0,DAL,MIN,I,pass_forward,0.3236,0.2521,0.377,2.6,2.6284,0.1249,Cooper Rush
2021103112,3529,0,DAL,MIN,I,pass_forward,0.3236,0.2822,0.2686,2.4,2.3315,-0.0136,Cooper Rush
2021103112,3624,0,MIN,DAL,C,pass_forward,0.459,0.2157,0.2267,3.4,2.1593,0.011,Kirk Cousins
2021103112,3785,0,MIN,DAL,C,pass_forward,0.416,0.4617,0.3744,2.6,2.1431,-0.0874,Kirk Cousins
2021103112,3814,0,MIN,DAL,C,pass_forward,0.1898,0.2242,0.0647,5.2,0.6607,-0.1595,Kirk Cousins
2021103112,3878,0,DAL,MIN,I,pass_forward,0.3466,0.2628,0.3017,2.3,2.3181,0.0388,Cooper Rush
2021103112,3906,1,DAL,MIN,C,pass_forward,0.4027,0.3053,0.3618,2.6,2.6829,0.0564,Cooper Rush
2021103112,3930,1,DAL,MIN,C,pass_forward,0.3414,0.243,0.3534,2.1,2.3244,0.1104,Cooper Rush
2021103112,3964,0,DAL,MIN,I,pass_forward,0.2643,0.2665,0.3176,3.0,2.5333,0.051,Cooper Rush
2021103112,4048,0,DAL,MIN,C,pass_forward,0.2258,0.1701,0.1538,2.5,2.464,-0.0163,Cooper Rush
2021103112,4109,0,DAL,MIN,C,pass_forward,0.2116,0.1506,0.1955,2.9,2.0093,0.0449,Cooper Rush
2021103112,4167,1,DAL,MIN,C,pass_forward,0.2286,0.2303,0.2194,2.5,1.8307,-0.0109,Cooper Rush
2021103112,4288,1,MIN,DAL,C,pass_forward,0.3184,0.3723,0.3202,3.0,1.5421,-0.0521,Kirk Cousins
2021103112,4317,0,MIN,DAL,I,pass_forward,0.4516,0.2908,0.1834,3.3,1.171,-0.1073,Kirk Cousins
2021103112,4362,0,MIN,DAL,C,pass_forward,0.2646,0.1239,0.1262,2.8,1.7337,0.0023,Kirk Cousins
2021103112,4409,0,MIN,DAL,C,pass_forward,0.462,0.3182,0.0424,3.5,0.6705,-0.2758,Kirk Cousins
2021103112,4434,0,MIN,DAL,I,pass_forward,0.5174,0.4658,0.1173,5.1,1.0028,-0.3485,Kirk Cousins
2021110100,79,0,KC,NYG,C,pass_forward,0.3483,0.2761,0.3114,2.8,4.7874,0.0353,Patrick Mahomes
2021110100,159,1,KC,NYG,C,pass_forward,0.3461,0.3888,0.3606,1.5,4.0697,-0.0283,Patrick Mahomes
2021110100,183,0,KC,NYG,C,pass_forward,0.3452,0.3763,0.5606,3.5,2.247,0.1843,Patrick Mahomes
2021110100,241,1,KC,NYG,C,pass_forward,0.5232,0.5561,0.6573,1.7,5.7111,0.1012,Patrick Mahomes
2021110100,265,0,KC,NYG,R,run,0.2615,0.1872,0.2686,3.4,2.7351,0.0814,Patrick Mahomes
2021110100,393,0,KC,NYG,IN,pass_forward,0.4171,0.2524,0.2614,6.0,2.8066,0.009,Patrick Mahomes
2021110100,441,0,NYG,KC,IN,pass_forward,0.3628,0.3077,0.2755,1.9,3.5037,-0.0322,Daniel Jones
2021110100,531,1,KC,NYG,C,pass_forward,0.3787,0.3357,0.2974,5.4,1.0288,-0.0383,Patrick Mahomes
2021110100,587,0,NYG,KC,I,pass_forward,0.2831,0.2379,0.466,3.0,2.7461,0.2281,Daniel Jones
2021110100,724,1,KC,NYG,C,pass_forward,0.2976,0.5252,0.5118,1.8,5.639,-0.0134,Patrick Mahomes
2021110100,753,0,KC,NYG,I,pass_forward,0.307,0.3002,0.277,6.0,2.7646,-0.0233,Patrick Mahomes
2021110100,775,0,KC,NYG,I,pass_forward,0.2112,0.3042,0.3534,3.1,2.4958,0.0492,Patrick Mahomes
2021110100,797,0,KC,NYG,I,pass_forward,0.2712,0.4193,0.5576,3.9,3.2619,0.1383,Patrick Mahomes
2021110100,847,0,NYG,KC,R,run,0.2341,0.5652,0.5024,4.4,2.2677,-0.0628,Daniel Jones
2021110100,917,1,NYG,KC,C,pass_forward,0.2954,0.3746,0.436,4.0,2.4751,0.0614,Daniel Jones
2021110100,1037,0,NYG,KC,I,pass_forward,0.412,0.5813,0.5332,2.3,3.1728,-0.0481,Daniel Jones
2021110100,1083,1,NYG,KC,C,pass_forward,0.4912,0.7958,0.6253,2.6,1.8118,-0.1704,Daniel Jones
2021110100,1160,0,KC,NYG,I,pass_forward,0.3784,0.3447,0.4208,2.5,2.3259,0.0761,Patrick Mahomes
2021110100,1182,0,KC,NYG,I,pass_forward,0.3529,0.3251,0.027,7.5,0.3008,-0.2981,Patrick Mahomes
2021110100,1267,0,NYG,KC,I,pass_forward,0.4222,0.5151,0.286,2.3,1.4624,-0.229,Daniel Jones
2021110100,1301,0,NYG,KC,I,pass_forward,0.4292,0.422,0.327,2.2,2.103,-0.0951,Daniel Jones
2021110100,1351,0,KC,NYG,C,pass_forward,0.3297,0.272,0.2279,3.8,1.24,-0.0442,Patrick Mahomes
2021110100,1396,1,KC,NYG,C,pass_forward,0.3149,0.2726,0.4869,4.1,4.8172,0.2143,Patrick Mahomes
2021110100,1458,0,KC,NYG,I,pass_forward,0.5041,0.4837,0.6195,2.4,4.4753,0.1357,Patrick Mahomes
2021110100,1480,1,KC,NYG,C,pass_forward,0.4786,0.5518,0.6168,1.9,4.7179,0.065,Patrick Mahomes
2021110100,1664,1,NYG,KC,C,pass_forward,0.2568,0.4094,0.5452,2.5,2.6583,0.1358,Daniel Jones
2021110100,1736,1,NYG,KC,C,pass_forward,0.368,0.3283,0.1303,3.9,1.3051,-0.1981,Daniel Jones
2021110100,1833,0,NYG,KC,C,pass_forward,0.5035,0.4921,0.5434,2.0,5.1527,0.0513,Daniel Jones
2021110100,1896,1,KC,NYG,C,pass_forward,0.3344,0.2384,0.4753,3.7,1.8741,0.2369,Patrick Mahomes
2021110100,1920,0,KC,NYG,I,pass_forward,0.3072,0.296,0.3793,2.8,3.4408,0.0833,Patrick Mahomes
2021110100,1942,0,KC,NYG,I,pass_forward,0.2797,0.2941,0.3632,2.9,2.7259,0.0691,Patrick Mahomes
2021110100,2032,0,KC,NYG,I,pass_forward,0.1533,0.0924,0.0743,7.2,1.5455,-0.0181,Patrick Mahomes
2021110100,2096,0,NYG,KC,C,pass_forward,0.2724,0.3918,0.2908,1.8,3.0351,-0.1009,Daniel Jones
2021110100,2120,0,NYG,KC,C,pass_forward,0.4939,0.4467,0.4728,3.1,1.161,0.0262,Daniel Jones
2021110100,2569,0,KC,NYG,C,pass_forward,0.2214,0.2206,0.2195,1.7,5.046,-0.0011,Patrick Mahomes
2021110100,2593,0,KC,NYG,I,pass_forward,0.3603,0.2941,0.422,3.0,3.253,0.128,Patrick Mahomes
2021110100,2643,1,NYG,KC,C,pass_forward,0.2971,0.3525,0.5243,3.2,2.3542,0.1717,Daniel Jones
2021110100,2688,0,NYG,KC,C,pass_forward,0.5126,0.5721,0.5875,2.0,3.5112,0.0154,Daniel Jones
2021110100,2712,0,NYG,KC,I,pass_forward,0.6168,0.5898,0.5489,2.0,3.157,-0.0409,Daniel Jones
2021110100,2761,0,KC,NYG,I,pass_forward,0.3222,0.3915,0.387,3.9,2.9339,-0.0045,Patrick Mahomes
2021110100,2783,1,KC,NYG,C,pass_forward,0.3932,0.327,0.3907,2.0,4.0115,0.0637,Patrick Mahomes
2021110100,2881,1,KC,NYG,C,pass_forward,0.3426,0.3331,0.5021,3.1,3.2474,0.169,Patrick Mahomes
2021110100,2954,0,KC,NYG,I,pass_forward,0.0525,0.2583,0.294,5.3,2.5263,0.0357,Patrick Mahomes
2021110100,2976,0,KC,NYG,C,pass_forward,0.0525,0.1818,0.1237,2.2,4.1173,-0.0581,Patrick Mahomes
2021110100,3016,0,NYG,KC,R,run,0.3501,0.3627,0.342,4.5,1.1461,-0.0207,Daniel Jones
2021110100,3089,0,NYG,KC,C,pass_forward,0.3357,0.3883,0.369,3.0,3.8213,-0.0193,Daniel Jones
2021110100,3150,1,NYG,KC,C,pass_forward,0.33,0.3465,0.1067,2.6,0.9625,-0.2398,Daniel Jones
2021110100,3195,0,NYG,KC,C,pass_forward,0.2996,0.2556,0.1861,1.8,4.1113,-0.0695,Daniel Jones
2021110100,3260,1,NYG,KC,C,pass_forward,0.5094,0.4838,0.4722,1.9,2.4026,-0.0116,Daniel Jones
2021110100,3362,0,KC,NYG,C,pass_forward,0.1732,0.1005,0.1492,2.7,3.2662,0.0487,Patrick Mahomes
2021110100,3392,1,KC,NYG,C,pass_forward,0.4673,0.4001,0.5002,2.7,1.9942,0.1001,Patrick Mahomes
2021110100,3421,1,KC,NYG,C,pass_forward,0.4584,0.299,0.2705,3.3,2.3838,-0.0285,Patrick Mahomes
2021110100,3471,1,KC,NYG,R,run,0.5264,0.5305,0.4992,6.9,2.2527,-0.0313,Patrick Mahomes
2021110100,3529,0,KC,NYG,I,pass_forward,0.3497,0.2515,0.4414,3.1,4.1529,0.19,Patrick Mahomes
2021110100,3572,1,KC,NYG,C,pass_forward,0.2512,0.1692,0.2185,3.2,1.8189,0.0492,Patrick Mahomes
2021110100,3617,0,KC,NYG,I,pass_forward,0.3017,0.2753,0.3017,5.2,1.4909,0.0264,Patrick Mahomes
2021110100,3674,0,KC,NYG,S,qb_strip_sack,0.3294,0.2536,0.0147,4.8,0.3712,-0.2389,Patrick Mahomes
2021110100,3796,1,NYG,KC,C,pass_forward,0.7178,0.6034,0.7191,2.0,2.3496,0.1158,Daniel Jones
2021110100,3831,0,NYG,KC,C,pass_forward,0.3154,0.2974,0.2302,2.8,3.3274,-0.0672,Daniel Jones
2021110100,3909,0,NYG,KC,C,pass_forward,0.3741,0.2831,0.3825,3.7,2.5613,0.0994,Daniel Jones
2021110100,3955,0,NYG,KC,I,pass_forward,0.5479,0.52,0.3596,3.9,1.7156,-0.1604,Daniel Jones
2021110100,4049,0,KC,NYG,I,pass_forward,0.0941,0.072,0.0521,3.7,1.3393,-0.0198,Patrick Mahomes
2021110100,4113,0,KC,NYG,C,pass_forward,0.1621,0.0726,0.1171,2.6,3.8072,0.0445,Patrick Mahomes
2021110100,4310,0,KC,NYG,S,qb_sack,0.2331,0.2491,0.0236,4.8,3.142,-0.2255,Patrick Mahomes
2021110100,4363,0,NYG,KC,C,pass_forward,0.3001,0.3122,0.3662,3.7,2.1347,0.054,Daniel Jones
2021110100,4392,0,NYG,KC,S,qb_sack,0.4468,0.3708,0.4537,4.1,0.9717,0.0828,Daniel Jones
2021110100,4411,0,NYG,KC,I,pass_forward,0.2407,0.1426,0.1162,2.6,1.5308,-0.0263,Daniel Jones
2021110100,4433,0,NYG,KC,S,qb_strip_sack,0.2577,0.1613,0.0545,4.6,0.5859,-0.1067,Daniel Jones
